/home/licho/workspace/RoboTwin/envs/curobo/src/curobo/opt/opt_base.py:298: UserWarning: Sparse invariant checks are implicitly disabled. Memory errors (e.g. SEGFAULT) will occur when operating on a sparse tensor which violates the invariants, but checks incur performance overhead. To silence this warning, explicitly opt in or out. See `torch.sparse.check_sparse_tensor_invariants.__doc__` for guidance.  (Triggered internally at /pytorch/aten/src/ATen/Context.cpp:760.)
  self.problem_kernel_ = torch.sparse_coo_tensor(
[2026-10-09 13:09:59.887] [svulkan2] [error] OIDN Error: unsupported device type: CUDA
[2026-10-09 13:09:59.897] [svulkan2] [error] OIDN Error: invalid handle
[2026-10-09 13:09:59.907] [svulkan2] [error] OIDN Error: invalid handle
[2026-10-09 13:09:59.929] [svulkan2] [error] OIDN Error: invalid handle
[2026-10-09 13:10:13.666] [svulkan2] [error] OIDN Error: invalid handle
[2026-10-09 13:10:13.666] [svulkan2] [error] OIDN Error: invalid handle
[2026-10-09 13:10:13.666] [svulkan2] [error] OIDN Error: invalid handle
[2026-10-09 13:10:13.666] [svulkan2] [error] OIDN Error: invalid handle
[2026-10-09 13:10:13.712] [svulkan2] [error] OIDN Error: invalid handle
[2026-10-09 13:10:13.712] [svulkan2] [error] OIDN Error: invalid handle
[2026-10-09 13:10:13.712] [svulkan2] [error] OIDN Error: invalid handle
[2026-10-09 13:10:13.712] [svulkan2] [error] OIDN Error: invalid handle
[2026-10-09 13:10:13.755] [svulkan2] [error] OIDN Error: invalid handle
[2026-10-09 13:10:13.756] [svulkan2] [error] OIDN Error: invalid handle
[2026-10-09 13:10:13.756] [svulkan2] [error] OIDN Error: invalid handle
[2026-10-09 13:10:13.756] [svulkan2] [error] OIDN Error: invalid handle
[2026-10-09 13:10:13.798] [svulkan2] [error] OIDN Error: invalid handle
[2026-10-09 13:10:13.798] [svulkan2] [error] OIDN Error: invalid handle
[2026-10-09 13:10:13.798] [svulkan2] [error] OIDN Error: invalid handle
[2026-10-09 13:10:13.798] [svulkan2] [error] OIDN Error: invalid handle
[2026-10-09 13:10:13.843] [svulkan2] [error] OIDN Error: invalid handle
[2026-10-09 13:10:13.843] [svulkan2] [error] OIDN Error: invalid handle
[2026-10-09 13:10:13.843] [svulkan2] [error] OIDN Error: invalid handle
[2026-10-09 13:10:13.843] [svulkan2] [error] OIDN Error: invalid handle
[2026-10-09 13:10:13.886] [svulkan2] [error] OIDN Error: invalid handle
[2026-10-09 13:10:13.886] [svulkan2] [error] OIDN Error: invalid handle
[2026-10-09 13:10:13.886] [svulkan2] [error] OIDN Error: invalid handle
[2026-10-09 13:10:13.887] [svulkan2] [error] OIDN Error: invalid handle
[2026-10-09 13:10:13.930] [svulkan2] [error] OIDN Error: invalid handle
[2026-10-09 13:10:13.930] [svulkan2] [error] OIDN Error: invalid handle
[2026-10-09 13:10:13.930] [svulkan2] [error] OIDN Error: invalid handle
[2026-10-09 13:10:13.930] [svulkan2] [error] OIDN Error: invalid handle
[2026-10-09 13:10:13.974] [svulkan2] [error] OIDN Error: invalid handle
[2026-10-09 13:10:13.974] [svulkan2] [error] OIDN Error: invalid handle
[2026-10-09 13:10:13.974] [svulkan2] [error] OIDN Error: invalid handle
[2026-10-09 13:10:13.974] [svulkan2] [error] OIDN Error: invalid handle
[2026-10-09 13:10:14.018] [svulkan2] [error] OIDN Error: invalid handle
[2026-10-09 13:10:14.018] [svulkan2] [error] OIDN Error: invalid handle
[2026-10-09 13:10:14.018] [svulkan2] [error] OIDN Error: invalid handle
[2026-10-09 13:10:14.018] [svulkan2] [error] OIDN Error: invalid handle
[2026-10-09 13:10:14.062] [svulkan2] [error] OIDN Error: invalid handle
[2026-10-09 13:10:14.062] [svulkan2] [error] OIDN Error: invalid handle
[2026-10-09 13:10:14.062] [svulkan2] [error] OIDN Error: invalid handle
[2026-10-09 13:10:14.062] [svulkan2] [error] OIDN Error: invalid handle
[2026-10-09 13:10:14.106] [svulkan2] [error] OIDN Error: invalid handle
[2026-10-09 13:10:14.106] [svulkan2] [error] OIDN Error: invalid handle
[2026-10-09 13:10:14.106] [svulkan2] [error] OIDN Error: invalid handle
[2026-10-09 13:10:14.106] [svulkan2] [error] OIDN Error: invalid handle
[2026-10-09 13:10:14.150] [svulkan2] [error] OIDN Error: invalid handle
[2026-10-09 13:10:14.150] [svulkan2] [error] OIDN Error: invalid handle
[2026-10-09 13:10:14.150] [svulkan2] [error] OIDN Error: invalid handle
[2026-10-09 13:10:14.150] [svulkan2] [error] OIDN Error: invalid handle
[2026-10-09 13:10:14.195] [svulkan2] [error] OIDN Error: invalid handle
[2026-10-09 13:10:14.195] [svulkan2] [error] OIDN Error: invalid handle
[2026-10-09 13:10:14.195] [svulkan2] [error] OIDN Error: invalid handle
[2026-10-09 13:10:14.195] [svulkan2] [error] OIDN Error: invalid handle
[2026-10-09 13:10:14.238] [svulkan2] [error] OIDN Error: invalid handle
[2026-10-09 13:10:14.238] [svulkan2] [error] OIDN Error: invalid handle
[2026-10-09 13:10:14.238] [svulkan2] [error] OIDN Error: invalid handle
[2026-10-09 13:10:14.238] [svulkan2] [error] OIDN Error: invalid handle
[2026-10-09 13:10:14.281] [svulkan2] [error] OIDN Error: invalid handle
[2026-10-09 13:10:14.281] [svulkan2] [error] OIDN Error: invalid handle
[2026-10-09 13:10:14.281] [svulkan2] [error] OIDN Error: invalid handle
[2026-10-09 13:10:14.281] [svulkan2] [error] OIDN Error: invalid handle
[2026-10-09 13:10:14.324] [svulkan2] [error] OIDN Error: invalid handle
[2026-10-09 13:10:14.324] [svulkan2] [error] OIDN Error: invalid handle
[2026-10-09 13:10:14.324] [svulkan2] [error] OIDN Error: invalid handle
[2026-10-09 13:10:14.325] [svulkan2] [error] OIDN Error: invalid handle
[2026-10-09 13:10:14.368] [svulkan2] [error] OIDN Error: invalid handle
[2026-10-09 13:10:14.368] [svulkan2] [error] OIDN Error: invalid handle
[2026-10-09 13:10:14.368] [svulkan2] [error] OIDN Error: invalid handle
[2026-10-09 13:10:14.368] [svulkan2] [error] OIDN Error: invalid handle
[2026-10-09 13:10:14.411] [svulkan2] [error] OIDN Error: invalid handle
[2026-10-09 13:10:14.411] [svulkan2] [error] OIDN Error: invalid handle
[2026-10-09 13:10:14.411] [svulkan2] [error] OIDN Error: invalid handle
[2026-10-09 13:10:14.411] [svulkan2] [error] OIDN Error: invalid handle
[2026-10-09 13:10:14.455] [svulkan2] [error] OIDN Error: invalid handle
[2026-10-09 13:10:14.455] [svulkan2] [error] OIDN Error: invalid handle
[2026-10-09 13:10:14.455] [svulkan2] [error] OIDN Error: invalid handle
[2026-10-09 13:10:14.455] [svulkan2] [error] OIDN Error: invalid handle
[2026-10-09 13:10:14.498] [svulkan2] [error] OIDN Error: invalid handle
[2026-10-09 13:10:14.498] [svulkan2] [error] OIDN Error: invalid handle
[2026-10-09 13:10:14.498] [svulkan2] [error] OIDN Error: invalid handle
[2026-10-09 13:10:14.499] [svulkan2] [error] OIDN Error: invalid handle
[2026-10-09 13:10:14.541] [svulkan2] [error] OIDN Error: invalid handle
[2026-10-09 13:10:14.541] [svulkan2] [error] OIDN Error: invalid handle
[2026-10-09 13:10:14.541] [svulkan2] [error] OIDN Error: invalid handle
[2026-10-09 13:10:14.541] [svulkan2] [error] OIDN Error: invalid handle
[2026-10-09 13:10:14.584] [svulkan2] [error] OIDN Error: invalid handle
[2026-10-09 13:10:14.584] [svulkan2] [error] OIDN Error: invalid handle
[2026-10-09 13:10:14.584] [svulkan2] [error] OIDN Error: invalid handle
[2026-10-09 13:10:14.584] [svulkan2] [error] OIDN Error: invalid handle
[2026-10-09 13:10:14.627] [svulkan2] [error] OIDN Error: invalid handle
[2026-10-09 13:10:14.627] [svulkan2] [error] OIDN Error: invalid handle
[2026-10-09 13:10:14.627] [svulkan2] [error] OIDN Error: invalid handle
[2026-10-09 13:10:14.627] [svulkan2] [error] OIDN Error: invalid handle
[2026-10-09 13:10:14.670] [svulkan2] [error] OIDN Error: invalid handle
[2026-10-09 13:10:14.671] [svulkan2] [error] OIDN Error: invalid handle
[2026-10-09 13:10:14.671] [svulkan2] [error] OIDN Error: invalid handle
[2026-10-09 13:10:14.671] [svulkan2] [error] OIDN Error: invalid handle
[2026-10-09 13:10:14.714] [svulkan2] [error] OIDN Error: invalid handle
[2026-10-09 13:10:14.714] [svulkan2] [error] OIDN Error: invalid handle
[2026-10-09 13:10:14.714] [svulkan2] [error] OIDN Error: invalid handle
[2026-10-09 13:10:14.714] [svulkan2] [error] OIDN Error: invalid handle
[2026-10-09 13:10:14.757] [svulkan2] [error] OIDN Error: invalid handle
[2026-10-09 13:10:14.757] [svulkan2] [error] OIDN Error: invalid handle
[2026-10-09 13:10:14.757] [svulkan2] [error] OIDN Error: invalid handle
[2026-10-09 13:10:14.757] [svulkan2] [error] OIDN Error: invalid handle
[2026-10-09 13:10:14.801] [svulkan2] [error] OIDN Error: invalid handle
[2026-10-09 13:10:14.801] [svulkan2] [error] OIDN Error: invalid handle
[2026-10-09 13:10:14.801] [svulkan2] [error] OIDN Error: invalid handle
[2026-10-09 13:10:14.801] [svulkan2] [error] OIDN Error: invalid handle
[2026-10-09 13:10:14.844] [svulkan2] [error] OIDN Error: invalid handle
[2026-10-09 13:10:14.844] [svulkan2] [error] OIDN Error: invalid handle
[2026-10-09 13:10:14.844] [svulkan2] [error] OIDN Error: invalid handle
[2026-10-09 13:10:14.844] [svulkan2] [error] OIDN Error: invalid handle
[2026-10-09 13:10:14.887] [svulkan2] [error] OIDN Error: invalid handle
[2026-10-09 13:10:14.887] [svulkan2] [error] OIDN Error: invalid handle
[2026-10-09 13:10:14.887] [svulkan2] [error] OIDN Error: invalid handle
[2026-10-09 13:10:14.887] [svulkan2] [error] OIDN Error: invalid handle
[2026-10-09 13:10:14.932] [svulkan2] [error] OIDN Error: invalid handle
[2026-10-09 13:10:14.932] [svulkan2] [error] OIDN Error: invalid handle
[2026-10-09 13:10:14.932] [svulkan2] [error] OIDN Error: invalid handle
[2026-10-09 13:10:14.932] [svulkan2] [error] OIDN Error: invalid handle
[2026-10-09 13:10:14.975] [svulkan2] [error] OIDN Error: invalid handle
[2026-10-09 13:10:14.976] [svulkan2] [error] OIDN Error: invalid handle
[2026-10-09 13:10:14.976] [svulkan2] [error] OIDN Error: invalid handle
[2026-10-09 13:10:14.976] [svulkan2] [error] OIDN Error: invalid handle
[2026-10-09 13:10:15.019] [svulkan2] [error] OIDN Error: invalid handle
[2026-10-09 13:10:15.019] [svulkan2] [error] OIDN Error: invalid handle
[2026-10-09 13:10:15.019] [svulkan2] [error] OIDN Error: invalid handle
[2026-10-09 13:10:15.019] [svulkan2] [error] OIDN Error: invalid handle
[2026-10-09 13:10:15.063] [svulkan2] [error] OIDN Error: invalid handle
[2026-10-09 13:10:15.063] [svulkan2] [error] OIDN Error: invalid handle
[2026-10-09 13:10:15.063] [svulkan2] [error] OIDN Error: invalid handle
[2026-10-09 13:10:15.064] [svulkan2] [error] OIDN Error: invalid handle
[2026-10-09 13:10:15.107] [svulkan2] [error] OIDN Error: invalid handle
[2026-10-09 13:10:15.107] [svulkan2] [error] OIDN Error: invalid handle
[2026-10-09 13:10:15.107] [svulkan2] [error] OIDN Error: invalid handle
[2026-10-09 13:10:15.107] [svulkan2] [error] OIDN Error: invalid handle
[2026-10-09 13:10:15.150] [svulkan2] [error] OIDN Error: invalid handle
[2026-10-09 13:10:15.150] [svulkan2] [error] OIDN Error: invalid handle
[2026-10-09 13:10:15.150] [svulkan2] [error] OIDN Error: invalid handle
[2026-10-09 13:10:15.150] [svulkan2] [error] OIDN Error: invalid handle
[2026-10-09 13:10:15.193] [svulkan2] [error] OIDN Error: invalid handle
[2026-10-09 13:10:15.193] [svulkan2] [error] OIDN Error: invalid handle
[2026-10-09 13:10:15.193] [svulkan2] [error] OIDN Error: invalid handle
[2026-10-09 13:10:15.193] [svulkan2] [error] OIDN Error: invalid handle
[2026-10-09 13:10:15.237] [svulkan2] [error] OIDN Error: invalid handle
[2026-10-09 13:10:15.237] [svulkan2] [error] OIDN Error: invalid handle
[2026-10-09 13:10:15.237] [svulkan2] [error] OIDN Error: invalid handle
[2026-10-09 13:10:15.237] [svulkan2] [error] OIDN Error: invalid handle
[2026-10-09 13:10:15.281] [svulkan2] [error] OIDN Error: invalid handle
[2026-10-09 13:10:15.281] [svulkan2] [error] OIDN Error: invalid handle
[2026-10-09 13:10:15.281] [svulkan2] [error] OIDN Error: invalid handle
[2026-10-09 13:10:15.281] [svulkan2] [error] OIDN Error: invalid handle
[2026-10-09 13:10:15.325] [svulkan2] [error] OIDN Error: invalid handle
[2026-10-09 13:10:15.325] [svulkan2] [error] OIDN Error: invalid handle
[2026-10-09 13:10:15.325] [svulkan2] [error] OIDN Error: invalid handle
[2026-10-09 13:10:15.326] [svulkan2] [error] OIDN Error: invalid handle
[2026-10-09 13:10:15.370] [svulkan2] [error] OIDN Error: invalid handle
[2026-10-09 13:10:15.370] [svulkan2] [error] OIDN Error: invalid handle
[2026-10-09 13:10:15.370] [svulkan2] [error] OIDN Error: invalid handle
[2026-10-09 13:10:15.370] [svulkan2] [error] OIDN Error: invalid handle
[2026-10-09 13:10:15.414] [svulkan2] [error] OIDN Error: invalid handle
[2026-10-09 13:10:15.415] [svulkan2] [error] OIDN Error: invalid handle
[2026-10-09 13:10:15.415] [svulkan2] [error] OIDN Error: invalid handle
[2026-10-09 13:10:15.416] [svulkan2] [error] OIDN Error: invalid handle
[2026-10-09 13:10:15.459] [svulkan2] [error] OIDN Error: invalid handle
[2026-10-09 13:10:15.459] [svulkan2] [error] OIDN Error: invalid handle
[2026-10-09 13:10:15.459] [svulkan2] [error] OIDN Error: invalid handle
[2026-10-09 13:10:15.459] [svulkan2] [error] OIDN Error: invalid handle
[2026-10-09 13:10:15.504] [svulkan2] [error] OIDN Error: invalid handle
[2026-10-09 13:10:15.504] [svulkan2] [error] OIDN Error: invalid handle
[2026-10-09 13:10:15.504] [svulkan2] [error] OIDN Error: invalid handle
[2026-10-09 13:10:15.504] [svulkan2] [error] OIDN Error: invalid handle
[2026-10-09 13:10:15.548] [svulkan2] [error] OIDN Error: invalid handle
[2026-10-09 13:10:15.548] [svulkan2] [error] OIDN Error: invalid handle
[2026-10-09 13:10:15.548] [svulkan2] [error] OIDN Error: invalid handle
[2026-10-09 13:10:15.548] [svulkan2] [error] OIDN Error: invalid handle
[2026-10-09 13:10:15.593] [svulkan2] [error] OIDN Error: invalid handle
[2026-10-09 13:10:15.593] [svulkan2] [error] OIDN Error: invalid handle
[2026-10-09 13:10:15.594] [svulkan2] [error] OIDN Error: invalid handle
[2026-10-09 13:10:15.594] [svulkan2] [error] OIDN Error: invalid handle
[2026-10-09 13:10:15.638] [svulkan2] [error] OIDN Error: invalid handle
[2026-10-09 13:10:15.638] [svulkan2] [error] OIDN Error: invalid handle
[2026-10-09 13:10:15.639] [svulkan2] [error] OIDN Error: invalid handle
[2026-10-09 13:10:15.639] [svulkan2] [error] OIDN Error: invalid handle
[2026-10-09 13:10:15.683] [svulkan2] [error] OIDN Error: invalid handle
[2026-10-09 13:10:15.683] [svulkan2] [error] OIDN Error: invalid handle
[2026-10-09 13:10:15.683] [svulkan2] [error] OIDN Error: invalid handle
[2026-10-09 13:10:15.683] [svulkan2] [error] OIDN Error: invalid handle
[2026-10-09 13:10:15.727] [svulkan2] [error] OIDN Error: invalid handle
[2026-10-09 13:10:15.727] [svulkan2] [error] OIDN Error: invalid handle
[2026-10-09 13:10:15.727] [svulkan2] [error] OIDN Error: invalid handle
[2026-10-09 13:10:15.727] [svulkan2] [error] OIDN Error: invalid handle
[2026-10-09 13:10:15.772] [svulkan2] [error] OIDN Error: invalid handle
[2026-10-09 13:10:15.772] [svulkan2] [error] OIDN Error: invalid handle
[2026-10-09 13:10:15.772] [svulkan2] [error] OIDN Error: invalid handle
[2026-10-09 13:10:15.772] [svulkan2] [error] OIDN Error: invalid handle
[2026-10-09 13:10:15.818] [svulkan2] [error] OIDN Error: invalid handle
[2026-10-09 13:10:15.818] [svulkan2] [error] OIDN Error: invalid handle
[2026-10-09 13:10:15.818] [svulkan2] [error] OIDN Error: invalid handle
[2026-10-09 13:10:15.818] [svulkan2] [error] OIDN Error: invalid handle
[2026-10-09 13:10:15.864] [svulkan2] [error] OIDN Error: invalid handle
[2026-10-09 13:10:15.864] [svulkan2] [error] OIDN Error: invalid handle
[2026-10-09 13:10:15.864] [svulkan2] [error] OIDN Error: invalid handle
[2026-10-09 13:10:15.864] [svulkan2] [error] OIDN Error: invalid handle
[2026-10-09 13:10:15.909] [svulkan2] [error] OIDN Error: invalid handle
[2026-10-09 13:10:15.909] [svulkan2] [error] OIDN Error: invalid handle
[2026-10-09 13:10:15.909] [svulkan2] [error] OIDN Error: invalid handle
[2026-10-09 13:10:15.909] [svulkan2] [error] OIDN Error: invalid handle
[2026-10-09 13:10:15.956] [svulkan2] [error] OIDN Error: invalid handle
[2026-10-09 13:10:15.956] [svulkan2] [error] OIDN Error: invalid handle
[2026-10-09 13:10:15.956] [svulkan2] [error] OIDN Error: invalid handle
[2026-10-09 13:10:15.956] [svulkan2] [error] OIDN Error: invalid handle
[2026-10-09 13:10:16.002] [svulkan2] [error] OIDN Error: invalid handle
[2026-10-09 13:10:16.002] [svulkan2] [error] OIDN Error: invalid handle
[2026-10-09 13:10:16.002] [svulkan2] [error] OIDN Error: invalid handle
[2026-10-09 13:10:16.002] [svulkan2] [error] OIDN Error: invalid handle
[2026-10-09 13:10:16.048] [svulkan2] [error] OIDN Error: invalid handle
[2026-10-09 13:10:16.048] [svulkan2] [error] OIDN Error: invalid handle
[2026-10-09 13:10:16.048] [svulkan2] [error] OIDN Error: invalid handle
[2026-10-09 13:10:16.048] [svulkan2] [error] OIDN Error: invalid handle
[2026-10-09 13:10:16.094] [svulkan2] [error] OIDN Error: invalid handle
[2026-10-09 13:10:16.094] [svulkan2] [error] OIDN Error: invalid handle
[2026-10-09 13:10:16.094] [svulkan2] [error] OIDN Error: invalid handle
[2026-10-09 13:10:16.094] [svulkan2] [error] OIDN Error: invalid handle
[2026-10-09 13:10:16.140] [svulkan2] [error] OIDN Error: invalid handle
[2026-10-09 13:10:16.140] [svulkan2] [error] OIDN Error: invalid handle
[2026-10-09 13:10:16.140] [svulkan2] [error] OIDN Error: invalid handle
[2026-10-09 13:10:16.141] [svulkan2] [error] OIDN Error: invalid handle
[2026-10-09 13:10:16.187] [svulkan2] [error] OIDN Error: invalid handle
[2026-10-09 13:10:16.187] [svulkan2] [error] OIDN Error: invalid handle
[2026-10-09 13:10:16.187] [svulkan2] [error] OIDN Error: invalid handle
[2026-10-09 13:10:16.187] [svulkan2] [error] OIDN Error: invalid handle
[2026-10-09 13:10:16.234] [svulkan2] [error] OIDN Error: invalid handle
[2026-10-09 13:10:16.234] [svulkan2] [error] OIDN Error: invalid handle
[2026-10-09 13:10:16.234] [svulkan2] [error] OIDN Error: invalid handle
[2026-10-09 13:10:16.235] [svulkan2] [error] OIDN Error: invalid handle
[2026-10-09 13:10:16.281] [svulkan2] [error] OIDN Error: invalid handle
[2026-10-09 13:10:16.281] [svulkan2] [error] OIDN Error: invalid handle
[2026-10-09 13:10:16.281] [svulkan2] [error] OIDN Error: invalid handle
[2026-10-09 13:10:16.281] [svulkan2] [error] OIDN Error: invalid handle
[2026-10-09 13:10:16.328] [svulkan2] [error] OIDN Error: invalid handle
[2026-10-09 13:10:16.328] [svulkan2] [error] OIDN Error: invalid handle
[2026-10-09 13:10:16.328] [svulkan2] [error] OIDN Error: invalid handle
[2026-10-09 13:10:16.328] [svulkan2] [error] OIDN Error: invalid handle
[2026-10-09 13:10:16.375] [svulkan2] [error] OIDN Error: invalid handle
[2026-10-09 13:10:16.375] [svulkan2] [error] OIDN Error: invalid handle
[2026-10-09 13:10:16.375] [svulkan2] [error] OIDN Error: invalid handle
[2026-10-09 13:10:16.375] [svulkan2] [error] OIDN Error: invalid handle
[2026-10-09 13:10:16.422] [svulkan2] [error] OIDN Error: invalid handle
[2026-10-09 13:10:16.422] [svulkan2] [error] OIDN Error: invalid handle
[2026-10-09 13:10:16.422] [svulkan2] [error] OIDN Error: invalid handle
[2026-10-09 13:10:16.422] [svulkan2] [error] OIDN Error: invalid handle
[2026-10-09 13:10:16.469] [svulkan2] [error] OIDN Error: invalid handle
[2026-10-09 13:10:16.469] [svulkan2] [error] OIDN Error: invalid handle
[2026-10-09 13:10:16.469] [svulkan2] [error] OIDN Error: invalid handle
[2026-10-09 13:10:16.469] [svulkan2] [error] OIDN Error: invalid handle
[2026-10-09 13:10:16.516] [svulkan2] [error] OIDN Error: invalid handle
[2026-10-09 13:10:16.516] [svulkan2] [error] OIDN Error: invalid handle
[2026-10-09 13:10:16.516] [svulkan2] [error] OIDN Error: invalid handle
[2026-10-09 13:10:16.516] [svulkan2] [error] OIDN Error: invalid handle
[2026-10-09 13:10:16.564] [svulkan2] [error] OIDN Error: invalid handle
[2026-10-09 13:10:16.564] [svulkan2] [error] OIDN Error: invalid handle
[2026-10-09 13:10:16.564] [svulkan2] [error] OIDN Error: invalid handle
[2026-10-09 13:10:16.564] [svulkan2] [error] OIDN Error: invalid handle
[2026-10-09 13:10:16.610] [svulkan2] [error] OIDN Error: invalid handle
[2026-10-09 13:10:16.611] [svulkan2] [error] OIDN Error: invalid handle
[2026-10-09 13:10:16.611] [svulkan2] [error] OIDN Error: invalid handle
[2026-10-09 13:10:16.611] [svulkan2] [error] OIDN Error: invalid handle
[2026-10-09 13:10:16.657] [svulkan2] [error] OIDN Error: invalid handle
[2026-10-09 13:10:16.657] [svulkan2] [error] OIDN Error: invalid handle
[2026-10-09 13:10:16.657] [svulkan2] [error] OIDN Error: invalid handle
[2026-10-09 13:10:16.657] [svulkan2] [error] OIDN Error: invalid handle
[2026-10-09 13:10:16.703] [svulkan2] [error] OIDN Error: invalid handle
[2026-10-09 13:10:16.703] [svulkan2] [error] OIDN Error: invalid handle
[2026-10-09 13:10:16.703] [svulkan2] [error] OIDN Error: invalid handle
[2026-10-09 13:10:16.703] [svulkan2] [error] OIDN Error: invalid handle
[2026-10-09 13:10:16.750] [svulkan2] [error] OIDN Error: invalid handle
[2026-10-09 13:10:16.750] [svulkan2] [error] OIDN Error: invalid handle
[2026-10-09 13:10:16.750] [svulkan2] [error] OIDN Error: invalid handle
[2026-10-09 13:10:16.750] [svulkan2] [error] OIDN Error: invalid handle
[2026-10-09 13:10:16.797] [svulkan2] [error] OIDN Error: invalid handle
[2026-10-09 13:10:16.797] [svulkan2] [error] OIDN Error: invalid handle
[2026-10-09 13:10:16.797] [svulkan2] [error] OIDN Error: invalid handle
[2026-10-09 13:10:16.797] [svulkan2] [error] OIDN Error: invalid handle
[2026-10-09 13:10:16.847] [svulkan2] [error] OIDN Error: invalid handle
[2026-10-09 13:10:16.848] [svulkan2] [error] OIDN Error: invalid handle
[2026-10-09 13:10:16.848] [svulkan2] [error] OIDN Error: invalid handle
[2026-10-09 13:10:16.848] [svulkan2] [error] OIDN Error: invalid handle
[2026-10-09 13:10:16.895] [svulkan2] [error] OIDN Error: invalid handle
[2026-10-09 13:10:16.896] [svulkan2] [error] OIDN Error: invalid handle
[2026-10-09 13:10:16.896] [svulkan2] [error] OIDN Error: invalid handle
[2026-10-09 13:10:16.896] [svulkan2] [error] OIDN Error: invalid handle
[2026-10-09 13:10:16.942] [svulkan2] [error] OIDN Error: invalid handle
[2026-10-09 13:10:16.942] [svulkan2] [error] OIDN Error: invalid handle
[2026-10-09 13:10:16.942] [svulkan2] [error] OIDN Error: invalid handle
[2026-10-09 13:10:16.942] [svulkan2] [error] OIDN Error: invalid handle
[2026-10-09 13:10:16.989] [svulkan2] [error] OIDN Error: invalid handle
[2026-10-09 13:10:16.989] [svulkan2] [error] OIDN Error: invalid handle
[2026-10-09 13:10:16.989] [svulkan2] [error] OIDN Error: invalid handle
[2026-10-09 13:10:16.989] [svulkan2] [error] OIDN Error: invalid handle
[2026-10-09 13:10:17.036] [svulkan2] [error] OIDN Error: invalid handle
[2026-10-09 13:10:17.036] [svulkan2] [error] OIDN Error: invalid handle
[2026-10-09 13:10:17.036] [svulkan2] [error] OIDN Error: invalid handle
[2026-10-09 13:10:17.036] [svulkan2] [error] OIDN Error: invalid handle
[2026-10-09 13:10:17.082] [svulkan2] [error] OIDN Error: invalid handle
[2026-10-09 13:10:17.082] [svulkan2] [error] OIDN Error: invalid handle
[2026-10-09 13:10:17.083] [svulkan2] [error] OIDN Error: invalid handle
[2026-10-09 13:10:17.084] [svulkan2] [error] OIDN Error: invalid handle
[2026-10-09 13:10:17.129] [svulkan2] [error] OIDN Error: invalid handle
[2026-10-09 13:10:17.129] [svulkan2] [error] OIDN Error: invalid handle
[2026-10-09 13:10:17.129] [svulkan2] [error] OIDN Error: invalid handle
[2026-10-09 13:10:17.129] [svulkan2] [error] OIDN Error: invalid handle
[2026-10-09 13:10:17.175] [svulkan2] [error] OIDN Error: invalid handle
[2026-10-09 13:10:17.175] [svulkan2] [error] OIDN Error: invalid handle
[2026-10-09 13:10:17.175] [svulkan2] [error] OIDN Error: invalid handle
[2026-10-09 13:10:17.176] [svulkan2] [error] OIDN Error: invalid handle
[2026-10-09 13:10:17.222] [svulkan2] [error] OIDN Error: invalid handle
[2026-10-09 13:10:17.222] [svulkan2] [error] OIDN Error: invalid handle
[2026-10-09 13:10:17.222] [svulkan2] [error] OIDN Error: invalid handle
[2026-10-09 13:10:17.222] [svulkan2] [error] OIDN Error: invalid handle
[2026-10-09 13:10:17.268] [svulkan2] [error] OIDN Error: invalid handle
[2026-10-09 13:10:17.268] [svulkan2] [error] OIDN Error: invalid handle
[2026-10-09 13:10:17.268] [svulkan2] [error] OIDN Error: invalid handle
[2026-10-09 13:10:17.268] [svulkan2] [error] OIDN Error: invalid handle
[2026-10-09 13:10:17.315] [svulkan2] [error] OIDN Error: invalid handle
[2026-10-09 13:10:17.315] [svulkan2] [error] OIDN Error: invalid handle
[2026-10-09 13:10:17.315] [svulkan2] [error] OIDN Error: invalid handle
[2026-10-09 13:10:17.315] [svulkan2] [error] OIDN Error: invalid handle
[2026-10-09 13:10:17.362] [svulkan2] [error] OIDN Error: invalid handle
[2026-10-09 13:10:17.362] [svulkan2] [error] OIDN Error: invalid handle
[2026-10-09 13:10:17.362] [svulkan2] [error] OIDN Error: invalid handle
[2026-10-09 13:10:17.362] [svulkan2] [error] OIDN Error: invalid handle
[2026-10-09 13:10:17.409] [svulkan2] [error] OIDN Error: invalid handle
[2026-10-09 13:10:17.409] [svulkan2] [error] OIDN Error: invalid handle
[2026-10-09 13:10:17.409] [svulkan2] [error] OIDN Error: invalid handle
[2026-10-09 13:10:17.409] [svulkan2] [error] OIDN Error: invalid handle
[2026-10-09 13:10:17.455] [svulkan2] [error] OIDN Error: invalid handle
[2026-10-09 13:10:17.455] [svulkan2] [error] OIDN Error: invalid handle
[2026-10-09 13:10:17.455] [svulkan2] [error] OIDN Error: invalid handle
[2026-10-09 13:10:17.455] [svulkan2] [error] OIDN Error: invalid handle
[2026-10-09 13:10:17.501] [svulkan2] [error] OIDN Error: invalid handle
[2026-10-09 13:10:17.501] [svulkan2] [error] OIDN Error: invalid handle
[2026-10-09 13:10:17.501] [svulkan2] [error] OIDN Error: invalid handle
[2026-10-09 13:10:17.502] [svulkan2] [error] OIDN Error: invalid handle
missing pytorch3d
Warp DeprecationWarning: The symbol `warp.torch.device_from_torch` will soon be removed from the public API. Use `warp.device_from_torch` instead.
step: [92m1 / 400[0m{"attempt": 1, "decision": 0, "id": 1, "motions": 1, "left": "pos [-0.22, 0.02, 1.02] quat [0.5, -0.5, 0.5, 0.5] grip 1.00", "right": "hold grip 1.00", "planner": {"left": "Success", "right": "hold"}, "success": false, "calls_total": 1, "latency_s": 13.38}
[2026-10-09 13:10:41.956] [svulkan2] [error] OIDN Error: invalid handle
[2026-10-09 13:10:41.956] [svulkan2] [error] OIDN Error: invalid handle
[2026-10-09 13:10:41.956] [svulkan2] [error] OIDN Error: invalid handle
[2026-10-09 13:10:41.956] [svulkan2] [error] OIDN Error: invalid handle
[2026-10-09 13:10:42.004] [svulkan2] [error] OIDN Error: invalid handle
[2026-10-09 13:10:42.004] [svulkan2] [error] OIDN Error: invalid handle
[2026-10-09 13:10:42.004] [svulkan2] [error] OIDN Error: invalid handle
[2026-10-09 13:10:42.004] [svulkan2] [error] OIDN Error: invalid handle
[2026-10-09 13:10:42.050] [svulkan2] [error] OIDN Error: invalid handle
[2026-10-09 13:10:42.050] [svulkan2] [error] OIDN Error: invalid handle
[2026-10-09 13:10:42.050] [svulkan2] [error] OIDN Error: invalid handle
[2026-10-09 13:10:42.050] [svulkan2] [error] OIDN Error: invalid handle
[2026-10-09 13:10:42.096] [svulkan2] [error] OIDN Error: invalid handle
[2026-10-09 13:10:42.097] [svulkan2] [error] OIDN Error: invalid handle
[2026-10-09 13:10:42.097] [svulkan2] [error] OIDN Error: invalid handle
[2026-10-09 13:10:42.097] [svulkan2] [error] OIDN Error: invalid handle
[2026-10-09 13:10:42.143] [svulkan2] [error] OIDN Error: invalid handle
[2026-10-09 13:10:42.143] [svulkan2] [error] OIDN Error: invalid handle
[2026-10-09 13:10:42.143] [svulkan2] [error] OIDN Error: invalid handle
[2026-10-09 13:10:42.143] [svulkan2] [error] OIDN Error: invalid handle
[2026-10-09 13:10:42.190] [svulkan2] [error] OIDN Error: invalid handle
[2026-10-09 13:10:42.190] [svulkan2] [error] OIDN Error: invalid handle
[2026-10-09 13:10:42.190] [svulkan2] [error] OIDN Error: invalid handle
[2026-10-09 13:10:42.190] [svulkan2] [error] OIDN Error: invalid handle
[2026-10-09 13:10:42.236] [svulkan2] [error] OIDN Error: invalid handle
[2026-10-09 13:10:42.236] [svulkan2] [error] OIDN Error: invalid handle
[2026-10-09 13:10:42.236] [svulkan2] [error] OIDN Error: invalid handle
[2026-10-09 13:10:42.236] [svulkan2] [error] OIDN Error: invalid handle
[2026-10-09 13:10:42.283] [svulkan2] [error] OIDN Error: invalid handle
[2026-10-09 13:10:42.283] [svulkan2] [error] OIDN Error: invalid handle
[2026-10-09 13:10:42.283] [svulkan2] [error] OIDN Error: invalid handle
[2026-10-09 13:10:42.283] [svulkan2] [error] OIDN Error: invalid handle
[2026-10-09 13:10:42.329] [svulkan2] [error] OIDN Error: invalid handle
[2026-10-09 13:10:42.329] [svulkan2] [error] OIDN Error: invalid handle
[2026-10-09 13:10:42.329] [svulkan2] [error] OIDN Error: invalid handle
[2026-10-09 13:10:42.329] [svulkan2] [error] OIDN Error: invalid handle
[2026-10-09 13:10:42.375] [svulkan2] [error] OIDN Error: invalid handle
[2026-10-09 13:10:42.375] [svulkan2] [error] OIDN Error: invalid handle
[2026-10-09 13:10:42.376] [svulkan2] [error] OIDN Error: invalid handle
[2026-10-09 13:10:42.376] [svulkan2] [error] OIDN Error: invalid handle
[2026-10-09 13:10:42.421] [svulkan2] [error] OIDN Error: invalid handle
[2026-10-09 13:10:42.421] [svulkan2] [error] OIDN Error: invalid handle
[2026-10-09 13:10:42.421] [svulkan2] [error] OIDN Error: invalid handle
[2026-10-09 13:10:42.421] [svulkan2] [error] OIDN Error: invalid handle
[2026-10-09 13:10:42.467] [svulkan2] [error] OIDN Error: invalid handle
[2026-10-09 13:10:42.467] [svulkan2] [error] OIDN Error: invalid handle
[2026-10-09 13:10:42.467] [svulkan2] [error] OIDN Error: invalid handle
[2026-10-09 13:10:42.467] [svulkan2] [error] OIDN Error: invalid handle
[2026-10-09 13:10:42.514] [svulkan2] [error] OIDN Error: invalid handle
[2026-10-09 13:10:42.514] [svulkan2] [error] OIDN Error: invalid handle
[2026-10-09 13:10:42.514] [svulkan2] [error] OIDN Error: invalid handle
[2026-10-09 13:10:42.514] [svulkan2] [error] OIDN Error: invalid handle
[2026-10-09 13:10:42.560] [svulkan2] [error] OIDN Error: invalid handle
[2026-10-09 13:10:42.560] [svulkan2] [error] OIDN Error: invalid handle
[2026-10-09 13:10:42.560] [svulkan2] [error] OIDN Error: invalid handle
[2026-10-09 13:10:42.560] [svulkan2] [error] OIDN Error: invalid handle
[2026-10-09 13:10:42.606] [svulkan2] [error] OIDN Error: invalid handle
[2026-10-09 13:10:42.606] [svulkan2] [error] OIDN Error: invalid handle
[2026-10-09 13:10:42.606] [svulkan2] [error] OIDN Error: invalid handle
[2026-10-09 13:10:42.606] [svulkan2] [error] OIDN Error: invalid handle
[2026-10-09 13:10:42.652] [svulkan2] [error] OIDN Error: invalid handle
[2026-10-09 13:10:42.652] [svulkan2] [error] OIDN Error: invalid handle
[2026-10-09 13:10:42.652] [svulkan2] [error] OIDN Error: invalid handle
[2026-10-09 13:10:42.653] [svulkan2] [error] OIDN Error: invalid handle
[2026-10-09 13:10:42.699] [svulkan2] [error] OIDN Error: invalid handle
[2026-10-09 13:10:42.700] [svulkan2] [error] OIDN Error: invalid handle
[2026-10-09 13:10:42.700] [svulkan2] [error] OIDN Error: invalid handle
[2026-10-09 13:10:42.700] [svulkan2] [error] OIDN Error: invalid handle
[2026-10-09 13:10:42.746] [svulkan2] [error] OIDN Error: invalid handle
[2026-10-09 13:10:42.747] [svulkan2] [error] OIDN Error: invalid handle
[2026-10-09 13:10:42.747] [svulkan2] [error] OIDN Error: invalid handle
[2026-10-09 13:10:42.747] [svulkan2] [error] OIDN Error: invalid handle
[2026-10-09 13:10:42.798] [svulkan2] [error] OIDN Error: invalid handle
[2026-10-09 13:10:42.798] [svulkan2] [error] OIDN Error: invalid handle
[2026-10-09 13:10:42.798] [svulkan2] [error] OIDN Error: invalid handle
[2026-10-09 13:10:42.798] [svulkan2] [error] OIDN Error: invalid handle
[2026-10-09 13:10:42.845] [svulkan2] [error] OIDN Error: invalid handle
[2026-10-09 13:10:42.845] [svulkan2] [error] OIDN Error: invalid handle
[2026-10-09 13:10:42.845] [svulkan2] [error] OIDN Error: invalid handle
[2026-10-09 13:10:42.845] [svulkan2] [error] OIDN Error: invalid handle
[2026-10-09 13:10:42.892] [svulkan2] [error] OIDN Error: invalid handle
[2026-10-09 13:10:42.892] [svulkan2] [error] OIDN Error: invalid handle
[2026-10-09 13:10:42.892] [svulkan2] [error] OIDN Error: invalid handle
[2026-10-09 13:10:42.893] [svulkan2] [error] OIDN Error: invalid handle
[2026-10-09 13:10:42.940] [svulkan2] [error] OIDN Error: invalid handle
[2026-10-09 13:10:42.940] [svulkan2] [error] OIDN Error: invalid handle
[2026-10-09 13:10:42.940] [svulkan2] [error] OIDN Error: invalid handle
[2026-10-09 13:10:42.940] [svulkan2] [error] OIDN Error: invalid handle
[2026-10-09 13:10:42.988] [svulkan2] [error] OIDN Error: invalid handle
[2026-10-09 13:10:42.988] [svulkan2] [error] OIDN Error: invalid handle
[2026-10-09 13:10:42.988] [svulkan2] [error] OIDN Error: invalid handle
[2026-10-09 13:10:42.988] [svulkan2] [error] OIDN Error: invalid handle
[2026-10-09 13:10:43.036] [svulkan2] [error] OIDN Error: invalid handle
[2026-10-09 13:10:43.036] [svulkan2] [error] OIDN Error: invalid handle
[2026-10-09 13:10:43.036] [svulkan2] [error] OIDN Error: invalid handle
[2026-10-09 13:10:43.036] [svulkan2] [error] OIDN Error: invalid handle
[2026-10-09 13:10:43.085] [svulkan2] [error] OIDN Error: invalid handle
[2026-10-09 13:10:43.085] [svulkan2] [error] OIDN Error: invalid handle
[2026-10-09 13:10:43.085] [svulkan2] [error] OIDN Error: invalid handle
[2026-10-09 13:10:43.085] [svulkan2] [error] OIDN Error: invalid handle
[2026-10-09 13:10:43.135] [svulkan2] [error] OIDN Error: invalid handle
[2026-10-09 13:10:43.135] [svulkan2] [error] OIDN Error: invalid handle
[2026-10-09 13:10:43.135] [svulkan2] [error] OIDN Error: invalid handle
[2026-10-09 13:10:43.135] [svulkan2] [error] OIDN Error: invalid handle
[2026-10-09 13:10:43.186] [svulkan2] [error] OIDN Error: invalid handle
[2026-10-09 13:10:43.187] [svulkan2] [error] OIDN Error: invalid handle
[2026-10-09 13:10:43.187] [svulkan2] [error] OIDN Error: invalid handle
[2026-10-09 13:10:43.187] [svulkan2] [error] OIDN Error: invalid handle
[2026-10-09 13:10:43.237] [svulkan2] [error] OIDN Error: invalid handle
[2026-10-09 13:10:43.237] [svulkan2] [error] OIDN Error: invalid handle
[2026-10-09 13:10:43.237] [svulkan2] [error] OIDN Error: invalid handle
[2026-10-09 13:10:43.237] [svulkan2] [error] OIDN Error: invalid handle
[2026-10-09 13:10:43.288] [svulkan2] [error] OIDN Error: invalid handle
[2026-10-09 13:10:43.288] [svulkan2] [error] OIDN Error: invalid handle
[2026-10-09 13:10:43.289] [svulkan2] [error] OIDN Error: invalid handle
[2026-10-09 13:10:43.289] [svulkan2] [error] OIDN Error: invalid handle
[2026-10-09 13:10:43.341] [svulkan2] [error] OIDN Error: invalid handle
[2026-10-09 13:10:43.341] [svulkan2] [error] OIDN Error: invalid handle
[2026-10-09 13:10:43.341] [svulkan2] [error] OIDN Error: invalid handle
[2026-10-09 13:10:43.341] [svulkan2] [error] OIDN Error: invalid handle
[2026-10-09 13:10:43.392] [svulkan2] [error] OIDN Error: invalid handle
[2026-10-09 13:10:43.392] [svulkan2] [error] OIDN Error: invalid handle
[2026-10-09 13:10:43.392] [svulkan2] [error] OIDN Error: invalid handle
[2026-10-09 13:10:43.392] [svulkan2] [error] OIDN Error: invalid handle
[2026-10-09 13:10:43.442] [svulkan2] [error] OIDN Error: invalid handle
[2026-10-09 13:10:43.442] [svulkan2] [error] OIDN Error: invalid handle
[2026-10-09 13:10:43.442] [svulkan2] [error] OIDN Error: invalid handle
[2026-10-09 13:10:43.442] [svulkan2] [error] OIDN Error: invalid handle
[2026-10-09 13:10:43.492] [svulkan2] [error] OIDN Error: invalid handle
[2026-10-09 13:10:43.493] [svulkan2] [error] OIDN Error: invalid handle
[2026-10-09 13:10:43.493] [svulkan2] [error] OIDN Error: invalid handle
[2026-10-09 13:10:43.493] [svulkan2] [error] OIDN Error: invalid handle
[2026-10-09 13:10:43.542] [svulkan2] [error] OIDN Error: invalid handle
[2026-10-09 13:10:43.542] [svulkan2] [error] OIDN Error: invalid handle
[2026-10-09 13:10:43.542] [svulkan2] [error] OIDN Error: invalid handle
[2026-10-09 13:10:43.542] [svulkan2] [error] OIDN Error: invalid handle
[2026-10-09 13:10:43.592] [svulkan2] [error] OIDN Error: invalid handle
[2026-10-09 13:10:43.592] [svulkan2] [error] OIDN Error: invalid handle
[2026-10-09 13:10:43.592] [svulkan2] [error] OIDN Error: invalid handle
[2026-10-09 13:10:43.592] [svulkan2] [error] OIDN Error: invalid handle
[2026-10-09 13:10:43.643] [svulkan2] [error] OIDN Error: invalid handle
[2026-10-09 13:10:43.643] [svulkan2] [error] OIDN Error: invalid handle
[2026-10-09 13:10:43.643] [svulkan2] [error] OIDN Error: invalid handle
[2026-10-09 13:10:43.643] [svulkan2] [error] OIDN Error: invalid handle
[2026-10-09 13:10:43.694] [svulkan2] [error] OIDN Error: invalid handle
[2026-10-09 13:10:43.694] [svulkan2] [error] OIDN Error: invalid handle
[2026-10-09 13:10:43.694] [svulkan2] [error] OIDN Error: invalid handle
[2026-10-09 13:10:43.694] [svulkan2] [error] OIDN Error: invalid handle
[2026-10-09 13:10:43.741] [svulkan2] [error] OIDN Error: invalid handle
[2026-10-09 13:10:43.741] [svulkan2] [error] OIDN Error: invalid handle
[2026-10-09 13:10:43.741] [svulkan2] [error] OIDN Error: invalid handle
[2026-10-09 13:10:43.741] [svulkan2] [error] OIDN Error: invalid handle
step: [92m2 / 400[0m{"attempt": 1, "decision": 1, "id": 2, "motions": 2, "left": "pos [-0.265, 0.03, 0.91] quat [0.5, -0.5, 0.5, 0.5] grip 1.00", "right": "hold grip 1.00", "planner": {"left": "Success", "right": "hold"}, "success": false, "calls_total": 2, "latency_s": 23.85}
[2026-10-09 13:11:05.538] [svulkan2] [error] OIDN Error: invalid handle
[2026-10-09 13:11:05.538] [svulkan2] [error] OIDN Error: invalid handle
[2026-10-09 13:11:05.538] [svulkan2] [error] OIDN Error: invalid handle
[2026-10-09 13:11:05.538] [svulkan2] [error] OIDN Error: invalid handle
[2026-10-09 13:11:05.589] [svulkan2] [error] OIDN Error: invalid handle
[2026-10-09 13:11:05.589] [svulkan2] [error] OIDN Error: invalid handle
[2026-10-09 13:11:05.589] [svulkan2] [error] OIDN Error: invalid handle
[2026-10-09 13:11:05.589] [svulkan2] [error] OIDN Error: invalid handle
[2026-10-09 13:11:05.643] [svulkan2] [error] OIDN Error: invalid handle
[2026-10-09 13:11:05.643] [svulkan2] [error] OIDN Error: invalid handle
[2026-10-09 13:11:05.643] [svulkan2] [error] OIDN Error: invalid handle
[2026-10-09 13:11:05.643] [svulkan2] [error] OIDN Error: invalid handle
[2026-10-09 13:11:05.694] [svulkan2] [error] OIDN Error: invalid handle
[2026-10-09 13:11:05.694] [svulkan2] [error] OIDN Error: invalid handle
[2026-10-09 13:11:05.694] [svulkan2] [error] OIDN Error: invalid handle
[2026-10-09 13:11:05.694] [svulkan2] [error] OIDN Error: invalid handle
[2026-10-09 13:11:05.745] [svulkan2] [error] OIDN Error: invalid handle
[2026-10-09 13:11:05.746] [svulkan2] [error] OIDN Error: invalid handle
[2026-10-09 13:11:05.746] [svulkan2] [error] OIDN Error: invalid handle
[2026-10-09 13:11:05.746] [svulkan2] [error] OIDN Error: invalid handle
[2026-10-09 13:11:05.797] [svulkan2] [error] OIDN Error: invalid handle
[2026-10-09 13:11:05.797] [svulkan2] [error] OIDN Error: invalid handle
[2026-10-09 13:11:05.797] [svulkan2] [error] OIDN Error: invalid handle
[2026-10-09 13:11:05.797] [svulkan2] [error] OIDN Error: invalid handle
[2026-10-09 13:11:05.848] [svulkan2] [error] OIDN Error: invalid handle
[2026-10-09 13:11:05.848] [svulkan2] [error] OIDN Error: invalid handle
[2026-10-09 13:11:05.849] [svulkan2] [error] OIDN Error: invalid handle
[2026-10-09 13:11:05.849] [svulkan2] [error] OIDN Error: invalid handle
[2026-10-09 13:11:05.899] [svulkan2] [error] OIDN Error: invalid handle
[2026-10-09 13:11:05.900] [svulkan2] [error] OIDN Error: invalid handle
[2026-10-09 13:11:05.900] [svulkan2] [error] OIDN Error: invalid handle
[2026-10-09 13:11:05.900] [svulkan2] [error] OIDN Error: invalid handle
[2026-10-09 13:11:05.950] [svulkan2] [error] OIDN Error: invalid handle
[2026-10-09 13:11:05.950] [svulkan2] [error] OIDN Error: invalid handle
[2026-10-09 13:11:05.950] [svulkan2] [error] OIDN Error: invalid handle
[2026-10-09 13:11:05.950] [svulkan2] [error] OIDN Error: invalid handle
[2026-10-09 13:11:06.001] [svulkan2] [error] OIDN Error: invalid handle
[2026-10-09 13:11:06.001] [svulkan2] [error] OIDN Error: invalid handle
[2026-10-09 13:11:06.001] [svulkan2] [error] OIDN Error: invalid handle
[2026-10-09 13:11:06.001] [svulkan2] [error] OIDN Error: invalid handle
[2026-10-09 13:11:06.054] [svulkan2] [error] OIDN Error: invalid handle
[2026-10-09 13:11:06.054] [svulkan2] [error] OIDN Error: invalid handle
[2026-10-09 13:11:06.054] [svulkan2] [error] OIDN Error: invalid handle
[2026-10-09 13:11:06.054] [svulkan2] [error] OIDN Error: invalid handle
[2026-10-09 13:11:06.105] [svulkan2] [error] OIDN Error: invalid handle
[2026-10-09 13:11:06.105] [svulkan2] [error] OIDN Error: invalid handle
[2026-10-09 13:11:06.105] [svulkan2] [error] OIDN Error: invalid handle
[2026-10-09 13:11:06.105] [svulkan2] [error] OIDN Error: invalid handle
[2026-10-09 13:11:06.157] [svulkan2] [error] OIDN Error: invalid handle
[2026-10-09 13:11:06.157] [svulkan2] [error] OIDN Error: invalid handle
[2026-10-09 13:11:06.157] [svulkan2] [error] OIDN Error: invalid handle
[2026-10-09 13:11:06.157] [svulkan2] [error] OIDN Error: invalid handle
[2026-10-09 13:11:06.207] [svulkan2] [error] OIDN Error: invalid handle
[2026-10-09 13:11:06.207] [svulkan2] [error] OIDN Error: invalid handle
[2026-10-09 13:11:06.207] [svulkan2] [error] OIDN Error: invalid handle
[2026-10-09 13:11:06.207] [svulkan2] [error] OIDN Error: invalid handle
[2026-10-09 13:11:06.258] [svulkan2] [error] OIDN Error: invalid handle
[2026-10-09 13:11:06.259] [svulkan2] [error] OIDN Error: invalid handle
[2026-10-09 13:11:06.259] [svulkan2] [error] OIDN Error: invalid handle
[2026-10-09 13:11:06.259] [svulkan2] [error] OIDN Error: invalid handle
[2026-10-09 13:11:06.309] [svulkan2] [error] OIDN Error: invalid handle
[2026-10-09 13:11:06.309] [svulkan2] [error] OIDN Error: invalid handle
[2026-10-09 13:11:06.309] [svulkan2] [error] OIDN Error: invalid handle
[2026-10-09 13:11:06.309] [svulkan2] [error] OIDN Error: invalid handle
[2026-10-09 13:11:06.360] [svulkan2] [error] OIDN Error: invalid handle
[2026-10-09 13:11:06.360] [svulkan2] [error] OIDN Error: invalid handle
[2026-10-09 13:11:06.360] [svulkan2] [error] OIDN Error: invalid handle
[2026-10-09 13:11:06.360] [svulkan2] [error] OIDN Error: invalid handle
[2026-10-09 13:11:06.409] [svulkan2] [error] OIDN Error: invalid handle
[2026-10-09 13:11:06.409] [svulkan2] [error] OIDN Error: invalid handle
[2026-10-09 13:11:06.409] [svulkan2] [error] OIDN Error: invalid handle
[2026-10-09 13:11:06.409] [svulkan2] [error] OIDN Error: invalid handle
step: [92m3 / 400[0m{"attempt": 1, "decision": 2, "id": 3, "motions": 3, "left": "pos [-0.28, 0.025, 0.895] quat [0.5, -0.5, 0.5, 0.5] grip 1.00", "right": "hold grip 1.00", "planner": {"left": "Success", "right": "hold"}, "success": false, "calls_total": 3, "latency_s": 21.19}
[2026-10-09 13:11:27.157] [svulkan2] [error] OIDN Error: invalid handle
[2026-10-09 13:11:27.157] [svulkan2] [error] OIDN Error: invalid handle
[2026-10-09 13:11:27.157] [svulkan2] [error] OIDN Error: invalid handle
[2026-10-09 13:11:27.157] [svulkan2] [error] OIDN Error: invalid handle
[2026-10-09 13:11:27.210] [svulkan2] [error] OIDN Error: invalid handle
[2026-10-09 13:11:27.211] [svulkan2] [error] OIDN Error: invalid handle
[2026-10-09 13:11:27.211] [svulkan2] [error] OIDN Error: invalid handle
[2026-10-09 13:11:27.211] [svulkan2] [error] OIDN Error: invalid handle
[2026-10-09 13:11:27.263] [svulkan2] [error] OIDN Error: invalid handle
[2026-10-09 13:11:27.263] [svulkan2] [error] OIDN Error: invalid handle
[2026-10-09 13:11:27.263] [svulkan2] [error] OIDN Error: invalid handle
[2026-10-09 13:11:27.263] [svulkan2] [error] OIDN Error: invalid handle
[2026-10-09 13:11:27.315] [svulkan2] [error] OIDN Error: invalid handle
[2026-10-09 13:11:27.315] [svulkan2] [error] OIDN Error: invalid handle
[2026-10-09 13:11:27.315] [svulkan2] [error] OIDN Error: invalid handle
[2026-10-09 13:11:27.315] [svulkan2] [error] OIDN Error: invalid handle
[2026-10-09 13:11:27.361] [svulkan2] [error] OIDN Error: invalid handle
[2026-10-09 13:11:27.361] [svulkan2] [error] OIDN Error: invalid handle
[2026-10-09 13:11:27.361] [svulkan2] [error] OIDN Error: invalid handle
[2026-10-09 13:11:27.361] [svulkan2] [error] OIDN Error: invalid handle
step: [92m4 / 400[0m{"attempt": 1, "decision": 3, "id": 4, "motions": 4, "left": "hold grip 0.00", "right": "hold grip 1.00", "planner": {"left": "hold", "right": "hold"}, "success": false, "calls_total": 4, "latency_s": 20.19}
[2026-10-09 13:11:40.950] [svulkan2] [error] OIDN Error: invalid handle
[2026-10-09 13:11:40.950] [svulkan2] [error] OIDN Error: invalid handle
[2026-10-09 13:11:40.951] [svulkan2] [error] OIDN Error: invalid handle
[2026-10-09 13:11:40.952] [svulkan2] [error] OIDN Error: invalid handle
[2026-10-09 13:11:41.002] [svulkan2] [error] OIDN Error: invalid handle
[2026-10-09 13:11:41.002] [svulkan2] [error] OIDN Error: invalid handle
[2026-10-09 13:11:41.002] [svulkan2] [error] OIDN Error: invalid handle
[2026-10-09 13:11:41.002] [svulkan2] [error] OIDN Error: invalid handle
[2026-10-09 13:11:41.052] [svulkan2] [error] OIDN Error: invalid handle
[2026-10-09 13:11:41.052] [svulkan2] [error] OIDN Error: invalid handle
[2026-10-09 13:11:41.053] [svulkan2] [error] OIDN Error: invalid handle
[2026-10-09 13:11:41.053] [svulkan2] [error] OIDN Error: invalid handle
[2026-10-09 13:11:41.103] [svulkan2] [error] OIDN Error: invalid handle
[2026-10-09 13:11:41.103] [svulkan2] [error] OIDN Error: invalid handle
[2026-10-09 13:11:41.103] [svulkan2] [error] OIDN Error: invalid handle
[2026-10-09 13:11:41.103] [svulkan2] [error] OIDN Error: invalid handle
[2026-10-09 13:11:41.154] [svulkan2] [error] OIDN Error: invalid handle
[2026-10-09 13:11:41.154] [svulkan2] [error] OIDN Error: invalid handle
[2026-10-09 13:11:41.154] [svulkan2] [error] OIDN Error: invalid handle
[2026-10-09 13:11:41.154] [svulkan2] [error] OIDN Error: invalid handle
[2026-10-09 13:11:41.205] [svulkan2] [error] OIDN Error: invalid handle
[2026-10-09 13:11:41.206] [svulkan2] [error] OIDN Error: invalid handle
[2026-10-09 13:11:41.206] [svulkan2] [error] OIDN Error: invalid handle
[2026-10-09 13:11:41.206] [svulkan2] [error] OIDN Error: invalid handle
[2026-10-09 13:11:41.257] [svulkan2] [error] OIDN Error: invalid handle
[2026-10-09 13:11:41.257] [svulkan2] [error] OIDN Error: invalid handle
[2026-10-09 13:11:41.257] [svulkan2] [error] OIDN Error: invalid handle
[2026-10-09 13:11:41.257] [svulkan2] [error] OIDN Error: invalid handle
[2026-10-09 13:11:41.306] [svulkan2] [error] OIDN Error: invalid handle
[2026-10-09 13:11:41.306] [svulkan2] [error] OIDN Error: invalid handle
[2026-10-09 13:11:41.306] [svulkan2] [error] OIDN Error: invalid handle
[2026-10-09 13:11:41.306] [svulkan2] [error] OIDN Error: invalid handle
[2026-10-09 13:11:41.356] [svulkan2] [error] OIDN Error: invalid handle
[2026-10-09 13:11:41.356] [svulkan2] [error] OIDN Error: invalid handle
[2026-10-09 13:11:41.356] [svulkan2] [error] OIDN Error: invalid handle
[2026-10-09 13:11:41.356] [svulkan2] [error] OIDN Error: invalid handle
[2026-10-09 13:11:41.406] [svulkan2] [error] OIDN Error: invalid handle
[2026-10-09 13:11:41.406] [svulkan2] [error] OIDN Error: invalid handle
[2026-10-09 13:11:41.406] [svulkan2] [error] OIDN Error: invalid handle
[2026-10-09 13:11:41.406] [svulkan2] [error] OIDN Error: invalid handle
[2026-10-09 13:11:41.458] [svulkan2] [error] OIDN Error: invalid handle
[2026-10-09 13:11:41.459] [svulkan2] [error] OIDN Error: invalid handle
[2026-10-09 13:11:41.459] [svulkan2] [error] OIDN Error: invalid handle
[2026-10-09 13:11:41.459] [svulkan2] [error] OIDN Error: invalid handle
[2026-10-09 13:11:41.509] [svulkan2] [error] OIDN Error: invalid handle
[2026-10-09 13:11:41.509] [svulkan2] [error] OIDN Error: invalid handle
[2026-10-09 13:11:41.509] [svulkan2] [error] OIDN Error: invalid handle
[2026-10-09 13:11:41.509] [svulkan2] [error] OIDN Error: invalid handle
[2026-10-09 13:11:41.560] [svulkan2] [error] OIDN Error: invalid handle
[2026-10-09 13:11:41.560] [svulkan2] [error] OIDN Error: invalid handle
[2026-10-09 13:11:41.560] [svulkan2] [error] OIDN Error: invalid handle
[2026-10-09 13:11:41.560] [svulkan2] [error] OIDN Error: invalid handle
[2026-10-09 13:11:41.610] [svulkan2] [error] OIDN Error: invalid handle
[2026-10-09 13:11:41.611] [svulkan2] [error] OIDN Error: invalid handle
[2026-10-09 13:11:41.611] [svulkan2] [error] OIDN Error: invalid handle
[2026-10-09 13:11:41.611] [svulkan2] [error] OIDN Error: invalid handle
[2026-10-09 13:11:41.660] [svulkan2] [error] OIDN Error: invalid handle
[2026-10-09 13:11:41.660] [svulkan2] [error] OIDN Error: invalid handle
[2026-10-09 13:11:41.660] [svulkan2] [error] OIDN Error: invalid handle
[2026-10-09 13:11:41.660] [svulkan2] [error] OIDN Error: invalid handle
[2026-10-09 13:11:41.709] [svulkan2] [error] OIDN Error: invalid handle
[2026-10-09 13:11:41.709] [svulkan2] [error] OIDN Error: invalid handle
[2026-10-09 13:11:41.709] [svulkan2] [error] OIDN Error: invalid handle
[2026-10-09 13:11:41.709] [svulkan2] [error] OIDN Error: invalid handle
[2026-10-09 13:11:41.758] [svulkan2] [error] OIDN Error: invalid handle
[2026-10-09 13:11:41.758] [svulkan2] [error] OIDN Error: invalid handle
[2026-10-09 13:11:41.758] [svulkan2] [error] OIDN Error: invalid handle
[2026-10-09 13:11:41.758] [svulkan2] [error] OIDN Error: invalid handle
[2026-10-09 13:11:41.807] [svulkan2] [error] OIDN Error: invalid handle
[2026-10-09 13:11:41.807] [svulkan2] [error] OIDN Error: invalid handle
[2026-10-09 13:11:41.807] [svulkan2] [error] OIDN Error: invalid handle
[2026-10-09 13:11:41.807] [svulkan2] [error] OIDN Error: invalid handle
[2026-10-09 13:11:41.857] [svulkan2] [error] OIDN Error: invalid handle
[2026-10-09 13:11:41.857] [svulkan2] [error] OIDN Error: invalid handle
[2026-10-09 13:11:41.857] [svulkan2] [error] OIDN Error: invalid handle
[2026-10-09 13:11:41.857] [svulkan2] [error] OIDN Error: invalid handle
[2026-10-09 13:11:41.906] [svulkan2] [error] OIDN Error: invalid handle
[2026-10-09 13:11:41.907] [svulkan2] [error] OIDN Error: invalid handle
[2026-10-09 13:11:41.907] [svulkan2] [error] OIDN Error: invalid handle
[2026-10-09 13:11:41.907] [svulkan2] [error] OIDN Error: invalid handle
[2026-10-09 13:11:41.956] [svulkan2] [error] OIDN Error: invalid handle
[2026-10-09 13:11:41.956] [svulkan2] [error] OIDN Error: invalid handle
[2026-10-09 13:11:41.956] [svulkan2] [error] OIDN Error: invalid handle
[2026-10-09 13:11:41.956] [svulkan2] [error] OIDN Error: invalid handle
[2026-10-09 13:11:42.005] [svulkan2] [error] OIDN Error: invalid handle
[2026-10-09 13:11:42.005] [svulkan2] [error] OIDN Error: invalid handle
[2026-10-09 13:11:42.005] [svulkan2] [error] OIDN Error: invalid handle
[2026-10-09 13:11:42.005] [svulkan2] [error] OIDN Error: invalid handle
[2026-10-09 13:11:42.054] [svulkan2] [error] OIDN Error: invalid handle
[2026-10-09 13:11:42.054] [svulkan2] [error] OIDN Error: invalid handle
[2026-10-09 13:11:42.054] [svulkan2] [error] OIDN Error: invalid handle
[2026-10-09 13:11:42.054] [svulkan2] [error] OIDN Error: invalid handle
[2026-10-09 13:11:42.103] [svulkan2] [error] OIDN Error: invalid handle
[2026-10-09 13:11:42.103] [svulkan2] [error] OIDN Error: invalid handle
[2026-10-09 13:11:42.103] [svulkan2] [error] OIDN Error: invalid handle
[2026-10-09 13:11:42.103] [svulkan2] [error] OIDN Error: invalid handle
[2026-10-09 13:11:42.152] [svulkan2] [error] OIDN Error: invalid handle
[2026-10-09 13:11:42.152] [svulkan2] [error] OIDN Error: invalid handle
[2026-10-09 13:11:42.152] [svulkan2] [error] OIDN Error: invalid handle
[2026-10-09 13:11:42.152] [svulkan2] [error] OIDN Error: invalid handle
[2026-10-09 13:11:42.201] [svulkan2] [error] OIDN Error: invalid handle
[2026-10-09 13:11:42.201] [svulkan2] [error] OIDN Error: invalid handle
[2026-10-09 13:11:42.201] [svulkan2] [error] OIDN Error: invalid handle
[2026-10-09 13:11:42.201] [svulkan2] [error] OIDN Error: invalid handle
[2026-10-09 13:11:42.253] [svulkan2] [error] OIDN Error: invalid handle
[2026-10-09 13:11:42.253] [svulkan2] [error] OIDN Error: invalid handle
[2026-10-09 13:11:42.253] [svulkan2] [error] OIDN Error: invalid handle
[2026-10-09 13:11:42.253] [svulkan2] [error] OIDN Error: invalid handle
step: [92m5 / 400[0m{"attempt": 1, "decision": 4, "id": 5, "motions": 5, "left": "pos [-0.277, 0.025, 1.001] quat [0.5, -0.5, 0.5, 0.5] grip 0.00", "right": "hold grip 1.00", "planner": {"left": "Success", "right": "hold"}, "success": false, "calls_total": 5, "latency_s": 13.0}
[2026-10-09 13:12:04.555] [svulkan2] [error] OIDN Error: invalid handle
[2026-10-09 13:12:04.555] [svulkan2] [error] OIDN Error: invalid handle
[2026-10-09 13:12:04.555] [svulkan2] [error] OIDN Error: invalid handle
[2026-10-09 13:12:04.555] [svulkan2] [error] OIDN Error: invalid handle
[2026-10-09 13:12:04.608] [svulkan2] [error] OIDN Error: invalid handle
[2026-10-09 13:12:04.608] [svulkan2] [error] OIDN Error: invalid handle
[2026-10-09 13:12:04.608] [svulkan2] [error] OIDN Error: invalid handle
[2026-10-09 13:12:04.608] [svulkan2] [error] OIDN Error: invalid handle
[2026-10-09 13:12:04.657] [svulkan2] [error] OIDN Error: invalid handle
[2026-10-09 13:12:04.657] [svulkan2] [error] OIDN Error: invalid handle
[2026-10-09 13:12:04.657] [svulkan2] [error] OIDN Error: invalid handle
[2026-10-09 13:12:04.657] [svulkan2] [error] OIDN Error: invalid handle
[2026-10-09 13:12:04.705] [svulkan2] [error] OIDN Error: invalid handle
[2026-10-09 13:12:04.705] [svulkan2] [error] OIDN Error: invalid handle
[2026-10-09 13:12:04.705] [svulkan2] [error] OIDN Error: invalid handle
[2026-10-09 13:12:04.705] [svulkan2] [error] OIDN Error: invalid handle
[2026-10-09 13:12:04.754] [svulkan2] [error] OIDN Error: invalid handle
[2026-10-09 13:12:04.755] [svulkan2] [error] OIDN Error: invalid handle
[2026-10-09 13:12:04.755] [svulkan2] [error] OIDN Error: invalid handle
[2026-10-09 13:12:04.755] [svulkan2] [error] OIDN Error: invalid handle
[2026-10-09 13:12:04.803] [svulkan2] [error] OIDN Error: invalid handle
[2026-10-09 13:12:04.803] [svulkan2] [error] OIDN Error: invalid handle
[2026-10-09 13:12:04.803] [svulkan2] [error] OIDN Error: invalid handle
[2026-10-09 13:12:04.803] [svulkan2] [error] OIDN Error: invalid handle
[2026-10-09 13:12:04.852] [svulkan2] [error] OIDN Error: invalid handle
[2026-10-09 13:12:04.852] [svulkan2] [error] OIDN Error: invalid handle
[2026-10-09 13:12:04.852] [svulkan2] [error] OIDN Error: invalid handle
[2026-10-09 13:12:04.852] [svulkan2] [error] OIDN Error: invalid handle
[2026-10-09 13:12:04.901] [svulkan2] [error] OIDN Error: invalid handle
[2026-10-09 13:12:04.901] [svulkan2] [error] OIDN Error: invalid handle
[2026-10-09 13:12:04.901] [svulkan2] [error] OIDN Error: invalid handle
[2026-10-09 13:12:04.901] [svulkan2] [error] OIDN Error: invalid handle
[2026-10-09 13:12:04.950] [svulkan2] [error] OIDN Error: invalid handle
[2026-10-09 13:12:04.950] [svulkan2] [error] OIDN Error: invalid handle
[2026-10-09 13:12:04.950] [svulkan2] [error] OIDN Error: invalid handle
[2026-10-09 13:12:04.950] [svulkan2] [error] OIDN Error: invalid handle
[2026-10-09 13:12:04.999] [svulkan2] [error] OIDN Error: invalid handle
[2026-10-09 13:12:05.001] [svulkan2] [error] OIDN Error: invalid handle
[2026-10-09 13:12:05.001] [svulkan2] [error] OIDN Error: invalid handle
[2026-10-09 13:12:05.001] [svulkan2] [error] OIDN Error: invalid handle
[2026-10-09 13:12:05.048] [svulkan2] [error] OIDN Error: invalid handle
[2026-10-09 13:12:05.048] [svulkan2] [error] OIDN Error: invalid handle
[2026-10-09 13:12:05.048] [svulkan2] [error] OIDN Error: invalid handle
[2026-10-09 13:12:05.048] [svulkan2] [error] OIDN Error: invalid handle
[2026-10-09 13:12:05.098] [svulkan2] [error] OIDN Error: invalid handle
[2026-10-09 13:12:05.098] [svulkan2] [error] OIDN Error: invalid handle
[2026-10-09 13:12:05.098] [svulkan2] [error] OIDN Error: invalid handle
[2026-10-09 13:12:05.098] [svulkan2] [error] OIDN Error: invalid handle
[2026-10-09 13:12:05.148] [svulkan2] [error] OIDN Error: invalid handle
[2026-10-09 13:12:05.148] [svulkan2] [error] OIDN Error: invalid handle
[2026-10-09 13:12:05.148] [svulkan2] [error] OIDN Error: invalid handle
[2026-10-09 13:12:05.148] [svulkan2] [error] OIDN Error: invalid handle
[2026-10-09 13:12:05.197] [svulkan2] [error] OIDN Error: invalid handle
[2026-10-09 13:12:05.197] [svulkan2] [error] OIDN Error: invalid handle
[2026-10-09 13:12:05.197] [svulkan2] [error] OIDN Error: invalid handle
[2026-10-09 13:12:05.197] [svulkan2] [error] OIDN Error: invalid handle
[2026-10-09 13:12:05.247] [svulkan2] [error] OIDN Error: invalid handle
[2026-10-09 13:12:05.247] [svulkan2] [error] OIDN Error: invalid handle
[2026-10-09 13:12:05.247] [svulkan2] [error] OIDN Error: invalid handle
[2026-10-09 13:12:05.247] [svulkan2] [error] OIDN Error: invalid handle
[2026-10-09 13:12:05.297] [svulkan2] [error] OIDN Error: invalid handle
[2026-10-09 13:12:05.298] [svulkan2] [error] OIDN Error: invalid handle
[2026-10-09 13:12:05.298] [svulkan2] [error] OIDN Error: invalid handle
[2026-10-09 13:12:05.298] [svulkan2] [error] OIDN Error: invalid handle
[2026-10-09 13:12:05.348] [svulkan2] [error] OIDN Error: invalid handle
[2026-10-09 13:12:05.348] [svulkan2] [error] OIDN Error: invalid handle
[2026-10-09 13:12:05.348] [svulkan2] [error] OIDN Error: invalid handle
[2026-10-09 13:12:05.348] [svulkan2] [error] OIDN Error: invalid handle
[2026-10-09 13:12:05.399] [svulkan2] [error] OIDN Error: invalid handle
[2026-10-09 13:12:05.399] [svulkan2] [error] OIDN Error: invalid handle
[2026-10-09 13:12:05.399] [svulkan2] [error] OIDN Error: invalid handle
[2026-10-09 13:12:05.399] [svulkan2] [error] OIDN Error: invalid handle
[2026-10-09 13:12:05.450] [svulkan2] [error] OIDN Error: invalid handle
[2026-10-09 13:12:05.451] [svulkan2] [error] OIDN Error: invalid handle
[2026-10-09 13:12:05.451] [svulkan2] [error] OIDN Error: invalid handle
[2026-10-09 13:12:05.451] [svulkan2] [error] OIDN Error: invalid handle
[2026-10-09 13:12:05.501] [svulkan2] [error] OIDN Error: invalid handle
[2026-10-09 13:12:05.501] [svulkan2] [error] OIDN Error: invalid handle
[2026-10-09 13:12:05.501] [svulkan2] [error] OIDN Error: invalid handle
[2026-10-09 13:12:05.501] [svulkan2] [error] OIDN Error: invalid handle
[2026-10-09 13:12:05.553] [svulkan2] [error] OIDN Error: invalid handle
[2026-10-09 13:12:05.553] [svulkan2] [error] OIDN Error: invalid handle
[2026-10-09 13:12:05.553] [svulkan2] [error] OIDN Error: invalid handle
[2026-10-09 13:12:05.553] [svulkan2] [error] OIDN Error: invalid handle
[2026-10-09 13:12:05.604] [svulkan2] [error] OIDN Error: invalid handle
[2026-10-09 13:12:05.604] [svulkan2] [error] OIDN Error: invalid handle
[2026-10-09 13:12:05.604] [svulkan2] [error] OIDN Error: invalid handle
[2026-10-09 13:12:05.604] [svulkan2] [error] OIDN Error: invalid handle
[2026-10-09 13:12:05.656] [svulkan2] [error] OIDN Error: invalid handle
[2026-10-09 13:12:05.656] [svulkan2] [error] OIDN Error: invalid handle
[2026-10-09 13:12:05.656] [svulkan2] [error] OIDN Error: invalid handle
[2026-10-09 13:12:05.656] [svulkan2] [error] OIDN Error: invalid handle
[2026-10-09 13:12:05.706] [svulkan2] [error] OIDN Error: invalid handle
[2026-10-09 13:12:05.706] [svulkan2] [error] OIDN Error: invalid handle
[2026-10-09 13:12:05.706] [svulkan2] [error] OIDN Error: invalid handle
[2026-10-09 13:12:05.706] [svulkan2] [error] OIDN Error: invalid handle
[2026-10-09 13:12:05.758] [svulkan2] [error] OIDN Error: invalid handle
[2026-10-09 13:12:05.758] [svulkan2] [error] OIDN Error: invalid handle
[2026-10-09 13:12:05.758] [svulkan2] [error] OIDN Error: invalid handle
[2026-10-09 13:12:05.758] [svulkan2] [error] OIDN Error: invalid handle
[2026-10-09 13:12:05.809] [svulkan2] [error] OIDN Error: invalid handle
[2026-10-09 13:12:05.809] [svulkan2] [error] OIDN Error: invalid handle
[2026-10-09 13:12:05.809] [svulkan2] [error] OIDN Error: invalid handle
[2026-10-09 13:12:05.809] [svulkan2] [error] OIDN Error: invalid handle
[2026-10-09 13:12:05.861] [svulkan2] [error] OIDN Error: invalid handle
[2026-10-09 13:12:05.861] [svulkan2] [error] OIDN Error: invalid handle
[2026-10-09 13:12:05.861] [svulkan2] [error] OIDN Error: invalid handle
[2026-10-09 13:12:05.861] [svulkan2] [error] OIDN Error: invalid handle
[2026-10-09 13:12:05.913] [svulkan2] [error] OIDN Error: invalid handle
[2026-10-09 13:12:05.913] [svulkan2] [error] OIDN Error: invalid handle
[2026-10-09 13:12:05.913] [svulkan2] [error] OIDN Error: invalid handle
[2026-10-09 13:12:05.913] [svulkan2] [error] OIDN Error: invalid handle
[2026-10-09 13:12:05.965] [svulkan2] [error] OIDN Error: invalid handle
[2026-10-09 13:12:05.965] [svulkan2] [error] OIDN Error: invalid handle
[2026-10-09 13:12:05.965] [svulkan2] [error] OIDN Error: invalid handle
[2026-10-09 13:12:05.965] [svulkan2] [error] OIDN Error: invalid handle
[2026-10-09 13:12:06.017] [svulkan2] [error] OIDN Error: invalid handle
[2026-10-09 13:12:06.017] [svulkan2] [error] OIDN Error: invalid handle
[2026-10-09 13:12:06.017] [svulkan2] [error] OIDN Error: invalid handle
[2026-10-09 13:12:06.017] [svulkan2] [error] OIDN Error: invalid handle
[2026-10-09 13:12:06.070] [svulkan2] [error] OIDN Error: invalid handle
[2026-10-09 13:12:06.070] [svulkan2] [error] OIDN Error: invalid handle
[2026-10-09 13:12:06.070] [svulkan2] [error] OIDN Error: invalid handle
[2026-10-09 13:12:06.070] [svulkan2] [error] OIDN Error: invalid handle
[2026-10-09 13:12:06.122] [svulkan2] [error] OIDN Error: invalid handle
[2026-10-09 13:12:06.122] [svulkan2] [error] OIDN Error: invalid handle
[2026-10-09 13:12:06.122] [svulkan2] [error] OIDN Error: invalid handle
[2026-10-09 13:12:06.122] [svulkan2] [error] OIDN Error: invalid handle
[2026-10-09 13:12:06.175] [svulkan2] [error] OIDN Error: invalid handle
[2026-10-09 13:12:06.175] [svulkan2] [error] OIDN Error: invalid handle
[2026-10-09 13:12:06.175] [svulkan2] [error] OIDN Error: invalid handle
[2026-10-09 13:12:06.175] [svulkan2] [error] OIDN Error: invalid handle
[2026-10-09 13:12:06.228] [svulkan2] [error] OIDN Error: invalid handle
[2026-10-09 13:12:06.228] [svulkan2] [error] OIDN Error: invalid handle
[2026-10-09 13:12:06.228] [svulkan2] [error] OIDN Error: invalid handle
[2026-10-09 13:12:06.228] [svulkan2] [error] OIDN Error: invalid handle
[2026-10-09 13:12:06.280] [svulkan2] [error] OIDN Error: invalid handle
[2026-10-09 13:12:06.281] [svulkan2] [error] OIDN Error: invalid handle
[2026-10-09 13:12:06.281] [svulkan2] [error] OIDN Error: invalid handle
[2026-10-09 13:12:06.281] [svulkan2] [error] OIDN Error: invalid handle
[2026-10-09 13:12:06.334] [svulkan2] [error] OIDN Error: invalid handle
[2026-10-09 13:12:06.334] [svulkan2] [error] OIDN Error: invalid handle
[2026-10-09 13:12:06.334] [svulkan2] [error] OIDN Error: invalid handle
[2026-10-09 13:12:06.334] [svulkan2] [error] OIDN Error: invalid handle
[2026-10-09 13:12:06.386] [svulkan2] [error] OIDN Error: invalid handle
[2026-10-09 13:12:06.386] [svulkan2] [error] OIDN Error: invalid handle
[2026-10-09 13:12:06.386] [svulkan2] [error] OIDN Error: invalid handle
[2026-10-09 13:12:06.386] [svulkan2] [error] OIDN Error: invalid handle
[2026-10-09 13:12:06.439] [svulkan2] [error] OIDN Error: invalid handle
[2026-10-09 13:12:06.439] [svulkan2] [error] OIDN Error: invalid handle
[2026-10-09 13:12:06.439] [svulkan2] [error] OIDN Error: invalid handle
[2026-10-09 13:12:06.439] [svulkan2] [error] OIDN Error: invalid handle
[2026-10-09 13:12:06.491] [svulkan2] [error] OIDN Error: invalid handle
[2026-10-09 13:12:06.491] [svulkan2] [error] OIDN Error: invalid handle
[2026-10-09 13:12:06.491] [svulkan2] [error] OIDN Error: invalid handle
[2026-10-09 13:12:06.491] [svulkan2] [error] OIDN Error: invalid handle
[2026-10-09 13:12:06.543] [svulkan2] [error] OIDN Error: invalid handle
[2026-10-09 13:12:06.543] [svulkan2] [error] OIDN Error: invalid handle
[2026-10-09 13:12:06.544] [svulkan2] [error] OIDN Error: invalid handle
[2026-10-09 13:12:06.544] [svulkan2] [error] OIDN Error: invalid handle
[2026-10-09 13:12:06.596] [svulkan2] [error] OIDN Error: invalid handle
[2026-10-09 13:12:06.596] [svulkan2] [error] OIDN Error: invalid handle
[2026-10-09 13:12:06.596] [svulkan2] [error] OIDN Error: invalid handle
[2026-10-09 13:12:06.596] [svulkan2] [error] OIDN Error: invalid handle
[2026-10-09 13:12:06.653] [svulkan2] [error] OIDN Error: invalid handle
[2026-10-09 13:12:06.653] [svulkan2] [error] OIDN Error: invalid handle
[2026-10-09 13:12:06.653] [svulkan2] [error] OIDN Error: invalid handle
[2026-10-09 13:12:06.653] [svulkan2] [error] OIDN Error: invalid handle
[2026-10-09 13:12:06.705] [svulkan2] [error] OIDN Error: invalid handle
[2026-10-09 13:12:06.706] [svulkan2] [error] OIDN Error: invalid handle
[2026-10-09 13:12:06.706] [svulkan2] [error] OIDN Error: invalid handle
[2026-10-09 13:12:06.706] [svulkan2] [error] OIDN Error: invalid handle
[2026-10-09 13:12:06.758] [svulkan2] [error] OIDN Error: invalid handle
[2026-10-09 13:12:06.758] [svulkan2] [error] OIDN Error: invalid handle
[2026-10-09 13:12:06.758] [svulkan2] [error] OIDN Error: invalid handle
[2026-10-09 13:12:06.758] [svulkan2] [error] OIDN Error: invalid handle
[2026-10-09 13:12:06.808] [svulkan2] [error] OIDN Error: invalid handle
[2026-10-09 13:12:06.808] [svulkan2] [error] OIDN Error: invalid handle
[2026-10-09 13:12:06.808] [svulkan2] [error] OIDN Error: invalid handle
[2026-10-09 13:12:06.808] [svulkan2] [error] OIDN Error: invalid handle
step: [92m6 / 400[0m{"attempt": 1, "decision": 5, "id": 6, "motions": 6, "left": "pos [-0.015, -0.1, 1.02] quat [0.5, -0.5, 0.5, 0.5] grip 0.00", "right": "hold grip 1.00", "planner": {"left": "Success", "right": "hold"}, "success": false, "calls_total": 6, "latency_s": 21.71}
[2026-10-09 13:12:25.465] [svulkan2] [error] OIDN Error: invalid handle
[2026-10-09 13:12:25.466] [svulkan2] [error] OIDN Error: invalid handle
[2026-10-09 13:12:25.467] [svulkan2] [error] OIDN Error: invalid handle
[2026-10-09 13:12:25.467] [svulkan2] [error] OIDN Error: invalid handle
[2026-10-09 13:12:25.518] [svulkan2] [error] OIDN Error: invalid handle
[2026-10-09 13:12:25.518] [svulkan2] [error] OIDN Error: invalid handle
[2026-10-09 13:12:25.518] [svulkan2] [error] OIDN Error: invalid handle
[2026-10-09 13:12:25.518] [svulkan2] [error] OIDN Error: invalid handle
[2026-10-09 13:12:25.570] [svulkan2] [error] OIDN Error: invalid handle
[2026-10-09 13:12:25.570] [svulkan2] [error] OIDN Error: invalid handle
[2026-10-09 13:12:25.570] [svulkan2] [error] OIDN Error: invalid handle
[2026-10-09 13:12:25.570] [svulkan2] [error] OIDN Error: invalid handle
[2026-10-09 13:12:25.622] [svulkan2] [error] OIDN Error: invalid handle
[2026-10-09 13:12:25.623] [svulkan2] [error] OIDN Error: invalid handle
[2026-10-09 13:12:25.623] [svulkan2] [error] OIDN Error: invalid handle
[2026-10-09 13:12:25.623] [svulkan2] [error] OIDN Error: invalid handle
[2026-10-09 13:12:25.677] [svulkan2] [error] OIDN Error: invalid handle
[2026-10-09 13:12:25.677] [svulkan2] [error] OIDN Error: invalid handle
[2026-10-09 13:12:25.677] [svulkan2] [error] OIDN Error: invalid handle
[2026-10-09 13:12:25.677] [svulkan2] [error] OIDN Error: invalid handle
[2026-10-09 13:12:25.729] [svulkan2] [error] OIDN Error: invalid handle
[2026-10-09 13:12:25.729] [svulkan2] [error] OIDN Error: invalid handle
[2026-10-09 13:12:25.729] [svulkan2] [error] OIDN Error: invalid handle
[2026-10-09 13:12:25.729] [svulkan2] [error] OIDN Error: invalid handle
[2026-10-09 13:12:25.781] [svulkan2] [error] OIDN Error: invalid handle
[2026-10-09 13:12:25.782] [svulkan2] [error] OIDN Error: invalid handle
[2026-10-09 13:12:25.782] [svulkan2] [error] OIDN Error: invalid handle
[2026-10-09 13:12:25.782] [svulkan2] [error] OIDN Error: invalid handle
[2026-10-09 13:12:25.835] [svulkan2] [error] OIDN Error: invalid handle
[2026-10-09 13:12:25.835] [svulkan2] [error] OIDN Error: invalid handle
[2026-10-09 13:12:25.835] [svulkan2] [error] OIDN Error: invalid handle
[2026-10-09 13:12:25.835] [svulkan2] [error] OIDN Error: invalid handle
[2026-10-09 13:12:25.889] [svulkan2] [error] OIDN Error: invalid handle
[2026-10-09 13:12:25.889] [svulkan2] [error] OIDN Error: invalid handle
[2026-10-09 13:12:25.889] [svulkan2] [error] OIDN Error: invalid handle
[2026-10-09 13:12:25.889] [svulkan2] [error] OIDN Error: invalid handle
[2026-10-09 13:12:25.942] [svulkan2] [error] OIDN Error: invalid handle
[2026-10-09 13:12:25.942] [svulkan2] [error] OIDN Error: invalid handle
[2026-10-09 13:12:25.942] [svulkan2] [error] OIDN Error: invalid handle
[2026-10-09 13:12:25.942] [svulkan2] [error] OIDN Error: invalid handle
[2026-10-09 13:12:25.996] [svulkan2] [error] OIDN Error: invalid handle
[2026-10-09 13:12:25.996] [svulkan2] [error] OIDN Error: invalid handle
[2026-10-09 13:12:25.996] [svulkan2] [error] OIDN Error: invalid handle
[2026-10-09 13:12:25.996] [svulkan2] [error] OIDN Error: invalid handle
[2026-10-09 13:12:26.050] [svulkan2] [error] OIDN Error: invalid handle
[2026-10-09 13:12:26.050] [svulkan2] [error] OIDN Error: invalid handle
[2026-10-09 13:12:26.050] [svulkan2] [error] OIDN Error: invalid handle
[2026-10-09 13:12:26.050] [svulkan2] [error] OIDN Error: invalid handle
[2026-10-09 13:12:26.104] [svulkan2] [error] OIDN Error: invalid handle
[2026-10-09 13:12:26.104] [svulkan2] [error] OIDN Error: invalid handle
[2026-10-09 13:12:26.104] [svulkan2] [error] OIDN Error: invalid handle
[2026-10-09 13:12:26.104] [svulkan2] [error] OIDN Error: invalid handle
[2026-10-09 13:12:26.158] [svulkan2] [error] OIDN Error: invalid handle
[2026-10-09 13:12:26.158] [svulkan2] [error] OIDN Error: invalid handle
[2026-10-09 13:12:26.158] [svulkan2] [error] OIDN Error: invalid handle
[2026-10-09 13:12:26.158] [svulkan2] [error] OIDN Error: invalid handle
[2026-10-09 13:12:26.212] [svulkan2] [error] OIDN Error: invalid handle
[2026-10-09 13:12:26.212] [svulkan2] [error] OIDN Error: invalid handle
[2026-10-09 13:12:26.212] [svulkan2] [error] OIDN Error: invalid handle
[2026-10-09 13:12:26.212] [svulkan2] [error] OIDN Error: invalid handle
[2026-10-09 13:12:26.266] [svulkan2] [error] OIDN Error: invalid handle
[2026-10-09 13:12:26.266] [svulkan2] [error] OIDN Error: invalid handle
[2026-10-09 13:12:26.266] [svulkan2] [error] OIDN Error: invalid handle
[2026-10-09 13:12:26.266] [svulkan2] [error] OIDN Error: invalid handle
[2026-10-09 13:12:26.320] [svulkan2] [error] OIDN Error: invalid handle
[2026-10-09 13:12:26.320] [svulkan2] [error] OIDN Error: invalid handle
[2026-10-09 13:12:26.321] [svulkan2] [error] OIDN Error: invalid handle
[2026-10-09 13:12:26.321] [svulkan2] [error] OIDN Error: invalid handle
[2026-10-09 13:12:26.375] [svulkan2] [error] OIDN Error: invalid handle
[2026-10-09 13:12:26.375] [svulkan2] [error] OIDN Error: invalid handle
[2026-10-09 13:12:26.375] [svulkan2] [error] OIDN Error: invalid handle
[2026-10-09 13:12:26.375] [svulkan2] [error] OIDN Error: invalid handle
[2026-10-09 13:12:26.429] [svulkan2] [error] OIDN Error: invalid handle
[2026-10-09 13:12:26.429] [svulkan2] [error] OIDN Error: invalid handle
[2026-10-09 13:12:26.429] [svulkan2] [error] OIDN Error: invalid handle
[2026-10-09 13:12:26.429] [svulkan2] [error] OIDN Error: invalid handle
[2026-10-09 13:12:26.484] [svulkan2] [error] OIDN Error: invalid handle
[2026-10-09 13:12:26.484] [svulkan2] [error] OIDN Error: invalid handle
[2026-10-09 13:12:26.484] [svulkan2] [error] OIDN Error: invalid handle
[2026-10-09 13:12:26.484] [svulkan2] [error] OIDN Error: invalid handle
[2026-10-09 13:12:26.538] [svulkan2] [error] OIDN Error: invalid handle
[2026-10-09 13:12:26.538] [svulkan2] [error] OIDN Error: invalid handle
[2026-10-09 13:12:26.538] [svulkan2] [error] OIDN Error: invalid handle
[2026-10-09 13:12:26.538] [svulkan2] [error] OIDN Error: invalid handle
[2026-10-09 13:12:26.593] [svulkan2] [error] OIDN Error: invalid handle
[2026-10-09 13:12:26.593] [svulkan2] [error] OIDN Error: invalid handle
[2026-10-09 13:12:26.593] [svulkan2] [error] OIDN Error: invalid handle
[2026-10-09 13:12:26.593] [svulkan2] [error] OIDN Error: invalid handle
[2026-10-09 13:12:26.648] [svulkan2] [error] OIDN Error: invalid handle
[2026-10-09 13:12:26.648] [svulkan2] [error] OIDN Error: invalid handle
[2026-10-09 13:12:26.648] [svulkan2] [error] OIDN Error: invalid handle
[2026-10-09 13:12:26.648] [svulkan2] [error] OIDN Error: invalid handle
[2026-10-09 13:12:26.702] [svulkan2] [error] OIDN Error: invalid handle
[2026-10-09 13:12:26.702] [svulkan2] [error] OIDN Error: invalid handle
[2026-10-09 13:12:26.702] [svulkan2] [error] OIDN Error: invalid handle
[2026-10-09 13:12:26.702] [svulkan2] [error] OIDN Error: invalid handle
[2026-10-09 13:12:26.756] [svulkan2] [error] OIDN Error: invalid handle
[2026-10-09 13:12:26.756] [svulkan2] [error] OIDN Error: invalid handle
[2026-10-09 13:12:26.756] [svulkan2] [error] OIDN Error: invalid handle
[2026-10-09 13:12:26.756] [svulkan2] [error] OIDN Error: invalid handle
[2026-10-09 13:12:26.812] [svulkan2] [error] OIDN Error: invalid handle
[2026-10-09 13:12:26.812] [svulkan2] [error] OIDN Error: invalid handle
[2026-10-09 13:12:26.812] [svulkan2] [error] OIDN Error: invalid handle
[2026-10-09 13:12:26.812] [svulkan2] [error] OIDN Error: invalid handle
[2026-10-09 13:12:26.868] [svulkan2] [error] OIDN Error: invalid handle
[2026-10-09 13:12:26.868] [svulkan2] [error] OIDN Error: invalid handle
[2026-10-09 13:12:26.868] [svulkan2] [error] OIDN Error: invalid handle
[2026-10-09 13:12:26.868] [svulkan2] [error] OIDN Error: invalid handle
[2026-10-09 13:12:26.926] [svulkan2] [error] OIDN Error: invalid handle
[2026-10-09 13:12:26.926] [svulkan2] [error] OIDN Error: invalid handle
[2026-10-09 13:12:26.926] [svulkan2] [error] OIDN Error: invalid handle
[2026-10-09 13:12:26.926] [svulkan2] [error] OIDN Error: invalid handle
[2026-10-09 13:12:26.989] [svulkan2] [error] OIDN Error: invalid handle
[2026-10-09 13:12:26.989] [svulkan2] [error] OIDN Error: invalid handle
[2026-10-09 13:12:26.989] [svulkan2] [error] OIDN Error: invalid handle
[2026-10-09 13:12:26.989] [svulkan2] [error] OIDN Error: invalid handle
[2026-10-09 13:12:27.049] [svulkan2] [error] OIDN Error: invalid handle
[2026-10-09 13:12:27.049] [svulkan2] [error] OIDN Error: invalid handle
[2026-10-09 13:12:27.049] [svulkan2] [error] OIDN Error: invalid handle
[2026-10-09 13:12:27.049] [svulkan2] [error] OIDN Error: invalid handle
[2026-10-09 13:12:27.108] [svulkan2] [error] OIDN Error: invalid handle
[2026-10-09 13:12:27.108] [svulkan2] [error] OIDN Error: invalid handle
[2026-10-09 13:12:27.108] [svulkan2] [error] OIDN Error: invalid handle
[2026-10-09 13:12:27.109] [svulkan2] [error] OIDN Error: invalid handle
[2026-10-09 13:12:27.168] [svulkan2] [error] OIDN Error: invalid handle
[2026-10-09 13:12:27.168] [svulkan2] [error] OIDN Error: invalid handle
[2026-10-09 13:12:27.168] [svulkan2] [error] OIDN Error: invalid handle
[2026-10-09 13:12:27.168] [svulkan2] [error] OIDN Error: invalid handle
[2026-10-09 13:12:27.226] [svulkan2] [error] OIDN Error: invalid handle
[2026-10-09 13:12:27.226] [svulkan2] [error] OIDN Error: invalid handle
[2026-10-09 13:12:27.226] [svulkan2] [error] OIDN Error: invalid handle
[2026-10-09 13:12:27.226] [svulkan2] [error] OIDN Error: invalid handle
[2026-10-09 13:12:27.281] [svulkan2] [error] OIDN Error: invalid handle
[2026-10-09 13:12:27.281] [svulkan2] [error] OIDN Error: invalid handle
[2026-10-09 13:12:27.281] [svulkan2] [error] OIDN Error: invalid handle
[2026-10-09 13:12:27.281] [svulkan2] [error] OIDN Error: invalid handle
step: [92m7 / 400[0m{"attempt": 1, "decision": 6, "id": 7, "motions": 7, "left": "pos [0.017, -0.1, 0.938] quat [0.5, -0.5, 0.5, 0.5] grip 0.00", "right": "hold grip 1.00", "planner": {"left": "Success", "right": "hold"}, "success": false, "calls_total": 7, "latency_s": 18.06}
[2026-10-09 13:12:42.959] [svulkan2] [error] OIDN Error: invalid handle
[2026-10-09 13:12:42.959] [svulkan2] [error] OIDN Error: invalid handle
[2026-10-09 13:12:42.959] [svulkan2] [error] OIDN Error: invalid handle
[2026-10-09 13:12:42.959] [svulkan2] [error] OIDN Error: invalid handle
[2026-10-09 13:12:43.020] [svulkan2] [error] OIDN Error: invalid handle
[2026-10-09 13:12:43.020] [svulkan2] [error] OIDN Error: invalid handle
[2026-10-09 13:12:43.020] [svulkan2] [error] OIDN Error: invalid handle
[2026-10-09 13:12:43.020] [svulkan2] [error] OIDN Error: invalid handle
[2026-10-09 13:12:43.087] [svulkan2] [error] OIDN Error: invalid handle
[2026-10-09 13:12:43.089] [svulkan2] [error] OIDN Error: invalid handle
[2026-10-09 13:12:43.089] [svulkan2] [error] OIDN Error: invalid handle
[2026-10-09 13:12:43.089] [svulkan2] [error] OIDN Error: invalid handle
[2026-10-09 13:12:43.147] [svulkan2] [error] OIDN Error: invalid handle
[2026-10-09 13:12:43.147] [svulkan2] [error] OIDN Error: invalid handle
[2026-10-09 13:12:43.147] [svulkan2] [error] OIDN Error: invalid handle
[2026-10-09 13:12:43.147] [svulkan2] [error] OIDN Error: invalid handle
[2026-10-09 13:12:43.208] [svulkan2] [error] OIDN Error: invalid handle
[2026-10-09 13:12:43.208] [svulkan2] [error] OIDN Error: invalid handle
[2026-10-09 13:12:43.208] [svulkan2] [error] OIDN Error: invalid handle
[2026-10-09 13:12:43.208] [svulkan2] [error] OIDN Error: invalid handle
step: [92m8 / 400[0m{"attempt": 1, "decision": 7, "id": 8, "motions": 8, "left": "hold grip 1.00", "right": "hold grip 1.00", "planner": {"left": "hold", "right": "hold"}, "success": true, "calls_total": 8, "latency_s": 15.13}
[2026-10-09 13:12:46.735] [svulkan2] [error] OIDN Error: unsupported device type: CUDA
[2026-10-09 13:12:46.745] [svulkan2] [error] OIDN Error: invalid handle
[2026-10-09 13:12:46.759] [svulkan2] [error] OIDN Error: invalid handle
[2026-10-09 13:12:46.780] [svulkan2] [error] OIDN Error: invalid handle
[2026-10-09 13:12:59.695] [svulkan2] [error] OIDN Error: invalid handle
[2026-10-09 13:12:59.695] [svulkan2] [error] OIDN Error: invalid handle
[2026-10-09 13:12:59.695] [svulkan2] [error] OIDN Error: invalid handle
[2026-10-09 13:12:59.695] [svulkan2] [error] OIDN Error: invalid handle
[2026-10-09 13:12:59.737] [svulkan2] [error] OIDN Error: invalid handle
[2026-10-09 13:12:59.738] [svulkan2] [error] OIDN Error: invalid handle
[2026-10-09 13:12:59.738] [svulkan2] [error] OIDN Error: invalid handle
[2026-10-09 13:12:59.738] [svulkan2] [error] OIDN Error: invalid handle
[2026-10-09 13:12:59.783] [svulkan2] [error] OIDN Error: invalid handle
[2026-10-09 13:12:59.783] [svulkan2] [error] OIDN Error: invalid handle
[2026-10-09 13:12:59.783] [svulkan2] [error] OIDN Error: invalid handle
[2026-10-09 13:12:59.783] [svulkan2] [error] OIDN Error: invalid handle
[2026-10-09 13:12:59.826] [svulkan2] [error] OIDN Error: invalid handle
[2026-10-09 13:12:59.826] [svulkan2] [error] OIDN Error: invalid handle
[2026-10-09 13:12:59.826] [svulkan2] [error] OIDN Error: invalid handle
[2026-10-09 13:12:59.826] [svulkan2] [error] OIDN Error: invalid handle
[2026-10-09 13:12:59.870] [svulkan2] [error] OIDN Error: invalid handle
[2026-10-09 13:12:59.870] [svulkan2] [error] OIDN Error: invalid handle
[2026-10-09 13:12:59.870] [svulkan2] [error] OIDN Error: invalid handle
[2026-10-09 13:12:59.870] [svulkan2] [error] OIDN Error: invalid handle
[2026-10-09 13:12:59.913] [svulkan2] [error] OIDN Error: invalid handle
[2026-10-09 13:12:59.913] [svulkan2] [error] OIDN Error: invalid handle
[2026-10-09 13:12:59.914] [svulkan2] [error] OIDN Error: invalid handle
[2026-10-09 13:12:59.914] [svulkan2] [error] OIDN Error: invalid handle
[2026-10-09 13:12:59.957] [svulkan2] [error] OIDN Error: invalid handle
[2026-10-09 13:12:59.957] [svulkan2] [error] OIDN Error: invalid handle
[2026-10-09 13:12:59.957] [svulkan2] [error] OIDN Error: invalid handle
[2026-10-09 13:12:59.957] [svulkan2] [error] OIDN Error: invalid handle
[2026-10-09 13:13:00.000] [svulkan2] [error] OIDN Error: invalid handle
[2026-10-09 13:13:00.000] [svulkan2] [error] OIDN Error: invalid handle
[2026-10-09 13:13:00.000] [svulkan2] [error] OIDN Error: invalid handle
[2026-10-09 13:13:00.000] [svulkan2] [error] OIDN Error: invalid handle
[2026-10-09 13:13:00.055] [svulkan2] [error] OIDN Error: invalid handle
[2026-10-09 13:13:00.055] [svulkan2] [error] OIDN Error: invalid handle
[2026-10-09 13:13:00.055] [svulkan2] [error] OIDN Error: invalid handle
[2026-10-09 13:13:00.055] [svulkan2] [error] OIDN Error: invalid handle
[2026-10-09 13:13:00.098] [svulkan2] [error] OIDN Error: invalid handle
[2026-10-09 13:13:00.098] [svulkan2] [error] OIDN Error: invalid handle
[2026-10-09 13:13:00.098] [svulkan2] [error] OIDN Error: invalid handle
[2026-10-09 13:13:00.098] [svulkan2] [error] OIDN Error: invalid handle
[2026-10-09 13:13:00.141] [svulkan2] [error] OIDN Error: invalid handle
[2026-10-09 13:13:00.141] [svulkan2] [error] OIDN Error: invalid handle
[2026-10-09 13:13:00.141] [svulkan2] [error] OIDN Error: invalid handle
[2026-10-09 13:13:00.141] [svulkan2] [error] OIDN Error: invalid handle
[2026-10-09 13:13:00.183] [svulkan2] [error] OIDN Error: invalid handle
[2026-10-09 13:13:00.183] [svulkan2] [error] OIDN Error: invalid handle
[2026-10-09 13:13:00.183] [svulkan2] [error] OIDN Error: invalid handle
[2026-10-09 13:13:00.183] [svulkan2] [error] OIDN Error: invalid handle
[2026-10-09 13:13:00.226] [svulkan2] [error] OIDN Error: invalid handle
[2026-10-09 13:13:00.226] [svulkan2] [error] OIDN Error: invalid handle
[2026-10-09 13:13:00.226] [svulkan2] [error] OIDN Error: invalid handle
[2026-10-09 13:13:00.226] [svulkan2] [error] OIDN Error: invalid handle
[2026-10-09 13:13:00.269] [svulkan2] [error] OIDN Error: invalid handle
[2026-10-09 13:13:00.269] [svulkan2] [error] OIDN Error: invalid handle
[2026-10-09 13:13:00.269] [svulkan2] [error] OIDN Error: invalid handle
[2026-10-09 13:13:00.269] [svulkan2] [error] OIDN Error: invalid handle
[2026-10-09 13:13:00.313] [svulkan2] [error] OIDN Error: invalid handle
[2026-10-09 13:13:00.313] [svulkan2] [error] OIDN Error: invalid handle
[2026-10-09 13:13:00.313] [svulkan2] [error] OIDN Error: invalid handle
[2026-10-09 13:13:00.313] [svulkan2] [error] OIDN Error: invalid handle
[2026-10-09 13:13:00.356] [svulkan2] [error] OIDN Error: invalid handle
[2026-10-09 13:13:00.357] [svulkan2] [error] OIDN Error: invalid handle
[2026-10-09 13:13:00.357] [svulkan2] [error] OIDN Error: invalid handle
[2026-10-09 13:13:00.357] [svulkan2] [error] OIDN Error: invalid handle
[2026-10-09 13:13:00.399] [svulkan2] [error] OIDN Error: invalid handle
[2026-10-09 13:13:00.400] [svulkan2] [error] OIDN Error: invalid handle
[2026-10-09 13:13:00.400] [svulkan2] [error] OIDN Error: invalid handle
[2026-10-09 13:13:00.400] [svulkan2] [error] OIDN Error: invalid handle
[2026-10-09 13:13:00.443] [svulkan2] [error] OIDN Error: invalid handle
[2026-10-09 13:13:00.443] [svulkan2] [error] OIDN Error: invalid handle
[2026-10-09 13:13:00.443] [svulkan2] [error] OIDN Error: invalid handle
[2026-10-09 13:13:00.443] [svulkan2] [error] OIDN Error: invalid handle
[2026-10-09 13:13:00.485] [svulkan2] [error] OIDN Error: invalid handle
[2026-10-09 13:13:00.486] [svulkan2] [error] OIDN Error: invalid handle
[2026-10-09 13:13:00.486] [svulkan2] [error] OIDN Error: invalid handle
[2026-10-09 13:13:00.486] [svulkan2] [error] OIDN Error: invalid handle
[2026-10-09 13:13:00.528] [svulkan2] [error] OIDN Error: invalid handle
[2026-10-09 13:13:00.528] [svulkan2] [error] OIDN Error: invalid handle
[2026-10-09 13:13:00.528] [svulkan2] [error] OIDN Error: invalid handle
[2026-10-09 13:13:00.528] [svulkan2] [error] OIDN Error: invalid handle
[2026-10-09 13:13:00.570] [svulkan2] [error] OIDN Error: invalid handle
[2026-10-09 13:13:00.570] [svulkan2] [error] OIDN Error: invalid handle
[2026-10-09 13:13:00.570] [svulkan2] [error] OIDN Error: invalid handle
[2026-10-09 13:13:00.570] [svulkan2] [error] OIDN Error: invalid handle
[2026-10-09 13:13:00.613] [svulkan2] [error] OIDN Error: invalid handle
[2026-10-09 13:13:00.613] [svulkan2] [error] OIDN Error: invalid handle
[2026-10-09 13:13:00.613] [svulkan2] [error] OIDN Error: invalid handle
[2026-10-09 13:13:00.613] [svulkan2] [error] OIDN Error: invalid handle
[2026-10-09 13:13:00.656] [svulkan2] [error] OIDN Error: invalid handle
[2026-10-09 13:13:00.656] [svulkan2] [error] OIDN Error: invalid handle
[2026-10-09 13:13:00.656] [svulkan2] [error] OIDN Error: invalid handle
[2026-10-09 13:13:00.656] [svulkan2] [error] OIDN Error: invalid handle
[2026-10-09 13:13:00.699] [svulkan2] [error] OIDN Error: invalid handle
[2026-10-09 13:13:00.699] [svulkan2] [error] OIDN Error: invalid handle
[2026-10-09 13:13:00.699] [svulkan2] [error] OIDN Error: invalid handle
[2026-10-09 13:13:00.699] [svulkan2] [error] OIDN Error: invalid handle
[2026-10-09 13:13:00.742] [svulkan2] [error] OIDN Error: invalid handle
[2026-10-09 13:13:00.742] [svulkan2] [error] OIDN Error: invalid handle
[2026-10-09 13:13:00.742] [svulkan2] [error] OIDN Error: invalid handle
[2026-10-09 13:13:00.743] [svulkan2] [error] OIDN Error: invalid handle
[2026-10-09 13:13:00.785] [svulkan2] [error] OIDN Error: invalid handle
[2026-10-09 13:13:00.785] [svulkan2] [error] OIDN Error: invalid handle
[2026-10-09 13:13:00.785] [svulkan2] [error] OIDN Error: invalid handle
[2026-10-09 13:13:00.785] [svulkan2] [error] OIDN Error: invalid handle
[2026-10-09 13:13:00.828] [svulkan2] [error] OIDN Error: invalid handle
[2026-10-09 13:13:00.828] [svulkan2] [error] OIDN Error: invalid handle
[2026-10-09 13:13:00.828] [svulkan2] [error] OIDN Error: invalid handle
[2026-10-09 13:13:00.828] [svulkan2] [error] OIDN Error: invalid handle
[2026-10-09 13:13:00.871] [svulkan2] [error] OIDN Error: invalid handle
[2026-10-09 13:13:00.872] [svulkan2] [error] OIDN Error: invalid handle
[2026-10-09 13:13:00.872] [svulkan2] [error] OIDN Error: invalid handle
[2026-10-09 13:13:00.872] [svulkan2] [error] OIDN Error: invalid handle
[2026-10-09 13:13:00.915] [svulkan2] [error] OIDN Error: invalid handle
[2026-10-09 13:13:00.915] [svulkan2] [error] OIDN Error: invalid handle
[2026-10-09 13:13:00.915] [svulkan2] [error] OIDN Error: invalid handle
[2026-10-09 13:13:00.915] [svulkan2] [error] OIDN Error: invalid handle
[2026-10-09 13:13:00.958] [svulkan2] [error] OIDN Error: invalid handle
[2026-10-09 13:13:00.958] [svulkan2] [error] OIDN Error: invalid handle
[2026-10-09 13:13:00.958] [svulkan2] [error] OIDN Error: invalid handle
[2026-10-09 13:13:00.959] [svulkan2] [error] OIDN Error: invalid handle
[2026-10-09 13:13:01.002] [svulkan2] [error] OIDN Error: invalid handle
[2026-10-09 13:13:01.002] [svulkan2] [error] OIDN Error: invalid handle
[2026-10-09 13:13:01.002] [svulkan2] [error] OIDN Error: invalid handle
[2026-10-09 13:13:01.002] [svulkan2] [error] OIDN Error: invalid handle
[2026-10-09 13:13:01.045] [svulkan2] [error] OIDN Error: invalid handle
[2026-10-09 13:13:01.045] [svulkan2] [error] OIDN Error: invalid handle
[2026-10-09 13:13:01.045] [svulkan2] [error] OIDN Error: invalid handle
[2026-10-09 13:13:01.045] [svulkan2] [error] OIDN Error: invalid handle
[2026-10-09 13:13:01.088] [svulkan2] [error] OIDN Error: invalid handle
[2026-10-09 13:13:01.088] [svulkan2] [error] OIDN Error: invalid handle
[2026-10-09 13:13:01.088] [svulkan2] [error] OIDN Error: invalid handle
[2026-10-09 13:13:01.088] [svulkan2] [error] OIDN Error: invalid handle
[2026-10-09 13:13:01.131] [svulkan2] [error] OIDN Error: invalid handle
[2026-10-09 13:13:01.131] [svulkan2] [error] OIDN Error: invalid handle
[2026-10-09 13:13:01.131] [svulkan2] [error] OIDN Error: invalid handle
[2026-10-09 13:13:01.131] [svulkan2] [error] OIDN Error: invalid handle
[2026-10-09 13:13:01.175] [svulkan2] [error] OIDN Error: invalid handle
[2026-10-09 13:13:01.176] [svulkan2] [error] OIDN Error: invalid handle
[2026-10-09 13:13:01.176] [svulkan2] [error] OIDN Error: invalid handle
[2026-10-09 13:13:01.176] [svulkan2] [error] OIDN Error: invalid handle
[2026-10-09 13:13:01.218] [svulkan2] [error] OIDN Error: invalid handle
[2026-10-09 13:13:01.218] [svulkan2] [error] OIDN Error: invalid handle
[2026-10-09 13:13:01.218] [svulkan2] [error] OIDN Error: invalid handle
[2026-10-09 13:13:01.218] [svulkan2] [error] OIDN Error: invalid handle
[2026-10-09 13:13:01.263] [svulkan2] [error] OIDN Error: invalid handle
[2026-10-09 13:13:01.263] [svulkan2] [error] OIDN Error: invalid handle
[2026-10-09 13:13:01.263] [svulkan2] [error] OIDN Error: invalid handle
[2026-10-09 13:13:01.263] [svulkan2] [error] OIDN Error: invalid handle
[2026-10-09 13:13:01.307] [svulkan2] [error] OIDN Error: invalid handle
[2026-10-09 13:13:01.307] [svulkan2] [error] OIDN Error: invalid handle
[2026-10-09 13:13:01.307] [svulkan2] [error] OIDN Error: invalid handle
[2026-10-09 13:13:01.307] [svulkan2] [error] OIDN Error: invalid handle
[2026-10-09 13:13:01.351] [svulkan2] [error] OIDN Error: invalid handle
[2026-10-09 13:13:01.351] [svulkan2] [error] OIDN Error: invalid handle
[2026-10-09 13:13:01.353] [svulkan2] [error] OIDN Error: invalid handle
[2026-10-09 13:13:01.353] [svulkan2] [error] OIDN Error: invalid handle
[2026-10-09 13:13:01.396] [svulkan2] [error] OIDN Error: invalid handle
[2026-10-09 13:13:01.396] [svulkan2] [error] OIDN Error: invalid handle
[2026-10-09 13:13:01.396] [svulkan2] [error] OIDN Error: invalid handle
[2026-10-09 13:13:01.396] [svulkan2] [error] OIDN Error: invalid handle
[2026-10-09 13:13:01.440] [svulkan2] [error] OIDN Error: invalid handle
[2026-10-09 13:13:01.440] [svulkan2] [error] OIDN Error: invalid handle
[2026-10-09 13:13:01.440] [svulkan2] [error] OIDN Error: invalid handle
[2026-10-09 13:13:01.440] [svulkan2] [error] OIDN Error: invalid handle
[2026-10-09 13:13:01.484] [svulkan2] [error] OIDN Error: invalid handle
[2026-10-09 13:13:01.484] [svulkan2] [error] OIDN Error: invalid handle
[2026-10-09 13:13:01.484] [svulkan2] [error] OIDN Error: invalid handle
[2026-10-09 13:13:01.484] [svulkan2] [error] OIDN Error: invalid handle
[2026-10-09 13:13:01.528] [svulkan2] [error] OIDN Error: invalid handle
[2026-10-09 13:13:01.528] [svulkan2] [error] OIDN Error: invalid handle
[2026-10-09 13:13:01.528] [svulkan2] [error] OIDN Error: invalid handle
[2026-10-09 13:13:01.528] [svulkan2] [error] OIDN Error: invalid handle
[2026-10-09 13:13:01.573] [svulkan2] [error] OIDN Error: invalid handle
[2026-10-09 13:13:01.573] [svulkan2] [error] OIDN Error: invalid handle
[2026-10-09 13:13:01.573] [svulkan2] [error] OIDN Error: invalid handle
[2026-10-09 13:13:01.573] [svulkan2] [error] OIDN Error: invalid handle
[2026-10-09 13:13:01.617] [svulkan2] [error] OIDN Error: invalid handle
[2026-10-09 13:13:01.617] [svulkan2] [error] OIDN Error: invalid handle
[2026-10-09 13:13:01.617] [svulkan2] [error] OIDN Error: invalid handle
[2026-10-09 13:13:01.617] [svulkan2] [error] OIDN Error: invalid handle
[2026-10-09 13:13:01.662] [svulkan2] [error] OIDN Error: invalid handle
[2026-10-09 13:13:01.662] [svulkan2] [error] OIDN Error: invalid handle
[2026-10-09 13:13:01.662] [svulkan2] [error] OIDN Error: invalid handle
[2026-10-09 13:13:01.662] [svulkan2] [error] OIDN Error: invalid handle
[2026-10-09 13:13:01.706] [svulkan2] [error] OIDN Error: invalid handle
[2026-10-09 13:13:01.706] [svulkan2] [error] OIDN Error: invalid handle
[2026-10-09 13:13:01.706] [svulkan2] [error] OIDN Error: invalid handle
[2026-10-09 13:13:01.706] [svulkan2] [error] OIDN Error: invalid handle
[2026-10-09 13:13:01.750] [svulkan2] [error] OIDN Error: invalid handle
[2026-10-09 13:13:01.750] [svulkan2] [error] OIDN Error: invalid handle
[2026-10-09 13:13:01.750] [svulkan2] [error] OIDN Error: invalid handle
[2026-10-09 13:13:01.750] [svulkan2] [error] OIDN Error: invalid handle
[2026-10-09 13:13:01.795] [svulkan2] [error] OIDN Error: invalid handle
[2026-10-09 13:13:01.795] [svulkan2] [error] OIDN Error: invalid handle
[2026-10-09 13:13:01.795] [svulkan2] [error] OIDN Error: invalid handle
[2026-10-09 13:13:01.795] [svulkan2] [error] OIDN Error: invalid handle
[2026-10-09 13:13:01.840] [svulkan2] [error] OIDN Error: invalid handle
[2026-10-09 13:13:01.840] [svulkan2] [error] OIDN Error: invalid handle
[2026-10-09 13:13:01.840] [svulkan2] [error] OIDN Error: invalid handle
[2026-10-09 13:13:01.840] [svulkan2] [error] OIDN Error: invalid handle
[2026-10-09 13:13:01.885] [svulkan2] [error] OIDN Error: invalid handle
[2026-10-09 13:13:01.885] [svulkan2] [error] OIDN Error: invalid handle
[2026-10-09 13:13:01.885] [svulkan2] [error] OIDN Error: invalid handle
[2026-10-09 13:13:01.885] [svulkan2] [error] OIDN Error: invalid handle
[2026-10-09 13:13:01.930] [svulkan2] [error] OIDN Error: invalid handle
[2026-10-09 13:13:01.930] [svulkan2] [error] OIDN Error: invalid handle
[2026-10-09 13:13:01.930] [svulkan2] [error] OIDN Error: invalid handle
[2026-10-09 13:13:01.930] [svulkan2] [error] OIDN Error: invalid handle
[2026-10-09 13:13:01.975] [svulkan2] [error] OIDN Error: invalid handle
[2026-10-09 13:13:01.975] [svulkan2] [error] OIDN Error: invalid handle
[2026-10-09 13:13:01.975] [svulkan2] [error] OIDN Error: invalid handle
[2026-10-09 13:13:01.975] [svulkan2] [error] OIDN Error: invalid handle
[2026-10-09 13:13:02.020] [svulkan2] [error] OIDN Error: invalid handle
[2026-10-09 13:13:02.020] [svulkan2] [error] OIDN Error: invalid handle
[2026-10-09 13:13:02.020] [svulkan2] [error] OIDN Error: invalid handle
[2026-10-09 13:13:02.020] [svulkan2] [error] OIDN Error: invalid handle
[2026-10-09 13:13:02.065] [svulkan2] [error] OIDN Error: invalid handle
[2026-10-09 13:13:02.065] [svulkan2] [error] OIDN Error: invalid handle
[2026-10-09 13:13:02.065] [svulkan2] [error] OIDN Error: invalid handle
[2026-10-09 13:13:02.065] [svulkan2] [error] OIDN Error: invalid handle
[2026-10-09 13:13:02.110] [svulkan2] [error] OIDN Error: invalid handle
[2026-10-09 13:13:02.110] [svulkan2] [error] OIDN Error: invalid handle
[2026-10-09 13:13:02.110] [svulkan2] [error] OIDN Error: invalid handle
[2026-10-09 13:13:02.110] [svulkan2] [error] OIDN Error: invalid handle
[2026-10-09 13:13:02.156] [svulkan2] [error] OIDN Error: invalid handle
[2026-10-09 13:13:02.156] [svulkan2] [error] OIDN Error: invalid handle
[2026-10-09 13:13:02.156] [svulkan2] [error] OIDN Error: invalid handle
[2026-10-09 13:13:02.156] [svulkan2] [error] OIDN Error: invalid handle
[2026-10-09 13:13:02.201] [svulkan2] [error] OIDN Error: invalid handle
[2026-10-09 13:13:02.201] [svulkan2] [error] OIDN Error: invalid handle
[2026-10-09 13:13:02.201] [svulkan2] [error] OIDN Error: invalid handle
[2026-10-09 13:13:02.201] [svulkan2] [error] OIDN Error: invalid handle
[2026-10-09 13:13:02.247] [svulkan2] [error] OIDN Error: invalid handle
[2026-10-09 13:13:02.247] [svulkan2] [error] OIDN Error: invalid handle
[2026-10-09 13:13:02.248] [svulkan2] [error] OIDN Error: invalid handle
[2026-10-09 13:13:02.248] [svulkan2] [error] OIDN Error: invalid handle
[2026-10-09 13:13:02.294] [svulkan2] [error] OIDN Error: invalid handle
[2026-10-09 13:13:02.294] [svulkan2] [error] OIDN Error: invalid handle
[2026-10-09 13:13:02.294] [svulkan2] [error] OIDN Error: invalid handle
[2026-10-09 13:13:02.294] [svulkan2] [error] OIDN Error: invalid handle
[2026-10-09 13:13:02.340] [svulkan2] [error] OIDN Error: invalid handle
[2026-10-09 13:13:02.340] [svulkan2] [error] OIDN Error: invalid handle
[2026-10-09 13:13:02.340] [svulkan2] [error] OIDN Error: invalid handle
[2026-10-09 13:13:02.340] [svulkan2] [error] OIDN Error: invalid handle
[2026-10-09 13:13:02.385] [svulkan2] [error] OIDN Error: invalid handle
[2026-10-09 13:13:02.386] [svulkan2] [error] OIDN Error: invalid handle
[2026-10-09 13:13:02.386] [svulkan2] [error] OIDN Error: invalid handle
[2026-10-09 13:13:02.386] [svulkan2] [error] OIDN Error: invalid handle
[2026-10-09 13:13:02.433] [svulkan2] [error] OIDN Error: invalid handle
[2026-10-09 13:13:02.433] [svulkan2] [error] OIDN Error: invalid handle
[2026-10-09 13:13:02.433] [svulkan2] [error] OIDN Error: invalid handle
[2026-10-09 13:13:02.433] [svulkan2] [error] OIDN Error: invalid handle
[2026-10-09 13:13:02.479] [svulkan2] [error] OIDN Error: invalid handle
[2026-10-09 13:13:02.479] [svulkan2] [error] OIDN Error: invalid handle
[2026-10-09 13:13:02.479] [svulkan2] [error] OIDN Error: invalid handle
[2026-10-09 13:13:02.479] [svulkan2] [error] OIDN Error: invalid handle
[2026-10-09 13:13:02.525] [svulkan2] [error] OIDN Error: invalid handle
[2026-10-09 13:13:02.525] [svulkan2] [error] OIDN Error: invalid handle
[2026-10-09 13:13:02.525] [svulkan2] [error] OIDN Error: invalid handle
[2026-10-09 13:13:02.525] [svulkan2] [error] OIDN Error: invalid handle
[2026-10-09 13:13:02.570] [svulkan2] [error] OIDN Error: invalid handle
[2026-10-09 13:13:02.570] [svulkan2] [error] OIDN Error: invalid handle
[2026-10-09 13:13:02.570] [svulkan2] [error] OIDN Error: invalid handle
[2026-10-09 13:13:02.570] [svulkan2] [error] OIDN Error: invalid handle
[2026-10-09 13:13:02.617] [svulkan2] [error] OIDN Error: invalid handle
[2026-10-09 13:13:02.617] [svulkan2] [error] OIDN Error: invalid handle
[2026-10-09 13:13:02.617] [svulkan2] [error] OIDN Error: invalid handle
[2026-10-09 13:13:02.617] [svulkan2] [error] OIDN Error: invalid handle
[2026-10-09 13:13:02.664] [svulkan2] [error] OIDN Error: invalid handle
[2026-10-09 13:13:02.664] [svulkan2] [error] OIDN Error: invalid handle
[2026-10-09 13:13:02.664] [svulkan2] [error] OIDN Error: invalid handle
[2026-10-09 13:13:02.664] [svulkan2] [error] OIDN Error: invalid handle
[2026-10-09 13:13:02.710] [svulkan2] [error] OIDN Error: invalid handle
[2026-10-09 13:13:02.710] [svulkan2] [error] OIDN Error: invalid handle
[2026-10-09 13:13:02.710] [svulkan2] [error] OIDN Error: invalid handle
[2026-10-09 13:13:02.710] [svulkan2] [error] OIDN Error: invalid handle
[2026-10-09 13:13:02.755] [svulkan2] [error] OIDN Error: invalid handle
[2026-10-09 13:13:02.755] [svulkan2] [error] OIDN Error: invalid handle
[2026-10-09 13:13:02.755] [svulkan2] [error] OIDN Error: invalid handle
[2026-10-09 13:13:02.755] [svulkan2] [error] OIDN Error: invalid handle
[2026-10-09 13:13:02.801] [svulkan2] [error] OIDN Error: invalid handle
[2026-10-09 13:13:02.802] [svulkan2] [error] OIDN Error: invalid handle
[2026-10-09 13:13:02.802] [svulkan2] [error] OIDN Error: invalid handle
[2026-10-09 13:13:02.802] [svulkan2] [error] OIDN Error: invalid handle
[2026-10-09 13:13:02.847] [svulkan2] [error] OIDN Error: invalid handle
[2026-10-09 13:13:02.847] [svulkan2] [error] OIDN Error: invalid handle
[2026-10-09 13:13:02.847] [svulkan2] [error] OIDN Error: invalid handle
[2026-10-09 13:13:02.847] [svulkan2] [error] OIDN Error: invalid handle
[2026-10-09 13:13:02.893] [svulkan2] [error] OIDN Error: invalid handle
[2026-10-09 13:13:02.893] [svulkan2] [error] OIDN Error: invalid handle
[2026-10-09 13:13:02.893] [svulkan2] [error] OIDN Error: invalid handle
[2026-10-09 13:13:02.893] [svulkan2] [error] OIDN Error: invalid handle
[2026-10-09 13:13:02.940] [svulkan2] [error] OIDN Error: invalid handle
[2026-10-09 13:13:02.940] [svulkan2] [error] OIDN Error: invalid handle
[2026-10-09 13:13:02.940] [svulkan2] [error] OIDN Error: invalid handle
[2026-10-09 13:13:02.940] [svulkan2] [error] OIDN Error: invalid handle
[2026-10-09 13:13:02.988] [svulkan2] [error] OIDN Error: invalid handle
[2026-10-09 13:13:02.988] [svulkan2] [error] OIDN Error: invalid handle
[2026-10-09 13:13:02.988] [svulkan2] [error] OIDN Error: invalid handle
[2026-10-09 13:13:02.990] [svulkan2] [error] OIDN Error: invalid handle
[2026-10-09 13:13:03.035] [svulkan2] [error] OIDN Error: invalid handle
[2026-10-09 13:13:03.035] [svulkan2] [error] OIDN Error: invalid handle
[2026-10-09 13:13:03.035] [svulkan2] [error] OIDN Error: invalid handle
[2026-10-09 13:13:03.035] [svulkan2] [error] OIDN Error: invalid handle
[2026-10-09 13:13:03.081] [svulkan2] [error] OIDN Error: invalid handle
[2026-10-09 13:13:03.081] [svulkan2] [error] OIDN Error: invalid handle
[2026-10-09 13:13:03.081] [svulkan2] [error] OIDN Error: invalid handle
[2026-10-09 13:13:03.081] [svulkan2] [error] OIDN Error: invalid handle
[2026-10-09 13:13:03.128] [svulkan2] [error] OIDN Error: invalid handle
[2026-10-09 13:13:03.128] [svulkan2] [error] OIDN Error: invalid handle
[2026-10-09 13:13:03.128] [svulkan2] [error] OIDN Error: invalid handle
[2026-10-09 13:13:03.128] [svulkan2] [error] OIDN Error: invalid handle
[2026-10-09 13:13:03.175] [svulkan2] [error] OIDN Error: invalid handle
[2026-10-09 13:13:03.175] [svulkan2] [error] OIDN Error: invalid handle
[2026-10-09 13:13:03.175] [svulkan2] [error] OIDN Error: invalid handle
[2026-10-09 13:13:03.175] [svulkan2] [error] OIDN Error: invalid handle
[2026-10-09 13:13:03.221] [svulkan2] [error] OIDN Error: invalid handle
[2026-10-09 13:13:03.221] [svulkan2] [error] OIDN Error: invalid handle
[2026-10-09 13:13:03.221] [svulkan2] [error] OIDN Error: invalid handle
[2026-10-09 13:13:03.222] [svulkan2] [error] OIDN Error: invalid handle
[2026-10-09 13:13:03.268] [svulkan2] [error] OIDN Error: invalid handle
[2026-10-09 13:13:03.268] [svulkan2] [error] OIDN Error: invalid handle
[2026-10-09 13:13:03.268] [svulkan2] [error] OIDN Error: invalid handle
[2026-10-09 13:13:03.268] [svulkan2] [error] OIDN Error: invalid handle
[2026-10-09 13:13:03.315] [svulkan2] [error] OIDN Error: invalid handle
[2026-10-09 13:13:03.315] [svulkan2] [error] OIDN Error: invalid handle
[2026-10-09 13:13:03.315] [svulkan2] [error] OIDN Error: invalid handle
[2026-10-09 13:13:03.315] [svulkan2] [error] OIDN Error: invalid handle
[2026-10-09 13:13:03.362] [svulkan2] [error] OIDN Error: invalid handle
[2026-10-09 13:13:03.362] [svulkan2] [error] OIDN Error: invalid handle
[2026-10-09 13:13:03.362] [svulkan2] [error] OIDN Error: invalid handle
[2026-10-09 13:13:03.362] [svulkan2] [error] OIDN Error: invalid handle
[2026-10-09 13:13:03.408] [svulkan2] [error] OIDN Error: invalid handle
[2026-10-09 13:13:03.408] [svulkan2] [error] OIDN Error: invalid handle
[2026-10-09 13:13:03.408] [svulkan2] [error] OIDN Error: invalid handle
[2026-10-09 13:13:03.409] [svulkan2] [error] OIDN Error: invalid handle
[2026-10-09 13:13:03.456] [svulkan2] [error] OIDN Error: invalid handle
[2026-10-09 13:13:03.457] [svulkan2] [error] OIDN Error: invalid handle
[2026-10-09 13:13:03.457] [svulkan2] [error] OIDN Error: invalid handle
[2026-10-09 13:13:03.457] [svulkan2] [error] OIDN Error: invalid handle
[2026-10-09 13:13:03.503] [svulkan2] [error] OIDN Error: invalid handle
[2026-10-09 13:13:03.503] [svulkan2] [error] OIDN Error: invalid handle
[2026-10-09 13:13:03.503] [svulkan2] [error] OIDN Error: invalid handle
[2026-10-09 13:13:03.503] [svulkan2] [error] OIDN Error: invalid handle
[2026-10-09 13:13:03.549] [svulkan2] [error] OIDN Error: invalid handle
[2026-10-09 13:13:03.549] [svulkan2] [error] OIDN Error: invalid handle
[2026-10-09 13:13:03.549] [svulkan2] [error] OIDN Error: invalid handle
[2026-10-09 13:13:03.549] [svulkan2] [error] OIDN Error: invalid handle
[2026-10-09 13:13:03.596] [svulkan2] [error] OIDN Error: invalid handle
[2026-10-09 13:13:03.596] [svulkan2] [error] OIDN Error: invalid handle
[2026-10-09 13:13:03.596] [svulkan2] [error] OIDN Error: invalid handle
[2026-10-09 13:13:03.596] [svulkan2] [error] OIDN Error: invalid handle
[2026-10-09 13:13:03.641] [svulkan2] [error] OIDN Error: invalid handle
[2026-10-09 13:13:03.641] [svulkan2] [error] OIDN Error: invalid handle
[2026-10-09 13:13:03.641] [svulkan2] [error] OIDN Error: invalid handle
[2026-10-09 13:13:03.641] [svulkan2] [error] OIDN Error: invalid handle
[2026-10-09 13:13:03.687] [svulkan2] [error] OIDN Error: invalid handle
[2026-10-09 13:13:03.687] [svulkan2] [error] OIDN Error: invalid handle
[2026-10-09 13:13:03.687] [svulkan2] [error] OIDN Error: invalid handle
[2026-10-09 13:13:03.687] [svulkan2] [error] OIDN Error: invalid handle
[2026-10-09 13:13:03.732] [svulkan2] [error] OIDN Error: invalid handle
[2026-10-09 13:13:03.732] [svulkan2] [error] OIDN Error: invalid handle
[2026-10-09 13:13:03.732] [svulkan2] [error] OIDN Error: invalid handle
[2026-10-09 13:13:03.733] [svulkan2] [error] OIDN Error: invalid handle
[2026-10-09 13:13:03.779] [svulkan2] [error] OIDN Error: invalid handle
[2026-10-09 13:13:03.779] [svulkan2] [error] OIDN Error: invalid handle
[2026-10-09 13:13:03.779] [svulkan2] [error] OIDN Error: invalid handle
[2026-10-09 13:13:03.779] [svulkan2] [error] OIDN Error: invalid handle
[2026-10-09 13:13:03.824] [svulkan2] [error] OIDN Error: invalid handle
[2026-10-09 13:13:03.824] [svulkan2] [error] OIDN Error: invalid handle
[2026-10-09 13:13:03.824] [svulkan2] [error] OIDN Error: invalid handle
[2026-10-09 13:13:03.825] [svulkan2] [error] OIDN Error: invalid handle
[2026-10-09 13:13:03.870] [svulkan2] [error] OIDN Error: invalid handle
[2026-10-09 13:13:03.870] [svulkan2] [error] OIDN Error: invalid handle
[2026-10-09 13:13:03.870] [svulkan2] [error] OIDN Error: invalid handle
[2026-10-09 13:13:03.870] [svulkan2] [error] OIDN Error: invalid handle
[2026-10-09 13:13:03.916] [svulkan2] [error] OIDN Error: invalid handle
[2026-10-09 13:13:03.916] [svulkan2] [error] OIDN Error: invalid handle
[2026-10-09 13:13:03.916] [svulkan2] [error] OIDN Error: invalid handle
[2026-10-09 13:13:03.916] [svulkan2] [error] OIDN Error: invalid handle
[2026-10-09 13:13:03.962] [svulkan2] [error] OIDN Error: invalid handle
[2026-10-09 13:13:03.962] [svulkan2] [error] OIDN Error: invalid handle
[2026-10-09 13:13:03.962] [svulkan2] [error] OIDN Error: invalid handle
[2026-10-09 13:13:03.962] [svulkan2] [error] OIDN Error: invalid handle
[2026-10-09 13:13:04.009] [svulkan2] [error] OIDN Error: invalid handle
[2026-10-09 13:13:04.009] [svulkan2] [error] OIDN Error: invalid handle
[2026-10-09 13:13:04.009] [svulkan2] [error] OIDN Error: invalid handle
[2026-10-09 13:13:04.009] [svulkan2] [error] OIDN Error: invalid handle
[2026-10-09 13:13:04.055] [svulkan2] [error] OIDN Error: invalid handle
[2026-10-09 13:13:04.055] [svulkan2] [error] OIDN Error: invalid handle
[2026-10-09 13:13:04.055] [svulkan2] [error] OIDN Error: invalid handle
[2026-10-09 13:13:04.055] [svulkan2] [error] OIDN Error: invalid handle
[2026-10-09 13:13:04.100] [svulkan2] [error] OIDN Error: invalid handle
[2026-10-09 13:13:04.100] [svulkan2] [error] OIDN Error: invalid handle
[2026-10-09 13:13:04.100] [svulkan2] [error] OIDN Error: invalid handle
[2026-10-09 13:13:04.100] [svulkan2] [error] OIDN Error: invalid handle
step: [92m1 / 400[0m{"attempt": 2, "decision": 0, "id": 9, "motions": 1, "left": "pos [-0.27, 0.025, 1.03] quat [0.5, -0.5, 0.5, 0.5] grip 1.00", "right": "hold grip 1.00", "planner": {"left": "Success", "right": "hold"}, "success": false, "calls_total": 9, "latency_s": 12.57}
[2026-10-09 13:13:20.567] [svulkan2] [error] OIDN Error: invalid handle
[2026-10-09 13:13:20.567] [svulkan2] [error] OIDN Error: invalid handle
[2026-10-09 13:13:20.567] [svulkan2] [error] OIDN Error: invalid handle
[2026-10-09 13:13:20.567] [svulkan2] [error] OIDN Error: invalid handle
[2026-10-09 13:13:20.613] [svulkan2] [error] OIDN Error: invalid handle
[2026-10-09 13:13:20.613] [svulkan2] [error] OIDN Error: invalid handle
[2026-10-09 13:13:20.613] [svulkan2] [error] OIDN Error: invalid handle
[2026-10-09 13:13:20.613] [svulkan2] [error] OIDN Error: invalid handle
[2026-10-09 13:13:20.659] [svulkan2] [error] OIDN Error: invalid handle
[2026-10-09 13:13:20.659] [svulkan2] [error] OIDN Error: invalid handle
[2026-10-09 13:13:20.659] [svulkan2] [error] OIDN Error: invalid handle
[2026-10-09 13:13:20.659] [svulkan2] [error] OIDN Error: invalid handle
[2026-10-09 13:13:20.706] [svulkan2] [error] OIDN Error: invalid handle
[2026-10-09 13:13:20.706] [svulkan2] [error] OIDN Error: invalid handle
[2026-10-09 13:13:20.706] [svulkan2] [error] OIDN Error: invalid handle
[2026-10-09 13:13:20.706] [svulkan2] [error] OIDN Error: invalid handle
[2026-10-09 13:13:20.751] [svulkan2] [error] OIDN Error: invalid handle
[2026-10-09 13:13:20.751] [svulkan2] [error] OIDN Error: invalid handle
[2026-10-09 13:13:20.751] [svulkan2] [error] OIDN Error: invalid handle
[2026-10-09 13:13:20.751] [svulkan2] [error] OIDN Error: invalid handle
[2026-10-09 13:13:20.797] [svulkan2] [error] OIDN Error: invalid handle
[2026-10-09 13:13:20.797] [svulkan2] [error] OIDN Error: invalid handle
[2026-10-09 13:13:20.797] [svulkan2] [error] OIDN Error: invalid handle
[2026-10-09 13:13:20.797] [svulkan2] [error] OIDN Error: invalid handle
[2026-10-09 13:13:20.843] [svulkan2] [error] OIDN Error: invalid handle
[2026-10-09 13:13:20.843] [svulkan2] [error] OIDN Error: invalid handle
[2026-10-09 13:13:20.843] [svulkan2] [error] OIDN Error: invalid handle
[2026-10-09 13:13:20.843] [svulkan2] [error] OIDN Error: invalid handle
[2026-10-09 13:13:20.888] [svulkan2] [error] OIDN Error: invalid handle
[2026-10-09 13:13:20.888] [svulkan2] [error] OIDN Error: invalid handle
[2026-10-09 13:13:20.888] [svulkan2] [error] OIDN Error: invalid handle
[2026-10-09 13:13:20.888] [svulkan2] [error] OIDN Error: invalid handle
[2026-10-09 13:13:20.933] [svulkan2] [error] OIDN Error: invalid handle
[2026-10-09 13:13:20.933] [svulkan2] [error] OIDN Error: invalid handle
[2026-10-09 13:13:20.933] [svulkan2] [error] OIDN Error: invalid handle
[2026-10-09 13:13:20.933] [svulkan2] [error] OIDN Error: invalid handle
[2026-10-09 13:13:20.979] [svulkan2] [error] OIDN Error: invalid handle
[2026-10-09 13:13:20.979] [svulkan2] [error] OIDN Error: invalid handle
[2026-10-09 13:13:20.979] [svulkan2] [error] OIDN Error: invalid handle
[2026-10-09 13:13:20.979] [svulkan2] [error] OIDN Error: invalid handle
[2026-10-09 13:13:21.025] [svulkan2] [error] OIDN Error: invalid handle
[2026-10-09 13:13:21.025] [svulkan2] [error] OIDN Error: invalid handle
[2026-10-09 13:13:21.025] [svulkan2] [error] OIDN Error: invalid handle
[2026-10-09 13:13:21.025] [svulkan2] [error] OIDN Error: invalid handle
[2026-10-09 13:13:21.071] [svulkan2] [error] OIDN Error: invalid handle
[2026-10-09 13:13:21.073] [svulkan2] [error] OIDN Error: invalid handle
[2026-10-09 13:13:21.073] [svulkan2] [error] OIDN Error: invalid handle
[2026-10-09 13:13:21.073] [svulkan2] [error] OIDN Error: invalid handle
[2026-10-09 13:13:21.117] [svulkan2] [error] OIDN Error: invalid handle
[2026-10-09 13:13:21.117] [svulkan2] [error] OIDN Error: invalid handle
[2026-10-09 13:13:21.117] [svulkan2] [error] OIDN Error: invalid handle
[2026-10-09 13:13:21.117] [svulkan2] [error] OIDN Error: invalid handle
[2026-10-09 13:13:21.163] [svulkan2] [error] OIDN Error: invalid handle
[2026-10-09 13:13:21.163] [svulkan2] [error] OIDN Error: invalid handle
[2026-10-09 13:13:21.163] [svulkan2] [error] OIDN Error: invalid handle
[2026-10-09 13:13:21.163] [svulkan2] [error] OIDN Error: invalid handle
[2026-10-09 13:13:21.209] [svulkan2] [error] OIDN Error: invalid handle
[2026-10-09 13:13:21.209] [svulkan2] [error] OIDN Error: invalid handle
[2026-10-09 13:13:21.209] [svulkan2] [error] OIDN Error: invalid handle
[2026-10-09 13:13:21.209] [svulkan2] [error] OIDN Error: invalid handle
[2026-10-09 13:13:21.255] [svulkan2] [error] OIDN Error: invalid handle
[2026-10-09 13:13:21.255] [svulkan2] [error] OIDN Error: invalid handle
[2026-10-09 13:13:21.255] [svulkan2] [error] OIDN Error: invalid handle
[2026-10-09 13:13:21.256] [svulkan2] [error] OIDN Error: invalid handle
[2026-10-09 13:13:21.302] [svulkan2] [error] OIDN Error: invalid handle
[2026-10-09 13:13:21.302] [svulkan2] [error] OIDN Error: invalid handle
[2026-10-09 13:13:21.302] [svulkan2] [error] OIDN Error: invalid handle
[2026-10-09 13:13:21.302] [svulkan2] [error] OIDN Error: invalid handle
[2026-10-09 13:13:21.348] [svulkan2] [error] OIDN Error: invalid handle
[2026-10-09 13:13:21.348] [svulkan2] [error] OIDN Error: invalid handle
[2026-10-09 13:13:21.349] [svulkan2] [error] OIDN Error: invalid handle
[2026-10-09 13:13:21.349] [svulkan2] [error] OIDN Error: invalid handle
[2026-10-09 13:13:21.395] [svulkan2] [error] OIDN Error: invalid handle
[2026-10-09 13:13:21.395] [svulkan2] [error] OIDN Error: invalid handle
[2026-10-09 13:13:21.396] [svulkan2] [error] OIDN Error: invalid handle
[2026-10-09 13:13:21.396] [svulkan2] [error] OIDN Error: invalid handle
[2026-10-09 13:13:21.442] [svulkan2] [error] OIDN Error: invalid handle
[2026-10-09 13:13:21.442] [svulkan2] [error] OIDN Error: invalid handle
[2026-10-09 13:13:21.442] [svulkan2] [error] OIDN Error: invalid handle
[2026-10-09 13:13:21.442] [svulkan2] [error] OIDN Error: invalid handle
[2026-10-09 13:13:21.488] [svulkan2] [error] OIDN Error: invalid handle
[2026-10-09 13:13:21.488] [svulkan2] [error] OIDN Error: invalid handle
[2026-10-09 13:13:21.488] [svulkan2] [error] OIDN Error: invalid handle
[2026-10-09 13:13:21.488] [svulkan2] [error] OIDN Error: invalid handle
[2026-10-09 13:13:21.535] [svulkan2] [error] OIDN Error: invalid handle
[2026-10-09 13:13:21.535] [svulkan2] [error] OIDN Error: invalid handle
[2026-10-09 13:13:21.535] [svulkan2] [error] OIDN Error: invalid handle
[2026-10-09 13:13:21.535] [svulkan2] [error] OIDN Error: invalid handle
[2026-10-09 13:13:21.581] [svulkan2] [error] OIDN Error: invalid handle
[2026-10-09 13:13:21.581] [svulkan2] [error] OIDN Error: invalid handle
[2026-10-09 13:13:21.581] [svulkan2] [error] OIDN Error: invalid handle
[2026-10-09 13:13:21.581] [svulkan2] [error] OIDN Error: invalid handle
[2026-10-09 13:13:21.629] [svulkan2] [error] OIDN Error: invalid handle
[2026-10-09 13:13:21.629] [svulkan2] [error] OIDN Error: invalid handle
[2026-10-09 13:13:21.629] [svulkan2] [error] OIDN Error: invalid handle
[2026-10-09 13:13:21.629] [svulkan2] [error] OIDN Error: invalid handle
[2026-10-09 13:13:21.677] [svulkan2] [error] OIDN Error: invalid handle
[2026-10-09 13:13:21.677] [svulkan2] [error] OIDN Error: invalid handle
[2026-10-09 13:13:21.677] [svulkan2] [error] OIDN Error: invalid handle
[2026-10-09 13:13:21.677] [svulkan2] [error] OIDN Error: invalid handle
[2026-10-09 13:13:21.725] [svulkan2] [error] OIDN Error: invalid handle
[2026-10-09 13:13:21.725] [svulkan2] [error] OIDN Error: invalid handle
[2026-10-09 13:13:21.726] [svulkan2] [error] OIDN Error: invalid handle
[2026-10-09 13:13:21.726] [svulkan2] [error] OIDN Error: invalid handle
[2026-10-09 13:13:21.774] [svulkan2] [error] OIDN Error: invalid handle
[2026-10-09 13:13:21.774] [svulkan2] [error] OIDN Error: invalid handle
[2026-10-09 13:13:21.774] [svulkan2] [error] OIDN Error: invalid handle
[2026-10-09 13:13:21.774] [svulkan2] [error] OIDN Error: invalid handle
[2026-10-09 13:13:21.822] [svulkan2] [error] OIDN Error: invalid handle
[2026-10-09 13:13:21.822] [svulkan2] [error] OIDN Error: invalid handle
[2026-10-09 13:13:21.822] [svulkan2] [error] OIDN Error: invalid handle
[2026-10-09 13:13:21.822] [svulkan2] [error] OIDN Error: invalid handle
[2026-10-09 13:13:21.875] [svulkan2] [error] OIDN Error: invalid handle
[2026-10-09 13:13:21.875] [svulkan2] [error] OIDN Error: invalid handle
[2026-10-09 13:13:21.875] [svulkan2] [error] OIDN Error: invalid handle
[2026-10-09 13:13:21.875] [svulkan2] [error] OIDN Error: invalid handle
[2026-10-09 13:13:21.922] [svulkan2] [error] OIDN Error: invalid handle
[2026-10-09 13:13:21.922] [svulkan2] [error] OIDN Error: invalid handle
[2026-10-09 13:13:21.922] [svulkan2] [error] OIDN Error: invalid handle
[2026-10-09 13:13:21.922] [svulkan2] [error] OIDN Error: invalid handle
[2026-10-09 13:13:21.971] [svulkan2] [error] OIDN Error: invalid handle
[2026-10-09 13:13:21.971] [svulkan2] [error] OIDN Error: invalid handle
[2026-10-09 13:13:21.971] [svulkan2] [error] OIDN Error: invalid handle
[2026-10-09 13:13:21.971] [svulkan2] [error] OIDN Error: invalid handle
[2026-10-09 13:13:22.020] [svulkan2] [error] OIDN Error: invalid handle
[2026-10-09 13:13:22.020] [svulkan2] [error] OIDN Error: invalid handle
[2026-10-09 13:13:22.020] [svulkan2] [error] OIDN Error: invalid handle
[2026-10-09 13:13:22.020] [svulkan2] [error] OIDN Error: invalid handle
[2026-10-09 13:13:22.070] [svulkan2] [error] OIDN Error: invalid handle
[2026-10-09 13:13:22.070] [svulkan2] [error] OIDN Error: invalid handle
[2026-10-09 13:13:22.070] [svulkan2] [error] OIDN Error: invalid handle
[2026-10-09 13:13:22.070] [svulkan2] [error] OIDN Error: invalid handle
[2026-10-09 13:13:22.119] [svulkan2] [error] OIDN Error: invalid handle
[2026-10-09 13:13:22.119] [svulkan2] [error] OIDN Error: invalid handle
[2026-10-09 13:13:22.119] [svulkan2] [error] OIDN Error: invalid handle
[2026-10-09 13:13:22.119] [svulkan2] [error] OIDN Error: invalid handle
[2026-10-09 13:13:22.169] [svulkan2] [error] OIDN Error: invalid handle
[2026-10-09 13:13:22.169] [svulkan2] [error] OIDN Error: invalid handle
[2026-10-09 13:13:22.169] [svulkan2] [error] OIDN Error: invalid handle
[2026-10-09 13:13:22.169] [svulkan2] [error] OIDN Error: invalid handle
[2026-10-09 13:13:22.219] [svulkan2] [error] OIDN Error: invalid handle
[2026-10-09 13:13:22.219] [svulkan2] [error] OIDN Error: invalid handle
[2026-10-09 13:13:22.219] [svulkan2] [error] OIDN Error: invalid handle
[2026-10-09 13:13:22.219] [svulkan2] [error] OIDN Error: invalid handle
[2026-10-09 13:13:22.269] [svulkan2] [error] OIDN Error: invalid handle
[2026-10-09 13:13:22.269] [svulkan2] [error] OIDN Error: invalid handle
[2026-10-09 13:13:22.269] [svulkan2] [error] OIDN Error: invalid handle
[2026-10-09 13:13:22.269] [svulkan2] [error] OIDN Error: invalid handle
[2026-10-09 13:13:22.318] [svulkan2] [error] OIDN Error: invalid handle
[2026-10-09 13:13:22.318] [svulkan2] [error] OIDN Error: invalid handle
[2026-10-09 13:13:22.318] [svulkan2] [error] OIDN Error: invalid handle
[2026-10-09 13:13:22.318] [svulkan2] [error] OIDN Error: invalid handle
[2026-10-09 13:13:22.368] [svulkan2] [error] OIDN Error: invalid handle
[2026-10-09 13:13:22.368] [svulkan2] [error] OIDN Error: invalid handle
[2026-10-09 13:13:22.368] [svulkan2] [error] OIDN Error: invalid handle
[2026-10-09 13:13:22.368] [svulkan2] [error] OIDN Error: invalid handle
[2026-10-09 13:13:22.418] [svulkan2] [error] OIDN Error: invalid handle
[2026-10-09 13:13:22.418] [svulkan2] [error] OIDN Error: invalid handle
[2026-10-09 13:13:22.418] [svulkan2] [error] OIDN Error: invalid handle
[2026-10-09 13:13:22.418] [svulkan2] [error] OIDN Error: invalid handle
[2026-10-09 13:13:22.468] [svulkan2] [error] OIDN Error: invalid handle
[2026-10-09 13:13:22.468] [svulkan2] [error] OIDN Error: invalid handle
[2026-10-09 13:13:22.468] [svulkan2] [error] OIDN Error: invalid handle
[2026-10-09 13:13:22.468] [svulkan2] [error] OIDN Error: invalid handle
[2026-10-09 13:13:22.518] [svulkan2] [error] OIDN Error: invalid handle
[2026-10-09 13:13:22.518] [svulkan2] [error] OIDN Error: invalid handle
[2026-10-09 13:13:22.518] [svulkan2] [error] OIDN Error: invalid handle
[2026-10-09 13:13:22.518] [svulkan2] [error] OIDN Error: invalid handle
[2026-10-09 13:13:22.566] [svulkan2] [error] OIDN Error: invalid handle
[2026-10-09 13:13:22.566] [svulkan2] [error] OIDN Error: invalid handle
[2026-10-09 13:13:22.567] [svulkan2] [error] OIDN Error: invalid handle
[2026-10-09 13:13:22.567] [svulkan2] [error] OIDN Error: invalid handle
step: [92m2 / 400[0m{"attempt": 2, "decision": 1, "id": 10, "motions": 2, "left": "pos [-0.277, 0.025, 0.915] quat [0.5, -0.5, 0.5, 0.5] grip 1.00", "right": "hold grip 1.00", "planner": {"left": "Success", "right": "hold"}, "success": false, "calls_total": 10, "latency_s": 15.86}
[2026-10-09 13:13:37.460] [svulkan2] [error] OIDN Error: invalid handle
[2026-10-09 13:13:37.460] [svulkan2] [error] OIDN Error: invalid handle
[2026-10-09 13:13:37.460] [svulkan2] [error] OIDN Error: invalid handle
[2026-10-09 13:13:37.460] [svulkan2] [error] OIDN Error: invalid handle
[2026-10-09 13:13:37.510] [svulkan2] [error] OIDN Error: invalid handle
[2026-10-09 13:13:37.510] [svulkan2] [error] OIDN Error: invalid handle
[2026-10-09 13:13:37.510] [svulkan2] [error] OIDN Error: invalid handle
[2026-10-09 13:13:37.510] [svulkan2] [error] OIDN Error: invalid handle
[2026-10-09 13:13:37.561] [svulkan2] [error] OIDN Error: invalid handle
[2026-10-09 13:13:37.561] [svulkan2] [error] OIDN Error: invalid handle
[2026-10-09 13:13:37.561] [svulkan2] [error] OIDN Error: invalid handle
[2026-10-09 13:13:37.561] [svulkan2] [error] OIDN Error: invalid handle
[2026-10-09 13:13:37.612] [svulkan2] [error] OIDN Error: invalid handle
[2026-10-09 13:13:37.612] [svulkan2] [error] OIDN Error: invalid handle
[2026-10-09 13:13:37.612] [svulkan2] [error] OIDN Error: invalid handle
[2026-10-09 13:13:37.612] [svulkan2] [error] OIDN Error: invalid handle
[2026-10-09 13:13:37.663] [svulkan2] [error] OIDN Error: invalid handle
[2026-10-09 13:13:37.664] [svulkan2] [error] OIDN Error: invalid handle
[2026-10-09 13:13:37.664] [svulkan2] [error] OIDN Error: invalid handle
[2026-10-09 13:13:37.664] [svulkan2] [error] OIDN Error: invalid handle
[2026-10-09 13:13:37.715] [svulkan2] [error] OIDN Error: invalid handle
[2026-10-09 13:13:37.715] [svulkan2] [error] OIDN Error: invalid handle
[2026-10-09 13:13:37.715] [svulkan2] [error] OIDN Error: invalid handle
[2026-10-09 13:13:37.715] [svulkan2] [error] OIDN Error: invalid handle
[2026-10-09 13:13:37.766] [svulkan2] [error] OIDN Error: invalid handle
[2026-10-09 13:13:37.766] [svulkan2] [error] OIDN Error: invalid handle
[2026-10-09 13:13:37.766] [svulkan2] [error] OIDN Error: invalid handle
[2026-10-09 13:13:37.766] [svulkan2] [error] OIDN Error: invalid handle
[2026-10-09 13:13:37.817] [svulkan2] [error] OIDN Error: invalid handle
[2026-10-09 13:13:37.817] [svulkan2] [error] OIDN Error: invalid handle
[2026-10-09 13:13:37.817] [svulkan2] [error] OIDN Error: invalid handle
[2026-10-09 13:13:37.817] [svulkan2] [error] OIDN Error: invalid handle
[2026-10-09 13:13:37.868] [svulkan2] [error] OIDN Error: invalid handle
[2026-10-09 13:13:37.868] [svulkan2] [error] OIDN Error: invalid handle
[2026-10-09 13:13:37.868] [svulkan2] [error] OIDN Error: invalid handle
[2026-10-09 13:13:37.868] [svulkan2] [error] OIDN Error: invalid handle
[2026-10-09 13:13:37.918] [svulkan2] [error] OIDN Error: invalid handle
[2026-10-09 13:13:37.918] [svulkan2] [error] OIDN Error: invalid handle
[2026-10-09 13:13:37.918] [svulkan2] [error] OIDN Error: invalid handle
[2026-10-09 13:13:37.918] [svulkan2] [error] OIDN Error: invalid handle
[2026-10-09 13:13:37.967] [svulkan2] [error] OIDN Error: invalid handle
[2026-10-09 13:13:37.967] [svulkan2] [error] OIDN Error: invalid handle
[2026-10-09 13:13:37.967] [svulkan2] [error] OIDN Error: invalid handle
[2026-10-09 13:13:37.967] [svulkan2] [error] OIDN Error: invalid handle
[2026-10-09 13:13:38.018] [svulkan2] [error] OIDN Error: invalid handle
[2026-10-09 13:13:38.018] [svulkan2] [error] OIDN Error: invalid handle
[2026-10-09 13:13:38.018] [svulkan2] [error] OIDN Error: invalid handle
[2026-10-09 13:13:38.018] [svulkan2] [error] OIDN Error: invalid handle
[2026-10-09 13:13:38.068] [svulkan2] [error] OIDN Error: invalid handle
[2026-10-09 13:13:38.068] [svulkan2] [error] OIDN Error: invalid handle
[2026-10-09 13:13:38.068] [svulkan2] [error] OIDN Error: invalid handle
[2026-10-09 13:13:38.068] [svulkan2] [error] OIDN Error: invalid handle
[2026-10-09 13:13:38.118] [svulkan2] [error] OIDN Error: invalid handle
[2026-10-09 13:13:38.118] [svulkan2] [error] OIDN Error: invalid handle
[2026-10-09 13:13:38.118] [svulkan2] [error] OIDN Error: invalid handle
[2026-10-09 13:13:38.118] [svulkan2] [error] OIDN Error: invalid handle
[2026-10-09 13:13:38.168] [svulkan2] [error] OIDN Error: invalid handle
[2026-10-09 13:13:38.168] [svulkan2] [error] OIDN Error: invalid handle
[2026-10-09 13:13:38.168] [svulkan2] [error] OIDN Error: invalid handle
[2026-10-09 13:13:38.168] [svulkan2] [error] OIDN Error: invalid handle
[2026-10-09 13:13:38.215] [svulkan2] [error] OIDN Error: invalid handle
[2026-10-09 13:13:38.216] [svulkan2] [error] OIDN Error: invalid handle
[2026-10-09 13:13:38.216] [svulkan2] [error] OIDN Error: invalid handle
[2026-10-09 13:13:38.216] [svulkan2] [error] OIDN Error: invalid handle
step: [92m3 / 400[0m{"attempt": 2, "decision": 2, "id": 11, "motions": 3, "left": "pos [-0.277, 0.025, 0.901] quat [0.5, -0.5, 0.5, 0.5] grip 0.00", "right": "hold grip 1.00", "planner": {"left": "Success", "right": "hold"}, "success": false, "calls_total": 11, "latency_s": 14.31}
[2026-10-09 13:13:50.766] [svulkan2] [error] OIDN Error: invalid handle
[2026-10-09 13:13:50.766] [svulkan2] [error] OIDN Error: invalid handle
[2026-10-09 13:13:50.766] [svulkan2] [error] OIDN Error: invalid handle
[2026-10-09 13:13:50.766] [svulkan2] [error] OIDN Error: invalid handle
[2026-10-09 13:13:50.817] [svulkan2] [error] OIDN Error: invalid handle
[2026-10-09 13:13:50.817] [svulkan2] [error] OIDN Error: invalid handle
[2026-10-09 13:13:50.817] [svulkan2] [error] OIDN Error: invalid handle
[2026-10-09 13:13:50.817] [svulkan2] [error] OIDN Error: invalid handle
[2026-10-09 13:13:50.869] [svulkan2] [error] OIDN Error: invalid handle
[2026-10-09 13:13:50.869] [svulkan2] [error] OIDN Error: invalid handle
[2026-10-09 13:13:50.869] [svulkan2] [error] OIDN Error: invalid handle
[2026-10-09 13:13:50.869] [svulkan2] [error] OIDN Error: invalid handle
[2026-10-09 13:13:50.918] [svulkan2] [error] OIDN Error: invalid handle
[2026-10-09 13:13:50.918] [svulkan2] [error] OIDN Error: invalid handle
[2026-10-09 13:13:50.918] [svulkan2] [error] OIDN Error: invalid handle
[2026-10-09 13:13:50.918] [svulkan2] [error] OIDN Error: invalid handle
[2026-10-09 13:13:50.969] [svulkan2] [error] OIDN Error: invalid handle
[2026-10-09 13:13:50.969] [svulkan2] [error] OIDN Error: invalid handle
[2026-10-09 13:13:50.969] [svulkan2] [error] OIDN Error: invalid handle
[2026-10-09 13:13:50.969] [svulkan2] [error] OIDN Error: invalid handle
[2026-10-09 13:13:51.019] [svulkan2] [error] OIDN Error: invalid handle
[2026-10-09 13:13:51.019] [svulkan2] [error] OIDN Error: invalid handle
[2026-10-09 13:13:51.019] [svulkan2] [error] OIDN Error: invalid handle
[2026-10-09 13:13:51.019] [svulkan2] [error] OIDN Error: invalid handle
[2026-10-09 13:13:51.069] [svulkan2] [error] OIDN Error: invalid handle
[2026-10-09 13:13:51.069] [svulkan2] [error] OIDN Error: invalid handle
[2026-10-09 13:13:51.069] [svulkan2] [error] OIDN Error: invalid handle
[2026-10-09 13:13:51.069] [svulkan2] [error] OIDN Error: invalid handle
[2026-10-09 13:13:51.119] [svulkan2] [error] OIDN Error: invalid handle
[2026-10-09 13:13:51.119] [svulkan2] [error] OIDN Error: invalid handle
[2026-10-09 13:13:51.119] [svulkan2] [error] OIDN Error: invalid handle
[2026-10-09 13:13:51.119] [svulkan2] [error] OIDN Error: invalid handle
[2026-10-09 13:13:51.169] [svulkan2] [error] OIDN Error: invalid handle
[2026-10-09 13:13:51.169] [svulkan2] [error] OIDN Error: invalid handle
[2026-10-09 13:13:51.169] [svulkan2] [error] OIDN Error: invalid handle
[2026-10-09 13:13:51.169] [svulkan2] [error] OIDN Error: invalid handle
[2026-10-09 13:13:51.218] [svulkan2] [error] OIDN Error: invalid handle
[2026-10-09 13:13:51.218] [svulkan2] [error] OIDN Error: invalid handle
[2026-10-09 13:13:51.218] [svulkan2] [error] OIDN Error: invalid handle
[2026-10-09 13:13:51.218] [svulkan2] [error] OIDN Error: invalid handle
[2026-10-09 13:13:51.268] [svulkan2] [error] OIDN Error: invalid handle
[2026-10-09 13:13:51.268] [svulkan2] [error] OIDN Error: invalid handle
[2026-10-09 13:13:51.268] [svulkan2] [error] OIDN Error: invalid handle
[2026-10-09 13:13:51.268] [svulkan2] [error] OIDN Error: invalid handle
[2026-10-09 13:13:51.319] [svulkan2] [error] OIDN Error: invalid handle
[2026-10-09 13:13:51.319] [svulkan2] [error] OIDN Error: invalid handle
[2026-10-09 13:13:51.319] [svulkan2] [error] OIDN Error: invalid handle
[2026-10-09 13:13:51.319] [svulkan2] [error] OIDN Error: invalid handle
[2026-10-09 13:13:51.367] [svulkan2] [error] OIDN Error: invalid handle
[2026-10-09 13:13:51.367] [svulkan2] [error] OIDN Error: invalid handle
[2026-10-09 13:13:51.367] [svulkan2] [error] OIDN Error: invalid handle
[2026-10-09 13:13:51.367] [svulkan2] [error] OIDN Error: invalid handle
[2026-10-09 13:13:51.416] [svulkan2] [error] OIDN Error: invalid handle
[2026-10-09 13:13:51.416] [svulkan2] [error] OIDN Error: invalid handle
[2026-10-09 13:13:51.416] [svulkan2] [error] OIDN Error: invalid handle
[2026-10-09 13:13:51.416] [svulkan2] [error] OIDN Error: invalid handle
[2026-10-09 13:13:51.463] [svulkan2] [error] OIDN Error: invalid handle
[2026-10-09 13:13:51.464] [svulkan2] [error] OIDN Error: invalid handle
[2026-10-09 13:13:51.464] [svulkan2] [error] OIDN Error: invalid handle
[2026-10-09 13:13:51.464] [svulkan2] [error] OIDN Error: invalid handle
[2026-10-09 13:13:51.511] [svulkan2] [error] OIDN Error: invalid handle
[2026-10-09 13:13:51.511] [svulkan2] [error] OIDN Error: invalid handle
[2026-10-09 13:13:51.511] [svulkan2] [error] OIDN Error: invalid handle
[2026-10-09 13:13:51.511] [svulkan2] [error] OIDN Error: invalid handle
[2026-10-09 13:13:51.558] [svulkan2] [error] OIDN Error: invalid handle
[2026-10-09 13:13:51.558] [svulkan2] [error] OIDN Error: invalid handle
[2026-10-09 13:13:51.558] [svulkan2] [error] OIDN Error: invalid handle
[2026-10-09 13:13:51.558] [svulkan2] [error] OIDN Error: invalid handle
[2026-10-09 13:13:51.605] [svulkan2] [error] OIDN Error: invalid handle
[2026-10-09 13:13:51.605] [svulkan2] [error] OIDN Error: invalid handle
[2026-10-09 13:13:51.605] [svulkan2] [error] OIDN Error: invalid handle
[2026-10-09 13:13:51.605] [svulkan2] [error] OIDN Error: invalid handle
[2026-10-09 13:13:51.652] [svulkan2] [error] OIDN Error: invalid handle
[2026-10-09 13:13:51.652] [svulkan2] [error] OIDN Error: invalid handle
[2026-10-09 13:13:51.652] [svulkan2] [error] OIDN Error: invalid handle
[2026-10-09 13:13:51.652] [svulkan2] [error] OIDN Error: invalid handle
[2026-10-09 13:13:51.699] [svulkan2] [error] OIDN Error: invalid handle
[2026-10-09 13:13:51.699] [svulkan2] [error] OIDN Error: invalid handle
[2026-10-09 13:13:51.699] [svulkan2] [error] OIDN Error: invalid handle
[2026-10-09 13:13:51.699] [svulkan2] [error] OIDN Error: invalid handle
[2026-10-09 13:13:51.747] [svulkan2] [error] OIDN Error: invalid handle
[2026-10-09 13:13:51.747] [svulkan2] [error] OIDN Error: invalid handle
[2026-10-09 13:13:51.747] [svulkan2] [error] OIDN Error: invalid handle
[2026-10-09 13:13:51.747] [svulkan2] [error] OIDN Error: invalid handle
[2026-10-09 13:13:51.794] [svulkan2] [error] OIDN Error: invalid handle
[2026-10-09 13:13:51.794] [svulkan2] [error] OIDN Error: invalid handle
[2026-10-09 13:13:51.794] [svulkan2] [error] OIDN Error: invalid handle
[2026-10-09 13:13:51.794] [svulkan2] [error] OIDN Error: invalid handle
[2026-10-09 13:13:51.841] [svulkan2] [error] OIDN Error: invalid handle
[2026-10-09 13:13:51.841] [svulkan2] [error] OIDN Error: invalid handle
[2026-10-09 13:13:51.841] [svulkan2] [error] OIDN Error: invalid handle
[2026-10-09 13:13:51.841] [svulkan2] [error] OIDN Error: invalid handle
[2026-10-09 13:13:51.889] [svulkan2] [error] OIDN Error: invalid handle
[2026-10-09 13:13:51.889] [svulkan2] [error] OIDN Error: invalid handle
[2026-10-09 13:13:51.889] [svulkan2] [error] OIDN Error: invalid handle
[2026-10-09 13:13:51.889] [svulkan2] [error] OIDN Error: invalid handle
[2026-10-09 13:13:51.937] [svulkan2] [error] OIDN Error: invalid handle
[2026-10-09 13:13:51.938] [svulkan2] [error] OIDN Error: invalid handle
[2026-10-09 13:13:51.938] [svulkan2] [error] OIDN Error: invalid handle
[2026-10-09 13:13:51.938] [svulkan2] [error] OIDN Error: invalid handle
[2026-10-09 13:13:51.983] [svulkan2] [error] OIDN Error: invalid handle
[2026-10-09 13:13:51.983] [svulkan2] [error] OIDN Error: invalid handle
[2026-10-09 13:13:51.983] [svulkan2] [error] OIDN Error: invalid handle
[2026-10-09 13:13:51.983] [svulkan2] [error] OIDN Error: invalid handle
step: [92m4 / 400[0m{"attempt": 2, "decision": 3, "id": 12, "motions": 4, "left": "pos [-0.277, 0.025, 1.005] quat [0.5, -0.5, 0.5, 0.5] grip 0.00", "right": "hold grip 1.00", "planner": {"left": "Success", "right": "hold"}, "success": false, "calls_total": 12, "latency_s": 11.96}
[2026-10-09 13:14:13.303] [svulkan2] [error] OIDN Error: invalid handle
[2026-10-09 13:14:13.303] [svulkan2] [error] OIDN Error: invalid handle
[2026-10-09 13:14:13.303] [svulkan2] [error] OIDN Error: invalid handle
[2026-10-09 13:14:13.303] [svulkan2] [error] OIDN Error: invalid handle
[2026-10-09 13:14:13.350] [svulkan2] [error] OIDN Error: invalid handle
[2026-10-09 13:14:13.350] [svulkan2] [error] OIDN Error: invalid handle
[2026-10-09 13:14:13.350] [svulkan2] [error] OIDN Error: invalid handle
[2026-10-09 13:14:13.350] [svulkan2] [error] OIDN Error: invalid handle
[2026-10-09 13:14:13.397] [svulkan2] [error] OIDN Error: invalid handle
[2026-10-09 13:14:13.397] [svulkan2] [error] OIDN Error: invalid handle
[2026-10-09 13:14:13.397] [svulkan2] [error] OIDN Error: invalid handle
[2026-10-09 13:14:13.397] [svulkan2] [error] OIDN Error: invalid handle
[2026-10-09 13:14:13.444] [svulkan2] [error] OIDN Error: invalid handle
[2026-10-09 13:14:13.444] [svulkan2] [error] OIDN Error: invalid handle
[2026-10-09 13:14:13.444] [svulkan2] [error] OIDN Error: invalid handle
[2026-10-09 13:14:13.444] [svulkan2] [error] OIDN Error: invalid handle
[2026-10-09 13:14:13.491] [svulkan2] [error] OIDN Error: invalid handle
[2026-10-09 13:14:13.491] [svulkan2] [error] OIDN Error: invalid handle
[2026-10-09 13:14:13.492] [svulkan2] [error] OIDN Error: invalid handle
[2026-10-09 13:14:13.492] [svulkan2] [error] OIDN Error: invalid handle
[2026-10-09 13:14:13.538] [svulkan2] [error] OIDN Error: invalid handle
[2026-10-09 13:14:13.538] [svulkan2] [error] OIDN Error: invalid handle
[2026-10-09 13:14:13.538] [svulkan2] [error] OIDN Error: invalid handle
[2026-10-09 13:14:13.539] [svulkan2] [error] OIDN Error: invalid handle
[2026-10-09 13:14:13.585] [svulkan2] [error] OIDN Error: invalid handle
[2026-10-09 13:14:13.585] [svulkan2] [error] OIDN Error: invalid handle
[2026-10-09 13:14:13.585] [svulkan2] [error] OIDN Error: invalid handle
[2026-10-09 13:14:13.585] [svulkan2] [error] OIDN Error: invalid handle
[2026-10-09 13:14:13.631] [svulkan2] [error] OIDN Error: invalid handle
[2026-10-09 13:14:13.631] [svulkan2] [error] OIDN Error: invalid handle
[2026-10-09 13:14:13.632] [svulkan2] [error] OIDN Error: invalid handle
[2026-10-09 13:14:13.632] [svulkan2] [error] OIDN Error: invalid handle
[2026-10-09 13:14:13.678] [svulkan2] [error] OIDN Error: invalid handle
[2026-10-09 13:14:13.678] [svulkan2] [error] OIDN Error: invalid handle
[2026-10-09 13:14:13.678] [svulkan2] [error] OIDN Error: invalid handle
[2026-10-09 13:14:13.678] [svulkan2] [error] OIDN Error: invalid handle
[2026-10-09 13:14:13.728] [svulkan2] [error] OIDN Error: invalid handle
[2026-10-09 13:14:13.728] [svulkan2] [error] OIDN Error: invalid handle
[2026-10-09 13:14:13.728] [svulkan2] [error] OIDN Error: invalid handle
[2026-10-09 13:14:13.728] [svulkan2] [error] OIDN Error: invalid handle
[2026-10-09 13:14:13.775] [svulkan2] [error] OIDN Error: invalid handle
[2026-10-09 13:14:13.775] [svulkan2] [error] OIDN Error: invalid handle
[2026-10-09 13:14:13.775] [svulkan2] [error] OIDN Error: invalid handle
[2026-10-09 13:14:13.775] [svulkan2] [error] OIDN Error: invalid handle
[2026-10-09 13:14:13.821] [svulkan2] [error] OIDN Error: invalid handle
[2026-10-09 13:14:13.821] [svulkan2] [error] OIDN Error: invalid handle
[2026-10-09 13:14:13.821] [svulkan2] [error] OIDN Error: invalid handle
[2026-10-09 13:14:13.821] [svulkan2] [error] OIDN Error: invalid handle
[2026-10-09 13:14:13.867] [svulkan2] [error] OIDN Error: invalid handle
[2026-10-09 13:14:13.867] [svulkan2] [error] OIDN Error: invalid handle
[2026-10-09 13:14:13.867] [svulkan2] [error] OIDN Error: invalid handle
[2026-10-09 13:14:13.867] [svulkan2] [error] OIDN Error: invalid handle
[2026-10-09 13:14:13.914] [svulkan2] [error] OIDN Error: invalid handle
[2026-10-09 13:14:13.914] [svulkan2] [error] OIDN Error: invalid handle
[2026-10-09 13:14:13.914] [svulkan2] [error] OIDN Error: invalid handle
[2026-10-09 13:14:13.914] [svulkan2] [error] OIDN Error: invalid handle
[2026-10-09 13:14:13.960] [svulkan2] [error] OIDN Error: invalid handle
[2026-10-09 13:14:13.960] [svulkan2] [error] OIDN Error: invalid handle
[2026-10-09 13:14:13.960] [svulkan2] [error] OIDN Error: invalid handle
[2026-10-09 13:14:13.960] [svulkan2] [error] OIDN Error: invalid handle
[2026-10-09 13:14:14.006] [svulkan2] [error] OIDN Error: invalid handle
[2026-10-09 13:14:14.006] [svulkan2] [error] OIDN Error: invalid handle
[2026-10-09 13:14:14.006] [svulkan2] [error] OIDN Error: invalid handle
[2026-10-09 13:14:14.006] [svulkan2] [error] OIDN Error: invalid handle
[2026-10-09 13:14:14.053] [svulkan2] [error] OIDN Error: invalid handle
[2026-10-09 13:14:14.053] [svulkan2] [error] OIDN Error: invalid handle
[2026-10-09 13:14:14.053] [svulkan2] [error] OIDN Error: invalid handle
[2026-10-09 13:14:14.053] [svulkan2] [error] OIDN Error: invalid handle
[2026-10-09 13:14:14.097] [svulkan2] [error] OIDN Error: invalid handle
[2026-10-09 13:14:14.097] [svulkan2] [error] OIDN Error: invalid handle
[2026-10-09 13:14:14.098] [svulkan2] [error] OIDN Error: invalid handle
[2026-10-09 13:14:14.098] [svulkan2] [error] OIDN Error: invalid handle
step: [92m5 / 400[0m{"attempt": 2, "decision": 4, "id": 13, "motions": 5, "left": "pos [-0.26, 0.01, 1.025] quat [0.5, -0.5, 0.5, 0.5] grip 1.00", "right": "hold grip 1.00", "planner": {"left": "Success", "right": "hold"}, "success": false, "calls_total": 13, "latency_s": 20.72}
[2026-10-09 13:14:34.692] [svulkan2] [error] OIDN Error: invalid handle
[2026-10-09 13:14:34.692] [svulkan2] [error] OIDN Error: invalid handle
[2026-10-09 13:14:34.692] [svulkan2] [error] OIDN Error: invalid handle
[2026-10-09 13:14:34.692] [svulkan2] [error] OIDN Error: invalid handle
[2026-10-09 13:14:34.739] [svulkan2] [error] OIDN Error: invalid handle
[2026-10-09 13:14:34.739] [svulkan2] [error] OIDN Error: invalid handle
[2026-10-09 13:14:34.739] [svulkan2] [error] OIDN Error: invalid handle
[2026-10-09 13:14:34.739] [svulkan2] [error] OIDN Error: invalid handle
[2026-10-09 13:14:34.785] [svulkan2] [error] OIDN Error: invalid handle
[2026-10-09 13:14:34.785] [svulkan2] [error] OIDN Error: invalid handle
[2026-10-09 13:14:34.785] [svulkan2] [error] OIDN Error: invalid handle
[2026-10-09 13:14:34.785] [svulkan2] [error] OIDN Error: invalid handle
[2026-10-09 13:14:34.832] [svulkan2] [error] OIDN Error: invalid handle
[2026-10-09 13:14:34.832] [svulkan2] [error] OIDN Error: invalid handle
[2026-10-09 13:14:34.832] [svulkan2] [error] OIDN Error: invalid handle
[2026-10-09 13:14:34.832] [svulkan2] [error] OIDN Error: invalid handle
[2026-10-09 13:14:34.879] [svulkan2] [error] OIDN Error: invalid handle
[2026-10-09 13:14:34.879] [svulkan2] [error] OIDN Error: invalid handle
[2026-10-09 13:14:34.879] [svulkan2] [error] OIDN Error: invalid handle
[2026-10-09 13:14:34.879] [svulkan2] [error] OIDN Error: invalid handle
[2026-10-09 13:14:34.926] [svulkan2] [error] OIDN Error: invalid handle
[2026-10-09 13:14:34.926] [svulkan2] [error] OIDN Error: invalid handle
[2026-10-09 13:14:34.926] [svulkan2] [error] OIDN Error: invalid handle
[2026-10-09 13:14:34.926] [svulkan2] [error] OIDN Error: invalid handle
[2026-10-09 13:14:34.972] [svulkan2] [error] OIDN Error: invalid handle
[2026-10-09 13:14:34.972] [svulkan2] [error] OIDN Error: invalid handle
[2026-10-09 13:14:34.972] [svulkan2] [error] OIDN Error: invalid handle
[2026-10-09 13:14:34.972] [svulkan2] [error] OIDN Error: invalid handle
[2026-10-09 13:14:35.019] [svulkan2] [error] OIDN Error: invalid handle
[2026-10-09 13:14:35.019] [svulkan2] [error] OIDN Error: invalid handle
[2026-10-09 13:14:35.019] [svulkan2] [error] OIDN Error: invalid handle
[2026-10-09 13:14:35.019] [svulkan2] [error] OIDN Error: invalid handle
[2026-10-09 13:14:35.069] [svulkan2] [error] OIDN Error: invalid handle
[2026-10-09 13:14:35.069] [svulkan2] [error] OIDN Error: invalid handle
[2026-10-09 13:14:35.069] [svulkan2] [error] OIDN Error: invalid handle
[2026-10-09 13:14:35.069] [svulkan2] [error] OIDN Error: invalid handle
[2026-10-09 13:14:35.115] [svulkan2] [error] OIDN Error: invalid handle
[2026-10-09 13:14:35.115] [svulkan2] [error] OIDN Error: invalid handle
[2026-10-09 13:14:35.115] [svulkan2] [error] OIDN Error: invalid handle
[2026-10-09 13:14:35.115] [svulkan2] [error] OIDN Error: invalid handle
[2026-10-09 13:14:35.161] [svulkan2] [error] OIDN Error: invalid handle
[2026-10-09 13:14:35.161] [svulkan2] [error] OIDN Error: invalid handle
[2026-10-09 13:14:35.161] [svulkan2] [error] OIDN Error: invalid handle
[2026-10-09 13:14:35.161] [svulkan2] [error] OIDN Error: invalid handle
[2026-10-09 13:14:35.207] [svulkan2] [error] OIDN Error: invalid handle
[2026-10-09 13:14:35.208] [svulkan2] [error] OIDN Error: invalid handle
[2026-10-09 13:14:35.208] [svulkan2] [error] OIDN Error: invalid handle
[2026-10-09 13:14:35.208] [svulkan2] [error] OIDN Error: invalid handle
[2026-10-09 13:14:35.255] [svulkan2] [error] OIDN Error: invalid handle
[2026-10-09 13:14:35.255] [svulkan2] [error] OIDN Error: invalid handle
[2026-10-09 13:14:35.255] [svulkan2] [error] OIDN Error: invalid handle
[2026-10-09 13:14:35.255] [svulkan2] [error] OIDN Error: invalid handle
[2026-10-09 13:14:35.302] [svulkan2] [error] OIDN Error: invalid handle
[2026-10-09 13:14:35.302] [svulkan2] [error] OIDN Error: invalid handle
[2026-10-09 13:14:35.302] [svulkan2] [error] OIDN Error: invalid handle
[2026-10-09 13:14:35.302] [svulkan2] [error] OIDN Error: invalid handle
[2026-10-09 13:14:35.348] [svulkan2] [error] OIDN Error: invalid handle
[2026-10-09 13:14:35.348] [svulkan2] [error] OIDN Error: invalid handle
[2026-10-09 13:14:35.348] [svulkan2] [error] OIDN Error: invalid handle
[2026-10-09 13:14:35.348] [svulkan2] [error] OIDN Error: invalid handle
[2026-10-09 13:14:35.395] [svulkan2] [error] OIDN Error: invalid handle
[2026-10-09 13:14:35.395] [svulkan2] [error] OIDN Error: invalid handle
[2026-10-09 13:14:35.395] [svulkan2] [error] OIDN Error: invalid handle
[2026-10-09 13:14:35.395] [svulkan2] [error] OIDN Error: invalid handle
[2026-10-09 13:14:35.444] [svulkan2] [error] OIDN Error: invalid handle
[2026-10-09 13:14:35.444] [svulkan2] [error] OIDN Error: invalid handle
[2026-10-09 13:14:35.444] [svulkan2] [error] OIDN Error: invalid handle
[2026-10-09 13:14:35.445] [svulkan2] [error] OIDN Error: invalid handle
[2026-10-09 13:14:35.491] [svulkan2] [error] OIDN Error: invalid handle
[2026-10-09 13:14:35.491] [svulkan2] [error] OIDN Error: invalid handle
[2026-10-09 13:14:35.491] [svulkan2] [error] OIDN Error: invalid handle
[2026-10-09 13:14:35.491] [svulkan2] [error] OIDN Error: invalid handle
[2026-10-09 13:14:35.539] [svulkan2] [error] OIDN Error: invalid handle
[2026-10-09 13:14:35.539] [svulkan2] [error] OIDN Error: invalid handle
[2026-10-09 13:14:35.539] [svulkan2] [error] OIDN Error: invalid handle
[2026-10-09 13:14:35.539] [svulkan2] [error] OIDN Error: invalid handle
[2026-10-09 13:14:35.587] [svulkan2] [error] OIDN Error: invalid handle
[2026-10-09 13:14:35.587] [svulkan2] [error] OIDN Error: invalid handle
[2026-10-09 13:14:35.587] [svulkan2] [error] OIDN Error: invalid handle
[2026-10-09 13:14:35.587] [svulkan2] [error] OIDN Error: invalid handle
[2026-10-09 13:14:35.636] [svulkan2] [error] OIDN Error: invalid handle
[2026-10-09 13:14:35.636] [svulkan2] [error] OIDN Error: invalid handle
[2026-10-09 13:14:35.636] [svulkan2] [error] OIDN Error: invalid handle
[2026-10-09 13:14:35.636] [svulkan2] [error] OIDN Error: invalid handle
[2026-10-09 13:14:35.685] [svulkan2] [error] OIDN Error: invalid handle
[2026-10-09 13:14:35.685] [svulkan2] [error] OIDN Error: invalid handle
[2026-10-09 13:14:35.685] [svulkan2] [error] OIDN Error: invalid handle
[2026-10-09 13:14:35.685] [svulkan2] [error] OIDN Error: invalid handle
[2026-10-09 13:14:35.734] [svulkan2] [error] OIDN Error: invalid handle
[2026-10-09 13:14:35.734] [svulkan2] [error] OIDN Error: invalid handle
[2026-10-09 13:14:35.734] [svulkan2] [error] OIDN Error: invalid handle
[2026-10-09 13:14:35.734] [svulkan2] [error] OIDN Error: invalid handle
[2026-10-09 13:14:35.783] [svulkan2] [error] OIDN Error: invalid handle
[2026-10-09 13:14:35.783] [svulkan2] [error] OIDN Error: invalid handle
[2026-10-09 13:14:35.783] [svulkan2] [error] OIDN Error: invalid handle
[2026-10-09 13:14:35.783] [svulkan2] [error] OIDN Error: invalid handle
[2026-10-09 13:14:35.833] [svulkan2] [error] OIDN Error: invalid handle
[2026-10-09 13:14:35.833] [svulkan2] [error] OIDN Error: invalid handle
[2026-10-09 13:14:35.833] [svulkan2] [error] OIDN Error: invalid handle
[2026-10-09 13:14:35.833] [svulkan2] [error] OIDN Error: invalid handle
[2026-10-09 13:14:35.882] [svulkan2] [error] OIDN Error: invalid handle
[2026-10-09 13:14:35.882] [svulkan2] [error] OIDN Error: invalid handle
[2026-10-09 13:14:35.882] [svulkan2] [error] OIDN Error: invalid handle
[2026-10-09 13:14:35.882] [svulkan2] [error] OIDN Error: invalid handle
[2026-10-09 13:14:35.931] [svulkan2] [error] OIDN Error: invalid handle
[2026-10-09 13:14:35.931] [svulkan2] [error] OIDN Error: invalid handle
[2026-10-09 13:14:35.931] [svulkan2] [error] OIDN Error: invalid handle
[2026-10-09 13:14:35.931] [svulkan2] [error] OIDN Error: invalid handle
[2026-10-09 13:14:35.980] [svulkan2] [error] OIDN Error: invalid handle
[2026-10-09 13:14:35.980] [svulkan2] [error] OIDN Error: invalid handle
[2026-10-09 13:14:35.980] [svulkan2] [error] OIDN Error: invalid handle
[2026-10-09 13:14:35.980] [svulkan2] [error] OIDN Error: invalid handle
[2026-10-09 13:14:36.030] [svulkan2] [error] OIDN Error: invalid handle
[2026-10-09 13:14:36.030] [svulkan2] [error] OIDN Error: invalid handle
[2026-10-09 13:14:36.030] [svulkan2] [error] OIDN Error: invalid handle
[2026-10-09 13:14:36.030] [svulkan2] [error] OIDN Error: invalid handle
[2026-10-09 13:14:36.079] [svulkan2] [error] OIDN Error: invalid handle
[2026-10-09 13:14:36.079] [svulkan2] [error] OIDN Error: invalid handle
[2026-10-09 13:14:36.079] [svulkan2] [error] OIDN Error: invalid handle
[2026-10-09 13:14:36.079] [svulkan2] [error] OIDN Error: invalid handle
[2026-10-09 13:14:36.127] [svulkan2] [error] OIDN Error: invalid handle
[2026-10-09 13:14:36.127] [svulkan2] [error] OIDN Error: invalid handle
[2026-10-09 13:14:36.127] [svulkan2] [error] OIDN Error: invalid handle
[2026-10-09 13:14:36.127] [svulkan2] [error] OIDN Error: invalid handle
step: [92m6 / 400[0m{"attempt": 2, "decision": 5, "id": 14, "motions": 6, "left": "pos [-0.26, 0.01, 0.925] quat [0.5, -0.5, 0.5, 0.5] grip 1.00", "right": "hold grip 1.00", "planner": {"left": "Success", "right": "hold"}, "success": false, "calls_total": 14, "latency_s": 20.0}
[2026-10-09 13:15:00.653] [svulkan2] [error] OIDN Error: invalid handle
[2026-10-09 13:15:00.653] [svulkan2] [error] OIDN Error: invalid handle
[2026-10-09 13:15:00.653] [svulkan2] [error] OIDN Error: invalid handle
[2026-10-09 13:15:00.653] [svulkan2] [error] OIDN Error: invalid handle
[2026-10-09 13:15:00.701] [svulkan2] [error] OIDN Error: invalid handle
[2026-10-09 13:15:00.702] [svulkan2] [error] OIDN Error: invalid handle
[2026-10-09 13:15:00.702] [svulkan2] [error] OIDN Error: invalid handle
[2026-10-09 13:15:00.702] [svulkan2] [error] OIDN Error: invalid handle
[2026-10-09 13:15:00.750] [svulkan2] [error] OIDN Error: invalid handle
[2026-10-09 13:15:00.750] [svulkan2] [error] OIDN Error: invalid handle
[2026-10-09 13:15:00.750] [svulkan2] [error] OIDN Error: invalid handle
[2026-10-09 13:15:00.750] [svulkan2] [error] OIDN Error: invalid handle
[2026-10-09 13:15:00.798] [svulkan2] [error] OIDN Error: invalid handle
[2026-10-09 13:15:00.798] [svulkan2] [error] OIDN Error: invalid handle
[2026-10-09 13:15:00.798] [svulkan2] [error] OIDN Error: invalid handle
[2026-10-09 13:15:00.798] [svulkan2] [error] OIDN Error: invalid handle
[2026-10-09 13:15:00.850] [svulkan2] [error] OIDN Error: invalid handle
[2026-10-09 13:15:00.850] [svulkan2] [error] OIDN Error: invalid handle
[2026-10-09 13:15:00.850] [svulkan2] [error] OIDN Error: invalid handle
[2026-10-09 13:15:00.850] [svulkan2] [error] OIDN Error: invalid handle
[2026-10-09 13:15:00.899] [svulkan2] [error] OIDN Error: invalid handle
[2026-10-09 13:15:00.899] [svulkan2] [error] OIDN Error: invalid handle
[2026-10-09 13:15:00.899] [svulkan2] [error] OIDN Error: invalid handle
[2026-10-09 13:15:00.899] [svulkan2] [error] OIDN Error: invalid handle
[2026-10-09 13:15:00.948] [svulkan2] [error] OIDN Error: invalid handle
[2026-10-09 13:15:00.948] [svulkan2] [error] OIDN Error: invalid handle
[2026-10-09 13:15:00.948] [svulkan2] [error] OIDN Error: invalid handle
[2026-10-09 13:15:00.948] [svulkan2] [error] OIDN Error: invalid handle
[2026-10-09 13:15:00.998] [svulkan2] [error] OIDN Error: invalid handle
[2026-10-09 13:15:00.998] [svulkan2] [error] OIDN Error: invalid handle
[2026-10-09 13:15:00.998] [svulkan2] [error] OIDN Error: invalid handle
[2026-10-09 13:15:00.998] [svulkan2] [error] OIDN Error: invalid handle
[2026-10-09 13:15:01.047] [svulkan2] [error] OIDN Error: invalid handle
[2026-10-09 13:15:01.047] [svulkan2] [error] OIDN Error: invalid handle
[2026-10-09 13:15:01.048] [svulkan2] [error] OIDN Error: invalid handle
[2026-10-09 13:15:01.048] [svulkan2] [error] OIDN Error: invalid handle
[2026-10-09 13:15:01.097] [svulkan2] [error] OIDN Error: invalid handle
[2026-10-09 13:15:01.097] [svulkan2] [error] OIDN Error: invalid handle
[2026-10-09 13:15:01.097] [svulkan2] [error] OIDN Error: invalid handle
[2026-10-09 13:15:01.097] [svulkan2] [error] OIDN Error: invalid handle
[2026-10-09 13:15:01.146] [svulkan2] [error] OIDN Error: invalid handle
[2026-10-09 13:15:01.146] [svulkan2] [error] OIDN Error: invalid handle
[2026-10-09 13:15:01.147] [svulkan2] [error] OIDN Error: invalid handle
[2026-10-09 13:15:01.147] [svulkan2] [error] OIDN Error: invalid handle
[2026-10-09 13:15:01.197] [svulkan2] [error] OIDN Error: invalid handle
[2026-10-09 13:15:01.197] [svulkan2] [error] OIDN Error: invalid handle
[2026-10-09 13:15:01.197] [svulkan2] [error] OIDN Error: invalid handle
[2026-10-09 13:15:01.197] [svulkan2] [error] OIDN Error: invalid handle
[2026-10-09 13:15:01.246] [svulkan2] [error] OIDN Error: invalid handle
[2026-10-09 13:15:01.247] [svulkan2] [error] OIDN Error: invalid handle
[2026-10-09 13:15:01.247] [svulkan2] [error] OIDN Error: invalid handle
[2026-10-09 13:15:01.247] [svulkan2] [error] OIDN Error: invalid handle
[2026-10-09 13:15:01.297] [svulkan2] [error] OIDN Error: invalid handle
[2026-10-09 13:15:01.297] [svulkan2] [error] OIDN Error: invalid handle
[2026-10-09 13:15:01.297] [svulkan2] [error] OIDN Error: invalid handle
[2026-10-09 13:15:01.297] [svulkan2] [error] OIDN Error: invalid handle
[2026-10-09 13:15:01.347] [svulkan2] [error] OIDN Error: invalid handle
[2026-10-09 13:15:01.347] [svulkan2] [error] OIDN Error: invalid handle
[2026-10-09 13:15:01.347] [svulkan2] [error] OIDN Error: invalid handle
[2026-10-09 13:15:01.347] [svulkan2] [error] OIDN Error: invalid handle
[2026-10-09 13:15:01.397] [svulkan2] [error] OIDN Error: invalid handle
[2026-10-09 13:15:01.398] [svulkan2] [error] OIDN Error: invalid handle
[2026-10-09 13:15:01.398] [svulkan2] [error] OIDN Error: invalid handle
[2026-10-09 13:15:01.398] [svulkan2] [error] OIDN Error: invalid handle
[2026-10-09 13:15:01.448] [svulkan2] [error] OIDN Error: invalid handle
[2026-10-09 13:15:01.448] [svulkan2] [error] OIDN Error: invalid handle
[2026-10-09 13:15:01.448] [svulkan2] [error] OIDN Error: invalid handle
[2026-10-09 13:15:01.448] [svulkan2] [error] OIDN Error: invalid handle
[2026-10-09 13:15:01.503] [svulkan2] [error] OIDN Error: invalid handle
[2026-10-09 13:15:01.503] [svulkan2] [error] OIDN Error: invalid handle
[2026-10-09 13:15:01.503] [svulkan2] [error] OIDN Error: invalid handle
[2026-10-09 13:15:01.504] [svulkan2] [error] OIDN Error: invalid handle
[2026-10-09 13:15:01.553] [svulkan2] [error] OIDN Error: invalid handle
[2026-10-09 13:15:01.553] [svulkan2] [error] OIDN Error: invalid handle
[2026-10-09 13:15:01.553] [svulkan2] [error] OIDN Error: invalid handle
[2026-10-09 13:15:01.553] [svulkan2] [error] OIDN Error: invalid handle
[2026-10-09 13:15:01.604] [svulkan2] [error] OIDN Error: invalid handle
[2026-10-09 13:15:01.604] [svulkan2] [error] OIDN Error: invalid handle
[2026-10-09 13:15:01.604] [svulkan2] [error] OIDN Error: invalid handle
[2026-10-09 13:15:01.604] [svulkan2] [error] OIDN Error: invalid handle
[2026-10-09 13:15:01.655] [svulkan2] [error] OIDN Error: invalid handle
[2026-10-09 13:15:01.656] [svulkan2] [error] OIDN Error: invalid handle
[2026-10-09 13:15:01.656] [svulkan2] [error] OIDN Error: invalid handle
[2026-10-09 13:15:01.656] [svulkan2] [error] OIDN Error: invalid handle
[2026-10-09 13:15:01.706] [svulkan2] [error] OIDN Error: invalid handle
[2026-10-09 13:15:01.708] [svulkan2] [error] OIDN Error: invalid handle
[2026-10-09 13:15:01.708] [svulkan2] [error] OIDN Error: invalid handle
[2026-10-09 13:15:01.708] [svulkan2] [error] OIDN Error: invalid handle
[2026-10-09 13:15:01.755] [svulkan2] [error] OIDN Error: invalid handle
[2026-10-09 13:15:01.755] [svulkan2] [error] OIDN Error: invalid handle
[2026-10-09 13:15:01.755] [svulkan2] [error] OIDN Error: invalid handle
[2026-10-09 13:15:01.755] [svulkan2] [error] OIDN Error: invalid handle
step: [92m7 / 400[0m{"attempt": 2, "decision": 6, "id": 15, "motions": 7, "left": "pos [-0.275, 0.0, 0.897] quat [0.5, -0.5, 0.5, 0.5] grip 0.00", "right": "hold grip 1.00", "planner": {"left": "Success", "right": "hold"}, "success": false, "calls_total": 15, "latency_s": 23.93}
[2026-10-09 13:15:16.876] [svulkan2] [error] OIDN Error: invalid handle
[2026-10-09 13:15:16.876] [svulkan2] [error] OIDN Error: invalid handle
[2026-10-09 13:15:16.876] [svulkan2] [error] OIDN Error: invalid handle
[2026-10-09 13:15:16.876] [svulkan2] [error] OIDN Error: invalid handle
[2026-10-09 13:15:16.927] [svulkan2] [error] OIDN Error: invalid handle
[2026-10-09 13:15:16.927] [svulkan2] [error] OIDN Error: invalid handle
[2026-10-09 13:15:16.927] [svulkan2] [error] OIDN Error: invalid handle
[2026-10-09 13:15:16.927] [svulkan2] [error] OIDN Error: invalid handle
[2026-10-09 13:15:16.978] [svulkan2] [error] OIDN Error: invalid handle
[2026-10-09 13:15:16.978] [svulkan2] [error] OIDN Error: invalid handle
[2026-10-09 13:15:16.978] [svulkan2] [error] OIDN Error: invalid handle
[2026-10-09 13:15:16.978] [svulkan2] [error] OIDN Error: invalid handle
[2026-10-09 13:15:17.029] [svulkan2] [error] OIDN Error: invalid handle
[2026-10-09 13:15:17.029] [svulkan2] [error] OIDN Error: invalid handle
[2026-10-09 13:15:17.029] [svulkan2] [error] OIDN Error: invalid handle
[2026-10-09 13:15:17.029] [svulkan2] [error] OIDN Error: invalid handle
[2026-10-09 13:15:17.080] [svulkan2] [error] OIDN Error: invalid handle
[2026-10-09 13:15:17.080] [svulkan2] [error] OIDN Error: invalid handle
[2026-10-09 13:15:17.080] [svulkan2] [error] OIDN Error: invalid handle
[2026-10-09 13:15:17.080] [svulkan2] [error] OIDN Error: invalid handle
[2026-10-09 13:15:17.131] [svulkan2] [error] OIDN Error: invalid handle
[2026-10-09 13:15:17.131] [svulkan2] [error] OIDN Error: invalid handle
[2026-10-09 13:15:17.131] [svulkan2] [error] OIDN Error: invalid handle
[2026-10-09 13:15:17.131] [svulkan2] [error] OIDN Error: invalid handle
[2026-10-09 13:15:17.181] [svulkan2] [error] OIDN Error: invalid handle
[2026-10-09 13:15:17.181] [svulkan2] [error] OIDN Error: invalid handle
[2026-10-09 13:15:17.182] [svulkan2] [error] OIDN Error: invalid handle
[2026-10-09 13:15:17.182] [svulkan2] [error] OIDN Error: invalid handle
[2026-10-09 13:15:17.232] [svulkan2] [error] OIDN Error: invalid handle
[2026-10-09 13:15:17.232] [svulkan2] [error] OIDN Error: invalid handle
[2026-10-09 13:15:17.232] [svulkan2] [error] OIDN Error: invalid handle
[2026-10-09 13:15:17.232] [svulkan2] [error] OIDN Error: invalid handle
[2026-10-09 13:15:17.285] [svulkan2] [error] OIDN Error: invalid handle
[2026-10-09 13:15:17.286] [svulkan2] [error] OIDN Error: invalid handle
[2026-10-09 13:15:17.286] [svulkan2] [error] OIDN Error: invalid handle
[2026-10-09 13:15:17.286] [svulkan2] [error] OIDN Error: invalid handle
[2026-10-09 13:15:17.338] [svulkan2] [error] OIDN Error: invalid handle
[2026-10-09 13:15:17.338] [svulkan2] [error] OIDN Error: invalid handle
[2026-10-09 13:15:17.338] [svulkan2] [error] OIDN Error: invalid handle
[2026-10-09 13:15:17.338] [svulkan2] [error] OIDN Error: invalid handle
[2026-10-09 13:15:17.389] [svulkan2] [error] OIDN Error: invalid handle
[2026-10-09 13:15:17.389] [svulkan2] [error] OIDN Error: invalid handle
[2026-10-09 13:15:17.389] [svulkan2] [error] OIDN Error: invalid handle
[2026-10-09 13:15:17.389] [svulkan2] [error] OIDN Error: invalid handle
[2026-10-09 13:15:17.438] [svulkan2] [error] OIDN Error: invalid handle
[2026-10-09 13:15:17.439] [svulkan2] [error] OIDN Error: invalid handle
[2026-10-09 13:15:17.439] [svulkan2] [error] OIDN Error: invalid handle
[2026-10-09 13:15:17.439] [svulkan2] [error] OIDN Error: invalid handle
[2026-10-09 13:15:17.488] [svulkan2] [error] OIDN Error: invalid handle
[2026-10-09 13:15:17.488] [svulkan2] [error] OIDN Error: invalid handle
[2026-10-09 13:15:17.488] [svulkan2] [error] OIDN Error: invalid handle
[2026-10-09 13:15:17.488] [svulkan2] [error] OIDN Error: invalid handle
[2026-10-09 13:15:17.538] [svulkan2] [error] OIDN Error: invalid handle
[2026-10-09 13:15:17.539] [svulkan2] [error] OIDN Error: invalid handle
[2026-10-09 13:15:17.539] [svulkan2] [error] OIDN Error: invalid handle
[2026-10-09 13:15:17.539] [svulkan2] [error] OIDN Error: invalid handle
[2026-10-09 13:15:17.588] [svulkan2] [error] OIDN Error: invalid handle
[2026-10-09 13:15:17.588] [svulkan2] [error] OIDN Error: invalid handle
[2026-10-09 13:15:17.588] [svulkan2] [error] OIDN Error: invalid handle
[2026-10-09 13:15:17.588] [svulkan2] [error] OIDN Error: invalid handle
[2026-10-09 13:15:17.639] [svulkan2] [error] OIDN Error: invalid handle
[2026-10-09 13:15:17.639] [svulkan2] [error] OIDN Error: invalid handle
[2026-10-09 13:15:17.639] [svulkan2] [error] OIDN Error: invalid handle
[2026-10-09 13:15:17.639] [svulkan2] [error] OIDN Error: invalid handle
[2026-10-09 13:15:17.688] [svulkan2] [error] OIDN Error: invalid handle
[2026-10-09 13:15:17.688] [svulkan2] [error] OIDN Error: invalid handle
[2026-10-09 13:15:17.688] [svulkan2] [error] OIDN Error: invalid handle
[2026-10-09 13:15:17.688] [svulkan2] [error] OIDN Error: invalid handle
[2026-10-09 13:15:17.737] [svulkan2] [error] OIDN Error: invalid handle
[2026-10-09 13:15:17.737] [svulkan2] [error] OIDN Error: invalid handle
[2026-10-09 13:15:17.737] [svulkan2] [error] OIDN Error: invalid handle
[2026-10-09 13:15:17.738] [svulkan2] [error] OIDN Error: invalid handle
[2026-10-09 13:15:17.787] [svulkan2] [error] OIDN Error: invalid handle
[2026-10-09 13:15:17.787] [svulkan2] [error] OIDN Error: invalid handle
[2026-10-09 13:15:17.787] [svulkan2] [error] OIDN Error: invalid handle
[2026-10-09 13:15:17.787] [svulkan2] [error] OIDN Error: invalid handle
[2026-10-09 13:15:17.837] [svulkan2] [error] OIDN Error: invalid handle
[2026-10-09 13:15:17.837] [svulkan2] [error] OIDN Error: invalid handle
[2026-10-09 13:15:17.837] [svulkan2] [error] OIDN Error: invalid handle
[2026-10-09 13:15:17.837] [svulkan2] [error] OIDN Error: invalid handle
[2026-10-09 13:15:17.886] [svulkan2] [error] OIDN Error: invalid handle
[2026-10-09 13:15:17.886] [svulkan2] [error] OIDN Error: invalid handle
[2026-10-09 13:15:17.886] [svulkan2] [error] OIDN Error: invalid handle
[2026-10-09 13:15:17.886] [svulkan2] [error] OIDN Error: invalid handle
[2026-10-09 13:15:17.936] [svulkan2] [error] OIDN Error: invalid handle
[2026-10-09 13:15:17.936] [svulkan2] [error] OIDN Error: invalid handle
[2026-10-09 13:15:17.936] [svulkan2] [error] OIDN Error: invalid handle
[2026-10-09 13:15:17.936] [svulkan2] [error] OIDN Error: invalid handle
[2026-10-09 13:15:17.984] [svulkan2] [error] OIDN Error: invalid handle
[2026-10-09 13:15:17.984] [svulkan2] [error] OIDN Error: invalid handle
[2026-10-09 13:15:17.984] [svulkan2] [error] OIDN Error: invalid handle
[2026-10-09 13:15:17.985] [svulkan2] [error] OIDN Error: invalid handle
[2026-10-09 13:15:18.033] [svulkan2] [error] OIDN Error: invalid handle
[2026-10-09 13:15:18.033] [svulkan2] [error] OIDN Error: invalid handle
[2026-10-09 13:15:18.033] [svulkan2] [error] OIDN Error: invalid handle
[2026-10-09 13:15:18.033] [svulkan2] [error] OIDN Error: invalid handle
[2026-10-09 13:15:18.082] [svulkan2] [error] OIDN Error: invalid handle
[2026-10-09 13:15:18.082] [svulkan2] [error] OIDN Error: invalid handle
[2026-10-09 13:15:18.082] [svulkan2] [error] OIDN Error: invalid handle
[2026-10-09 13:15:18.082] [svulkan2] [error] OIDN Error: invalid handle
[2026-10-09 13:15:18.131] [svulkan2] [error] OIDN Error: invalid handle
[2026-10-09 13:15:18.131] [svulkan2] [error] OIDN Error: invalid handle
[2026-10-09 13:15:18.131] [svulkan2] [error] OIDN Error: invalid handle
[2026-10-09 13:15:18.131] [svulkan2] [error] OIDN Error: invalid handle
[2026-10-09 13:15:18.180] [svulkan2] [error] OIDN Error: invalid handle
[2026-10-09 13:15:18.180] [svulkan2] [error] OIDN Error: invalid handle
[2026-10-09 13:15:18.180] [svulkan2] [error] OIDN Error: invalid handle
[2026-10-09 13:15:18.180] [svulkan2] [error] OIDN Error: invalid handle
[2026-10-09 13:15:18.229] [svulkan2] [error] OIDN Error: invalid handle
[2026-10-09 13:15:18.229] [svulkan2] [error] OIDN Error: invalid handle
[2026-10-09 13:15:18.229] [svulkan2] [error] OIDN Error: invalid handle
[2026-10-09 13:15:18.229] [svulkan2] [error] OIDN Error: invalid handle
[2026-10-09 13:15:18.278] [svulkan2] [error] OIDN Error: invalid handle
[2026-10-09 13:15:18.278] [svulkan2] [error] OIDN Error: invalid handle
[2026-10-09 13:15:18.278] [svulkan2] [error] OIDN Error: invalid handle
[2026-10-09 13:15:18.278] [svulkan2] [error] OIDN Error: invalid handle
[2026-10-09 13:15:18.327] [svulkan2] [error] OIDN Error: invalid handle
[2026-10-09 13:15:18.327] [svulkan2] [error] OIDN Error: invalid handle
[2026-10-09 13:15:18.327] [svulkan2] [error] OIDN Error: invalid handle
[2026-10-09 13:15:18.327] [svulkan2] [error] OIDN Error: invalid handle
[2026-10-09 13:15:18.376] [svulkan2] [error] OIDN Error: invalid handle
[2026-10-09 13:15:18.376] [svulkan2] [error] OIDN Error: invalid handle
[2026-10-09 13:15:18.377] [svulkan2] [error] OIDN Error: invalid handle
[2026-10-09 13:15:18.377] [svulkan2] [error] OIDN Error: invalid handle
[2026-10-09 13:15:18.425] [svulkan2] [error] OIDN Error: invalid handle
[2026-10-09 13:15:18.425] [svulkan2] [error] OIDN Error: invalid handle
[2026-10-09 13:15:18.425] [svulkan2] [error] OIDN Error: invalid handle
[2026-10-09 13:15:18.425] [svulkan2] [error] OIDN Error: invalid handle
[2026-10-09 13:15:18.474] [svulkan2] [error] OIDN Error: invalid handle
[2026-10-09 13:15:18.474] [svulkan2] [error] OIDN Error: invalid handle
[2026-10-09 13:15:18.475] [svulkan2] [error] OIDN Error: invalid handle
[2026-10-09 13:15:18.475] [svulkan2] [error] OIDN Error: invalid handle
[2026-10-09 13:15:18.523] [svulkan2] [error] OIDN Error: invalid handle
[2026-10-09 13:15:18.523] [svulkan2] [error] OIDN Error: invalid handle
[2026-10-09 13:15:18.523] [svulkan2] [error] OIDN Error: invalid handle
[2026-10-09 13:15:18.523] [svulkan2] [error] OIDN Error: invalid handle
[2026-10-09 13:15:18.572] [svulkan2] [error] OIDN Error: invalid handle
[2026-10-09 13:15:18.574] [svulkan2] [error] OIDN Error: invalid handle
[2026-10-09 13:15:18.574] [svulkan2] [error] OIDN Error: invalid handle
[2026-10-09 13:15:18.574] [svulkan2] [error] OIDN Error: invalid handle
[2026-10-09 13:15:18.619] [svulkan2] [error] OIDN Error: invalid handle
[2026-10-09 13:15:18.619] [svulkan2] [error] OIDN Error: invalid handle
[2026-10-09 13:15:18.619] [svulkan2] [error] OIDN Error: invalid handle
[2026-10-09 13:15:18.619] [svulkan2] [error] OIDN Error: invalid handle
step: [92m8 / 400[0m{"attempt": 2, "decision": 7, "id": 16, "motions": 8, "left": "pos [-0.275, 0.0, 1.015] quat [0.5, -0.5, 0.5, 0.5] grip 0.00", "right": "hold grip 1.00", "planner": {"left": "Success", "right": "hold"}, "success": false, "calls_total": 16, "latency_s": 14.53}
[2026-10-09 13:15:35.919] [svulkan2] [error] OIDN Error: invalid handle
[2026-10-09 13:15:35.919] [svulkan2] [error] OIDN Error: invalid handle
[2026-10-09 13:15:35.919] [svulkan2] [error] OIDN Error: invalid handle
[2026-10-09 13:15:35.919] [svulkan2] [error] OIDN Error: invalid handle
[2026-10-09 13:15:35.968] [svulkan2] [error] OIDN Error: invalid handle
[2026-10-09 13:15:35.968] [svulkan2] [error] OIDN Error: invalid handle
[2026-10-09 13:15:35.968] [svulkan2] [error] OIDN Error: invalid handle
[2026-10-09 13:15:35.968] [svulkan2] [error] OIDN Error: invalid handle
[2026-10-09 13:15:36.017] [svulkan2] [error] OIDN Error: invalid handle
[2026-10-09 13:15:36.017] [svulkan2] [error] OIDN Error: invalid handle
[2026-10-09 13:15:36.017] [svulkan2] [error] OIDN Error: invalid handle
[2026-10-09 13:15:36.017] [svulkan2] [error] OIDN Error: invalid handle
[2026-10-09 13:15:36.069] [svulkan2] [error] OIDN Error: invalid handle
[2026-10-09 13:15:36.070] [svulkan2] [error] OIDN Error: invalid handle
[2026-10-09 13:15:36.070] [svulkan2] [error] OIDN Error: invalid handle
[2026-10-09 13:15:36.070] [svulkan2] [error] OIDN Error: invalid handle
[2026-10-09 13:15:36.118] [svulkan2] [error] OIDN Error: invalid handle
[2026-10-09 13:15:36.118] [svulkan2] [error] OIDN Error: invalid handle
[2026-10-09 13:15:36.118] [svulkan2] [error] OIDN Error: invalid handle
[2026-10-09 13:15:36.118] [svulkan2] [error] OIDN Error: invalid handle
[2026-10-09 13:15:36.166] [svulkan2] [error] OIDN Error: invalid handle
[2026-10-09 13:15:36.166] [svulkan2] [error] OIDN Error: invalid handle
[2026-10-09 13:15:36.167] [svulkan2] [error] OIDN Error: invalid handle
[2026-10-09 13:15:36.167] [svulkan2] [error] OIDN Error: invalid handle
[2026-10-09 13:15:36.215] [svulkan2] [error] OIDN Error: invalid handle
[2026-10-09 13:15:36.215] [svulkan2] [error] OIDN Error: invalid handle
[2026-10-09 13:15:36.215] [svulkan2] [error] OIDN Error: invalid handle
[2026-10-09 13:15:36.215] [svulkan2] [error] OIDN Error: invalid handle
[2026-10-09 13:15:36.263] [svulkan2] [error] OIDN Error: invalid handle
[2026-10-09 13:15:36.263] [svulkan2] [error] OIDN Error: invalid handle
[2026-10-09 13:15:36.263] [svulkan2] [error] OIDN Error: invalid handle
[2026-10-09 13:15:36.263] [svulkan2] [error] OIDN Error: invalid handle
[2026-10-09 13:15:36.311] [svulkan2] [error] OIDN Error: invalid handle
[2026-10-09 13:15:36.311] [svulkan2] [error] OIDN Error: invalid handle
[2026-10-09 13:15:36.311] [svulkan2] [error] OIDN Error: invalid handle
[2026-10-09 13:15:36.311] [svulkan2] [error] OIDN Error: invalid handle
[2026-10-09 13:15:36.360] [svulkan2] [error] OIDN Error: invalid handle
[2026-10-09 13:15:36.360] [svulkan2] [error] OIDN Error: invalid handle
[2026-10-09 13:15:36.360] [svulkan2] [error] OIDN Error: invalid handle
[2026-10-09 13:15:36.360] [svulkan2] [error] OIDN Error: invalid handle
[2026-10-09 13:15:36.409] [svulkan2] [error] OIDN Error: invalid handle
[2026-10-09 13:15:36.409] [svulkan2] [error] OIDN Error: invalid handle
[2026-10-09 13:15:36.409] [svulkan2] [error] OIDN Error: invalid handle
[2026-10-09 13:15:36.409] [svulkan2] [error] OIDN Error: invalid handle
[2026-10-09 13:15:36.458] [svulkan2] [error] OIDN Error: invalid handle
[2026-10-09 13:15:36.458] [svulkan2] [error] OIDN Error: invalid handle
[2026-10-09 13:15:36.458] [svulkan2] [error] OIDN Error: invalid handle
[2026-10-09 13:15:36.458] [svulkan2] [error] OIDN Error: invalid handle
[2026-10-09 13:15:36.507] [svulkan2] [error] OIDN Error: invalid handle
[2026-10-09 13:15:36.507] [svulkan2] [error] OIDN Error: invalid handle
[2026-10-09 13:15:36.507] [svulkan2] [error] OIDN Error: invalid handle
[2026-10-09 13:15:36.507] [svulkan2] [error] OIDN Error: invalid handle
[2026-10-09 13:15:36.557] [svulkan2] [error] OIDN Error: invalid handle
[2026-10-09 13:15:36.557] [svulkan2] [error] OIDN Error: invalid handle
[2026-10-09 13:15:36.557] [svulkan2] [error] OIDN Error: invalid handle
[2026-10-09 13:15:36.557] [svulkan2] [error] OIDN Error: invalid handle
[2026-10-09 13:15:36.606] [svulkan2] [error] OIDN Error: invalid handle
[2026-10-09 13:15:36.606] [svulkan2] [error] OIDN Error: invalid handle
[2026-10-09 13:15:36.606] [svulkan2] [error] OIDN Error: invalid handle
[2026-10-09 13:15:36.606] [svulkan2] [error] OIDN Error: invalid handle
[2026-10-09 13:15:36.656] [svulkan2] [error] OIDN Error: invalid handle
[2026-10-09 13:15:36.657] [svulkan2] [error] OIDN Error: invalid handle
[2026-10-09 13:15:36.657] [svulkan2] [error] OIDN Error: invalid handle
[2026-10-09 13:15:36.657] [svulkan2] [error] OIDN Error: invalid handle
[2026-10-09 13:15:36.705] [svulkan2] [error] OIDN Error: invalid handle
[2026-10-09 13:15:36.706] [svulkan2] [error] OIDN Error: invalid handle
[2026-10-09 13:15:36.706] [svulkan2] [error] OIDN Error: invalid handle
[2026-10-09 13:15:36.706] [svulkan2] [error] OIDN Error: invalid handle
[2026-10-09 13:15:36.757] [svulkan2] [error] OIDN Error: invalid handle
[2026-10-09 13:15:36.757] [svulkan2] [error] OIDN Error: invalid handle
[2026-10-09 13:15:36.757] [svulkan2] [error] OIDN Error: invalid handle
[2026-10-09 13:15:36.757] [svulkan2] [error] OIDN Error: invalid handle
[2026-10-09 13:15:36.806] [svulkan2] [error] OIDN Error: invalid handle
[2026-10-09 13:15:36.806] [svulkan2] [error] OIDN Error: invalid handle
[2026-10-09 13:15:36.806] [svulkan2] [error] OIDN Error: invalid handle
[2026-10-09 13:15:36.806] [svulkan2] [error] OIDN Error: invalid handle
[2026-10-09 13:15:36.856] [svulkan2] [error] OIDN Error: invalid handle
[2026-10-09 13:15:36.856] [svulkan2] [error] OIDN Error: invalid handle
[2026-10-09 13:15:36.856] [svulkan2] [error] OIDN Error: invalid handle
[2026-10-09 13:15:36.856] [svulkan2] [error] OIDN Error: invalid handle
[2026-10-09 13:15:36.906] [svulkan2] [error] OIDN Error: invalid handle
[2026-10-09 13:15:36.906] [svulkan2] [error] OIDN Error: invalid handle
[2026-10-09 13:15:36.906] [svulkan2] [error] OIDN Error: invalid handle
[2026-10-09 13:15:36.906] [svulkan2] [error] OIDN Error: invalid handle
[2026-10-09 13:15:36.957] [svulkan2] [error] OIDN Error: invalid handle
[2026-10-09 13:15:36.957] [svulkan2] [error] OIDN Error: invalid handle
[2026-10-09 13:15:36.957] [svulkan2] [error] OIDN Error: invalid handle
[2026-10-09 13:15:36.957] [svulkan2] [error] OIDN Error: invalid handle
[2026-10-09 13:15:37.008] [svulkan2] [error] OIDN Error: invalid handle
[2026-10-09 13:15:37.008] [svulkan2] [error] OIDN Error: invalid handle
[2026-10-09 13:15:37.008] [svulkan2] [error] OIDN Error: invalid handle
[2026-10-09 13:15:37.008] [svulkan2] [error] OIDN Error: invalid handle
[2026-10-09 13:15:37.059] [svulkan2] [error] OIDN Error: invalid handle
[2026-10-09 13:15:37.059] [svulkan2] [error] OIDN Error: invalid handle
[2026-10-09 13:15:37.059] [svulkan2] [error] OIDN Error: invalid handle
[2026-10-09 13:15:37.059] [svulkan2] [error] OIDN Error: invalid handle
[2026-10-09 13:15:37.110] [svulkan2] [error] OIDN Error: invalid handle
[2026-10-09 13:15:37.110] [svulkan2] [error] OIDN Error: invalid handle
[2026-10-09 13:15:37.110] [svulkan2] [error] OIDN Error: invalid handle
[2026-10-09 13:15:37.110] [svulkan2] [error] OIDN Error: invalid handle
[2026-10-09 13:15:37.162] [svulkan2] [error] OIDN Error: invalid handle
[2026-10-09 13:15:37.162] [svulkan2] [error] OIDN Error: invalid handle
[2026-10-09 13:15:37.162] [svulkan2] [error] OIDN Error: invalid handle
[2026-10-09 13:15:37.162] [svulkan2] [error] OIDN Error: invalid handle
[2026-10-09 13:15:37.214] [svulkan2] [error] OIDN Error: invalid handle
[2026-10-09 13:15:37.214] [svulkan2] [error] OIDN Error: invalid handle
[2026-10-09 13:15:37.214] [svulkan2] [error] OIDN Error: invalid handle
[2026-10-09 13:15:37.214] [svulkan2] [error] OIDN Error: invalid handle
[2026-10-09 13:15:37.265] [svulkan2] [error] OIDN Error: invalid handle
[2026-10-09 13:15:37.266] [svulkan2] [error] OIDN Error: invalid handle
[2026-10-09 13:15:37.266] [svulkan2] [error] OIDN Error: invalid handle
[2026-10-09 13:15:37.266] [svulkan2] [error] OIDN Error: invalid handle
[2026-10-09 13:15:37.317] [svulkan2] [error] OIDN Error: invalid handle
[2026-10-09 13:15:37.317] [svulkan2] [error] OIDN Error: invalid handle
[2026-10-09 13:15:37.317] [svulkan2] [error] OIDN Error: invalid handle
[2026-10-09 13:15:37.317] [svulkan2] [error] OIDN Error: invalid handle
[2026-10-09 13:15:37.370] [svulkan2] [error] OIDN Error: invalid handle
[2026-10-09 13:15:37.370] [svulkan2] [error] OIDN Error: invalid handle
[2026-10-09 13:15:37.370] [svulkan2] [error] OIDN Error: invalid handle
[2026-10-09 13:15:37.370] [svulkan2] [error] OIDN Error: invalid handle
[2026-10-09 13:15:37.422] [svulkan2] [error] OIDN Error: invalid handle
[2026-10-09 13:15:37.422] [svulkan2] [error] OIDN Error: invalid handle
[2026-10-09 13:15:37.423] [svulkan2] [error] OIDN Error: invalid handle
[2026-10-09 13:15:37.423] [svulkan2] [error] OIDN Error: invalid handle
[2026-10-09 13:15:37.476] [svulkan2] [error] OIDN Error: invalid handle
[2026-10-09 13:15:37.476] [svulkan2] [error] OIDN Error: invalid handle
[2026-10-09 13:15:37.476] [svulkan2] [error] OIDN Error: invalid handle
[2026-10-09 13:15:37.476] [svulkan2] [error] OIDN Error: invalid handle
[2026-10-09 13:15:37.529] [svulkan2] [error] OIDN Error: invalid handle
[2026-10-09 13:15:37.529] [svulkan2] [error] OIDN Error: invalid handle
[2026-10-09 13:15:37.529] [svulkan2] [error] OIDN Error: invalid handle
[2026-10-09 13:15:37.529] [svulkan2] [error] OIDN Error: invalid handle
[2026-10-09 13:15:37.582] [svulkan2] [error] OIDN Error: invalid handle
[2026-10-09 13:15:37.582] [svulkan2] [error] OIDN Error: invalid handle
[2026-10-09 13:15:37.582] [svulkan2] [error] OIDN Error: invalid handle
[2026-10-09 13:15:37.582] [svulkan2] [error] OIDN Error: invalid handle
[2026-10-09 13:15:37.634] [svulkan2] [error] OIDN Error: invalid handle
[2026-10-09 13:15:37.636] [svulkan2] [error] OIDN Error: invalid handle
[2026-10-09 13:15:37.636] [svulkan2] [error] OIDN Error: invalid handle
[2026-10-09 13:15:37.636] [svulkan2] [error] OIDN Error: invalid handle
[2026-10-09 13:15:37.687] [svulkan2] [error] OIDN Error: invalid handle
[2026-10-09 13:15:37.687] [svulkan2] [error] OIDN Error: invalid handle
[2026-10-09 13:15:37.687] [svulkan2] [error] OIDN Error: invalid handle
[2026-10-09 13:15:37.687] [svulkan2] [error] OIDN Error: invalid handle
[2026-10-09 13:15:37.740] [svulkan2] [error] OIDN Error: invalid handle
[2026-10-09 13:15:37.740] [svulkan2] [error] OIDN Error: invalid handle
[2026-10-09 13:15:37.740] [svulkan2] [error] OIDN Error: invalid handle
[2026-10-09 13:15:37.740] [svulkan2] [error] OIDN Error: invalid handle
[2026-10-09 13:15:37.793] [svulkan2] [error] OIDN Error: invalid handle
[2026-10-09 13:15:37.793] [svulkan2] [error] OIDN Error: invalid handle
[2026-10-09 13:15:37.793] [svulkan2] [error] OIDN Error: invalid handle
[2026-10-09 13:15:37.793] [svulkan2] [error] OIDN Error: invalid handle
[2026-10-09 13:15:37.846] [svulkan2] [error] OIDN Error: invalid handle
[2026-10-09 13:15:37.846] [svulkan2] [error] OIDN Error: invalid handle
[2026-10-09 13:15:37.846] [svulkan2] [error] OIDN Error: invalid handle
[2026-10-09 13:15:37.846] [svulkan2] [error] OIDN Error: invalid handle
[2026-10-09 13:15:37.899] [svulkan2] [error] OIDN Error: invalid handle
[2026-10-09 13:15:37.899] [svulkan2] [error] OIDN Error: invalid handle
[2026-10-09 13:15:37.899] [svulkan2] [error] OIDN Error: invalid handle
[2026-10-09 13:15:37.899] [svulkan2] [error] OIDN Error: invalid handle
[2026-10-09 13:15:37.952] [svulkan2] [error] OIDN Error: invalid handle
[2026-10-09 13:15:37.952] [svulkan2] [error] OIDN Error: invalid handle
[2026-10-09 13:15:37.952] [svulkan2] [error] OIDN Error: invalid handle
[2026-10-09 13:15:37.952] [svulkan2] [error] OIDN Error: invalid handle
[2026-10-09 13:15:38.005] [svulkan2] [error] OIDN Error: invalid handle
[2026-10-09 13:15:38.005] [svulkan2] [error] OIDN Error: invalid handle
[2026-10-09 13:15:38.005] [svulkan2] [error] OIDN Error: invalid handle
[2026-10-09 13:15:38.005] [svulkan2] [error] OIDN Error: invalid handle
[2026-10-09 13:15:38.058] [svulkan2] [error] OIDN Error: invalid handle
[2026-10-09 13:15:38.058] [svulkan2] [error] OIDN Error: invalid handle
[2026-10-09 13:15:38.058] [svulkan2] [error] OIDN Error: invalid handle
[2026-10-09 13:15:38.058] [svulkan2] [error] OIDN Error: invalid handle
[2026-10-09 13:15:38.112] [svulkan2] [error] OIDN Error: invalid handle
[2026-10-09 13:15:38.112] [svulkan2] [error] OIDN Error: invalid handle
[2026-10-09 13:15:38.112] [svulkan2] [error] OIDN Error: invalid handle
[2026-10-09 13:15:38.112] [svulkan2] [error] OIDN Error: invalid handle
[2026-10-09 13:15:38.165] [svulkan2] [error] OIDN Error: invalid handle
[2026-10-09 13:15:38.165] [svulkan2] [error] OIDN Error: invalid handle
[2026-10-09 13:15:38.165] [svulkan2] [error] OIDN Error: invalid handle
[2026-10-09 13:15:38.165] [svulkan2] [error] OIDN Error: invalid handle
[2026-10-09 13:15:38.217] [svulkan2] [error] OIDN Error: invalid handle
[2026-10-09 13:15:38.217] [svulkan2] [error] OIDN Error: invalid handle
[2026-10-09 13:15:38.217] [svulkan2] [error] OIDN Error: invalid handle
[2026-10-09 13:15:38.217] [svulkan2] [error] OIDN Error: invalid handle
step: [92m9 / 400[0m{"attempt": 2, "decision": 8, "id": 17, "motions": 9, "left": "pos [0.015, -0.098, 1.045] quat [0.5, -0.5, 0.5, 0.5] grip 0.00", "right": "hold grip 1.00", "planner": {"left": "Success", "right": "hold"}, "success": false, "calls_total": 17, "latency_s": 16.69}
[2026-10-09 13:15:53.715] [svulkan2] [error] OIDN Error: invalid handle
[2026-10-09 13:15:53.715] [svulkan2] [error] OIDN Error: invalid handle
[2026-10-09 13:15:53.715] [svulkan2] [error] OIDN Error: invalid handle
[2026-10-09 13:15:53.715] [svulkan2] [error] OIDN Error: invalid handle
[2026-10-09 13:15:53.768] [svulkan2] [error] OIDN Error: invalid handle
[2026-10-09 13:15:53.768] [svulkan2] [error] OIDN Error: invalid handle
[2026-10-09 13:15:53.768] [svulkan2] [error] OIDN Error: invalid handle
[2026-10-09 13:15:53.768] [svulkan2] [error] OIDN Error: invalid handle
[2026-10-09 13:15:53.820] [svulkan2] [error] OIDN Error: invalid handle
[2026-10-09 13:15:53.820] [svulkan2] [error] OIDN Error: invalid handle
[2026-10-09 13:15:53.820] [svulkan2] [error] OIDN Error: invalid handle
[2026-10-09 13:15:53.820] [svulkan2] [error] OIDN Error: invalid handle
[2026-10-09 13:15:53.873] [svulkan2] [error] OIDN Error: invalid handle
[2026-10-09 13:15:53.873] [svulkan2] [error] OIDN Error: invalid handle
[2026-10-09 13:15:53.873] [svulkan2] [error] OIDN Error: invalid handle
[2026-10-09 13:15:53.873] [svulkan2] [error] OIDN Error: invalid handle
[2026-10-09 13:15:53.925] [svulkan2] [error] OIDN Error: invalid handle
[2026-10-09 13:15:53.925] [svulkan2] [error] OIDN Error: invalid handle
[2026-10-09 13:15:53.925] [svulkan2] [error] OIDN Error: invalid handle
[2026-10-09 13:15:53.925] [svulkan2] [error] OIDN Error: invalid handle
[2026-10-09 13:15:53.978] [svulkan2] [error] OIDN Error: invalid handle
[2026-10-09 13:15:53.978] [svulkan2] [error] OIDN Error: invalid handle
[2026-10-09 13:15:53.978] [svulkan2] [error] OIDN Error: invalid handle
[2026-10-09 13:15:53.979] [svulkan2] [error] OIDN Error: invalid handle
[2026-10-09 13:15:54.031] [svulkan2] [error] OIDN Error: invalid handle
[2026-10-09 13:15:54.031] [svulkan2] [error] OIDN Error: invalid handle
[2026-10-09 13:15:54.031] [svulkan2] [error] OIDN Error: invalid handle
[2026-10-09 13:15:54.031] [svulkan2] [error] OIDN Error: invalid handle
[2026-10-09 13:15:54.085] [svulkan2] [error] OIDN Error: invalid handle
[2026-10-09 13:15:54.085] [svulkan2] [error] OIDN Error: invalid handle
[2026-10-09 13:15:54.085] [svulkan2] [error] OIDN Error: invalid handle
[2026-10-09 13:15:54.085] [svulkan2] [error] OIDN Error: invalid handle
[2026-10-09 13:15:54.139] [svulkan2] [error] OIDN Error: invalid handle
[2026-10-09 13:15:54.139] [svulkan2] [error] OIDN Error: invalid handle
[2026-10-09 13:15:54.139] [svulkan2] [error] OIDN Error: invalid handle
[2026-10-09 13:15:54.139] [svulkan2] [error] OIDN Error: invalid handle
[2026-10-09 13:15:54.192] [svulkan2] [error] OIDN Error: invalid handle
[2026-10-09 13:15:54.192] [svulkan2] [error] OIDN Error: invalid handle
[2026-10-09 13:15:54.192] [svulkan2] [error] OIDN Error: invalid handle
[2026-10-09 13:15:54.192] [svulkan2] [error] OIDN Error: invalid handle
[2026-10-09 13:15:54.244] [svulkan2] [error] OIDN Error: invalid handle
[2026-10-09 13:15:54.244] [svulkan2] [error] OIDN Error: invalid handle
[2026-10-09 13:15:54.244] [svulkan2] [error] OIDN Error: invalid handle
[2026-10-09 13:15:54.244] [svulkan2] [error] OIDN Error: invalid handle
[2026-10-09 13:15:54.298] [svulkan2] [error] OIDN Error: invalid handle
[2026-10-09 13:15:54.298] [svulkan2] [error] OIDN Error: invalid handle
[2026-10-09 13:15:54.298] [svulkan2] [error] OIDN Error: invalid handle
[2026-10-09 13:15:54.298] [svulkan2] [error] OIDN Error: invalid handle
[2026-10-09 13:15:54.350] [svulkan2] [error] OIDN Error: invalid handle
[2026-10-09 13:15:54.350] [svulkan2] [error] OIDN Error: invalid handle
[2026-10-09 13:15:54.350] [svulkan2] [error] OIDN Error: invalid handle
[2026-10-09 13:15:54.350] [svulkan2] [error] OIDN Error: invalid handle
[2026-10-09 13:15:54.402] [svulkan2] [error] OIDN Error: invalid handle
[2026-10-09 13:15:54.402] [svulkan2] [error] OIDN Error: invalid handle
[2026-10-09 13:15:54.402] [svulkan2] [error] OIDN Error: invalid handle
[2026-10-09 13:15:54.402] [svulkan2] [error] OIDN Error: invalid handle
[2026-10-09 13:15:54.457] [svulkan2] [error] OIDN Error: invalid handle
[2026-10-09 13:15:54.457] [svulkan2] [error] OIDN Error: invalid handle
[2026-10-09 13:15:54.457] [svulkan2] [error] OIDN Error: invalid handle
[2026-10-09 13:15:54.457] [svulkan2] [error] OIDN Error: invalid handle
[2026-10-09 13:15:54.511] [svulkan2] [error] OIDN Error: invalid handle
[2026-10-09 13:15:54.511] [svulkan2] [error] OIDN Error: invalid handle
[2026-10-09 13:15:54.511] [svulkan2] [error] OIDN Error: invalid handle
[2026-10-09 13:15:54.511] [svulkan2] [error] OIDN Error: invalid handle
[2026-10-09 13:15:54.565] [svulkan2] [error] OIDN Error: invalid handle
[2026-10-09 13:15:54.565] [svulkan2] [error] OIDN Error: invalid handle
[2026-10-09 13:15:54.565] [svulkan2] [error] OIDN Error: invalid handle
[2026-10-09 13:15:54.565] [svulkan2] [error] OIDN Error: invalid handle
[2026-10-09 13:15:54.619] [svulkan2] [error] OIDN Error: invalid handle
[2026-10-09 13:15:54.619] [svulkan2] [error] OIDN Error: invalid handle
[2026-10-09 13:15:54.619] [svulkan2] [error] OIDN Error: invalid handle
[2026-10-09 13:15:54.619] [svulkan2] [error] OIDN Error: invalid handle
[2026-10-09 13:15:54.673] [svulkan2] [error] OIDN Error: invalid handle
[2026-10-09 13:15:54.673] [svulkan2] [error] OIDN Error: invalid handle
[2026-10-09 13:15:54.673] [svulkan2] [error] OIDN Error: invalid handle
[2026-10-09 13:15:54.673] [svulkan2] [error] OIDN Error: invalid handle
[2026-10-09 13:15:54.727] [svulkan2] [error] OIDN Error: invalid handle
[2026-10-09 13:15:54.727] [svulkan2] [error] OIDN Error: invalid handle
[2026-10-09 13:15:54.727] [svulkan2] [error] OIDN Error: invalid handle
[2026-10-09 13:15:54.727] [svulkan2] [error] OIDN Error: invalid handle
[2026-10-09 13:15:54.782] [svulkan2] [error] OIDN Error: invalid handle
[2026-10-09 13:15:54.782] [svulkan2] [error] OIDN Error: invalid handle
[2026-10-09 13:15:54.782] [svulkan2] [error] OIDN Error: invalid handle
[2026-10-09 13:15:54.782] [svulkan2] [error] OIDN Error: invalid handle
[2026-10-09 13:15:54.837] [svulkan2] [error] OIDN Error: invalid handle
[2026-10-09 13:15:54.837] [svulkan2] [error] OIDN Error: invalid handle
[2026-10-09 13:15:54.837] [svulkan2] [error] OIDN Error: invalid handle
[2026-10-09 13:15:54.837] [svulkan2] [error] OIDN Error: invalid handle
[2026-10-09 13:15:54.892] [svulkan2] [error] OIDN Error: invalid handle
[2026-10-09 13:15:54.892] [svulkan2] [error] OIDN Error: invalid handle
[2026-10-09 13:15:54.892] [svulkan2] [error] OIDN Error: invalid handle
[2026-10-09 13:15:54.892] [svulkan2] [error] OIDN Error: invalid handle
[2026-10-09 13:15:54.947] [svulkan2] [error] OIDN Error: invalid handle
[2026-10-09 13:15:54.947] [svulkan2] [error] OIDN Error: invalid handle
[2026-10-09 13:15:54.947] [svulkan2] [error] OIDN Error: invalid handle
[2026-10-09 13:15:54.947] [svulkan2] [error] OIDN Error: invalid handle
[2026-10-09 13:15:55.002] [svulkan2] [error] OIDN Error: invalid handle
[2026-10-09 13:15:55.004] [svulkan2] [error] OIDN Error: invalid handle
[2026-10-09 13:15:55.004] [svulkan2] [error] OIDN Error: invalid handle
[2026-10-09 13:15:55.004] [svulkan2] [error] OIDN Error: invalid handle
[2026-10-09 13:15:55.057] [svulkan2] [error] OIDN Error: invalid handle
[2026-10-09 13:15:55.058] [svulkan2] [error] OIDN Error: invalid handle
[2026-10-09 13:15:55.058] [svulkan2] [error] OIDN Error: invalid handle
[2026-10-09 13:15:55.058] [svulkan2] [error] OIDN Error: invalid handle
[2026-10-09 13:15:55.113] [svulkan2] [error] OIDN Error: invalid handle
[2026-10-09 13:15:55.113] [svulkan2] [error] OIDN Error: invalid handle
[2026-10-09 13:15:55.113] [svulkan2] [error] OIDN Error: invalid handle
[2026-10-09 13:15:55.113] [svulkan2] [error] OIDN Error: invalid handle
[2026-10-09 13:15:55.169] [svulkan2] [error] OIDN Error: invalid handle
[2026-10-09 13:15:55.169] [svulkan2] [error] OIDN Error: invalid handle
[2026-10-09 13:15:55.169] [svulkan2] [error] OIDN Error: invalid handle
[2026-10-09 13:15:55.169] [svulkan2] [error] OIDN Error: invalid handle
[2026-10-09 13:15:55.224] [svulkan2] [error] OIDN Error: invalid handle
[2026-10-09 13:15:55.224] [svulkan2] [error] OIDN Error: invalid handle
[2026-10-09 13:15:55.224] [svulkan2] [error] OIDN Error: invalid handle
[2026-10-09 13:15:55.224] [svulkan2] [error] OIDN Error: invalid handle
[2026-10-09 13:15:55.279] [svulkan2] [error] OIDN Error: invalid handle
[2026-10-09 13:15:55.279] [svulkan2] [error] OIDN Error: invalid handle
[2026-10-09 13:15:55.279] [svulkan2] [error] OIDN Error: invalid handle
[2026-10-09 13:15:55.279] [svulkan2] [error] OIDN Error: invalid handle
[2026-10-09 13:15:55.335] [svulkan2] [error] OIDN Error: invalid handle
[2026-10-09 13:15:55.335] [svulkan2] [error] OIDN Error: invalid handle
[2026-10-09 13:15:55.335] [svulkan2] [error] OIDN Error: invalid handle
[2026-10-09 13:15:55.335] [svulkan2] [error] OIDN Error: invalid handle
[2026-10-09 13:15:55.390] [svulkan2] [error] OIDN Error: invalid handle
[2026-10-09 13:15:55.390] [svulkan2] [error] OIDN Error: invalid handle
[2026-10-09 13:15:55.390] [svulkan2] [error] OIDN Error: invalid handle
[2026-10-09 13:15:55.390] [svulkan2] [error] OIDN Error: invalid handle
[2026-10-09 13:15:55.448] [svulkan2] [error] OIDN Error: invalid handle
[2026-10-09 13:15:55.448] [svulkan2] [error] OIDN Error: invalid handle
[2026-10-09 13:15:55.448] [svulkan2] [error] OIDN Error: invalid handle
[2026-10-09 13:15:55.448] [svulkan2] [error] OIDN Error: invalid handle
[2026-10-09 13:15:55.508] [svulkan2] [error] OIDN Error: invalid handle
[2026-10-09 13:15:55.508] [svulkan2] [error] OIDN Error: invalid handle
[2026-10-09 13:15:55.508] [svulkan2] [error] OIDN Error: invalid handle
[2026-10-09 13:15:55.508] [svulkan2] [error] OIDN Error: invalid handle
[2026-10-09 13:15:55.568] [svulkan2] [error] OIDN Error: invalid handle
[2026-10-09 13:15:55.568] [svulkan2] [error] OIDN Error: invalid handle
[2026-10-09 13:15:55.568] [svulkan2] [error] OIDN Error: invalid handle
[2026-10-09 13:15:55.568] [svulkan2] [error] OIDN Error: invalid handle
[2026-10-09 13:15:55.628] [svulkan2] [error] OIDN Error: invalid handle
[2026-10-09 13:15:55.628] [svulkan2] [error] OIDN Error: invalid handle
[2026-10-09 13:15:55.628] [svulkan2] [error] OIDN Error: invalid handle
[2026-10-09 13:15:55.628] [svulkan2] [error] OIDN Error: invalid handle
[2026-10-09 13:15:55.686] [svulkan2] [error] OIDN Error: invalid handle
[2026-10-09 13:15:55.686] [svulkan2] [error] OIDN Error: invalid handle
[2026-10-09 13:15:55.686] [svulkan2] [error] OIDN Error: invalid handle
[2026-10-09 13:15:55.686] [svulkan2] [error] OIDN Error: invalid handle
[2026-10-09 13:15:55.743] [svulkan2] [error] OIDN Error: invalid handle
[2026-10-09 13:15:55.743] [svulkan2] [error] OIDN Error: invalid handle
[2026-10-09 13:15:55.743] [svulkan2] [error] OIDN Error: invalid handle
[2026-10-09 13:15:55.744] [svulkan2] [error] OIDN Error: invalid handle
[2026-10-09 13:15:55.799] [svulkan2] [error] OIDN Error: invalid handle
[2026-10-09 13:15:55.799] [svulkan2] [error] OIDN Error: invalid handle
[2026-10-09 13:15:55.799] [svulkan2] [error] OIDN Error: invalid handle
[2026-10-09 13:15:55.799] [svulkan2] [error] OIDN Error: invalid handle
[2026-10-09 13:15:55.855] [svulkan2] [error] OIDN Error: invalid handle
[2026-10-09 13:15:55.855] [svulkan2] [error] OIDN Error: invalid handle
[2026-10-09 13:15:55.855] [svulkan2] [error] OIDN Error: invalid handle
[2026-10-09 13:15:55.855] [svulkan2] [error] OIDN Error: invalid handle
[2026-10-09 13:15:55.908] [svulkan2] [error] OIDN Error: invalid handle
[2026-10-09 13:15:55.908] [svulkan2] [error] OIDN Error: invalid handle
[2026-10-09 13:15:55.908] [svulkan2] [error] OIDN Error: invalid handle
[2026-10-09 13:15:55.908] [svulkan2] [error] OIDN Error: invalid handle
step: [92m10 / 400[0m{"attempt": 2, "decision": 9, "id": 18, "motions": 10, "left": "pos [0.015, -0.098, 0.94] quat [0.5, -0.5, 0.5, 0.5] grip 0.00", "right": "hold grip 1.00", "planner": {"left": "Success", "right": "hold"}, "success": false, "calls_total": 18, "latency_s": 14.9}
[2026-10-09 13:16:10.285] [svulkan2] [error] OIDN Error: invalid handle
[2026-10-09 13:16:10.285] [svulkan2] [error] OIDN Error: invalid handle
[2026-10-09 13:16:10.285] [svulkan2] [error] OIDN Error: invalid handle
[2026-10-09 13:16:10.285] [svulkan2] [error] OIDN Error: invalid handle
[2026-10-09 13:16:10.345] [svulkan2] [error] OIDN Error: invalid handle
[2026-10-09 13:16:10.345] [svulkan2] [error] OIDN Error: invalid handle
[2026-10-09 13:16:10.345] [svulkan2] [error] OIDN Error: invalid handle
[2026-10-09 13:16:10.345] [svulkan2] [error] OIDN Error: invalid handle
[2026-10-09 13:16:10.409] [svulkan2] [error] OIDN Error: invalid handle
[2026-10-09 13:16:10.409] [svulkan2] [error] OIDN Error: invalid handle
[2026-10-09 13:16:10.409] [svulkan2] [error] OIDN Error: invalid handle
[2026-10-09 13:16:10.409] [svulkan2] [error] OIDN Error: invalid handle
[2026-10-09 13:16:10.465] [svulkan2] [error] OIDN Error: invalid handle
[2026-10-09 13:16:10.465] [svulkan2] [error] OIDN Error: invalid handle
[2026-10-09 13:16:10.465] [svulkan2] [error] OIDN Error: invalid handle
[2026-10-09 13:16:10.465] [svulkan2] [error] OIDN Error: invalid handle
[2026-10-09 13:16:10.526] [svulkan2] [error] OIDN Error: invalid handle
[2026-10-09 13:16:10.526] [svulkan2] [error] OIDN Error: invalid handle
[2026-10-09 13:16:10.526] [svulkan2] [error] OIDN Error: invalid handle
[2026-10-09 13:16:10.526] [svulkan2] [error] OIDN Error: invalid handle
step: [92m11 / 400[0m{"attempt": 2, "decision": 10, "id": 19, "motions": 11, "left": "hold grip 1.00", "right": "hold grip 1.00", "planner": {"left": "hold", "right": "hold"}, "success": true, "calls_total": 19, "latency_s": 13.83}
[2026-10-09 13:16:14.312] [svulkan2] [error] OIDN Error: unsupported device type: CUDA
[2026-10-09 13:16:14.323] [svulkan2] [error] OIDN Error: invalid handle
[2026-10-09 13:16:14.336] [svulkan2] [error] OIDN Error: invalid handle
[2026-10-09 13:16:14.357] [svulkan2] [error] OIDN Error: invalid handle
[2026-10-09 13:16:26.198] [svulkan2] [error] OIDN Error: invalid handle
[2026-10-09 13:16:26.198] [svulkan2] [error] OIDN Error: invalid handle
[2026-10-09 13:16:26.198] [svulkan2] [error] OIDN Error: invalid handle
[2026-10-09 13:16:26.198] [svulkan2] [error] OIDN Error: invalid handle
[2026-10-09 13:16:26.242] [svulkan2] [error] OIDN Error: invalid handle
[2026-10-09 13:16:26.242] [svulkan2] [error] OIDN Error: invalid handle
[2026-10-09 13:16:26.242] [svulkan2] [error] OIDN Error: invalid handle
[2026-10-09 13:16:26.242] [svulkan2] [error] OIDN Error: invalid handle
[2026-10-09 13:16:26.284] [svulkan2] [error] OIDN Error: invalid handle
[2026-10-09 13:16:26.284] [svulkan2] [error] OIDN Error: invalid handle
[2026-10-09 13:16:26.284] [svulkan2] [error] OIDN Error: invalid handle
[2026-10-09 13:16:26.284] [svulkan2] [error] OIDN Error: invalid handle
[2026-10-09 13:16:26.328] [svulkan2] [error] OIDN Error: invalid handle
[2026-10-09 13:16:26.328] [svulkan2] [error] OIDN Error: invalid handle
[2026-10-09 13:16:26.328] [svulkan2] [error] OIDN Error: invalid handle
[2026-10-09 13:16:26.328] [svulkan2] [error] OIDN Error: invalid handle
[2026-10-09 13:16:26.371] [svulkan2] [error] OIDN Error: invalid handle
[2026-10-09 13:16:26.371] [svulkan2] [error] OIDN Error: invalid handle
[2026-10-09 13:16:26.371] [svulkan2] [error] OIDN Error: invalid handle
[2026-10-09 13:16:26.371] [svulkan2] [error] OIDN Error: invalid handle
[2026-10-09 13:16:26.416] [svulkan2] [error] OIDN Error: invalid handle
[2026-10-09 13:16:26.416] [svulkan2] [error] OIDN Error: invalid handle
[2026-10-09 13:16:26.416] [svulkan2] [error] OIDN Error: invalid handle
[2026-10-09 13:16:26.416] [svulkan2] [error] OIDN Error: invalid handle
[2026-10-09 13:16:26.459] [svulkan2] [error] OIDN Error: invalid handle
[2026-10-09 13:16:26.459] [svulkan2] [error] OIDN Error: invalid handle
[2026-10-09 13:16:26.459] [svulkan2] [error] OIDN Error: invalid handle
[2026-10-09 13:16:26.459] [svulkan2] [error] OIDN Error: invalid handle
[2026-10-09 13:16:26.503] [svulkan2] [error] OIDN Error: invalid handle
[2026-10-09 13:16:26.503] [svulkan2] [error] OIDN Error: invalid handle
[2026-10-09 13:16:26.503] [svulkan2] [error] OIDN Error: invalid handle
[2026-10-09 13:16:26.503] [svulkan2] [error] OIDN Error: invalid handle
[2026-10-09 13:16:26.546] [svulkan2] [error] OIDN Error: invalid handle
[2026-10-09 13:16:26.546] [svulkan2] [error] OIDN Error: invalid handle
[2026-10-09 13:16:26.546] [svulkan2] [error] OIDN Error: invalid handle
[2026-10-09 13:16:26.547] [svulkan2] [error] OIDN Error: invalid handle
[2026-10-09 13:16:26.590] [svulkan2] [error] OIDN Error: invalid handle
[2026-10-09 13:16:26.590] [svulkan2] [error] OIDN Error: invalid handle
[2026-10-09 13:16:26.590] [svulkan2] [error] OIDN Error: invalid handle
[2026-10-09 13:16:26.590] [svulkan2] [error] OIDN Error: invalid handle
[2026-10-09 13:16:26.634] [svulkan2] [error] OIDN Error: invalid handle
[2026-10-09 13:16:26.634] [svulkan2] [error] OIDN Error: invalid handle
[2026-10-09 13:16:26.634] [svulkan2] [error] OIDN Error: invalid handle
[2026-10-09 13:16:26.634] [svulkan2] [error] OIDN Error: invalid handle
[2026-10-09 13:16:26.677] [svulkan2] [error] OIDN Error: invalid handle
[2026-10-09 13:16:26.677] [svulkan2] [error] OIDN Error: invalid handle
[2026-10-09 13:16:26.677] [svulkan2] [error] OIDN Error: invalid handle
[2026-10-09 13:16:26.677] [svulkan2] [error] OIDN Error: invalid handle
[2026-10-09 13:16:26.720] [svulkan2] [error] OIDN Error: invalid handle
[2026-10-09 13:16:26.720] [svulkan2] [error] OIDN Error: invalid handle
[2026-10-09 13:16:26.720] [svulkan2] [error] OIDN Error: invalid handle
[2026-10-09 13:16:26.720] [svulkan2] [error] OIDN Error: invalid handle
[2026-10-09 13:16:26.764] [svulkan2] [error] OIDN Error: invalid handle
[2026-10-09 13:16:26.764] [svulkan2] [error] OIDN Error: invalid handle
[2026-10-09 13:16:26.764] [svulkan2] [error] OIDN Error: invalid handle
[2026-10-09 13:16:26.764] [svulkan2] [error] OIDN Error: invalid handle
[2026-10-09 13:16:26.807] [svulkan2] [error] OIDN Error: invalid handle
[2026-10-09 13:16:26.807] [svulkan2] [error] OIDN Error: invalid handle
[2026-10-09 13:16:26.807] [svulkan2] [error] OIDN Error: invalid handle
[2026-10-09 13:16:26.807] [svulkan2] [error] OIDN Error: invalid handle
[2026-10-09 13:16:26.850] [svulkan2] [error] OIDN Error: invalid handle
[2026-10-09 13:16:26.851] [svulkan2] [error] OIDN Error: invalid handle
[2026-10-09 13:16:26.851] [svulkan2] [error] OIDN Error: invalid handle
[2026-10-09 13:16:26.851] [svulkan2] [error] OIDN Error: invalid handle
[2026-10-09 13:16:26.898] [svulkan2] [error] OIDN Error: invalid handle
[2026-10-09 13:16:26.898] [svulkan2] [error] OIDN Error: invalid handle
[2026-10-09 13:16:26.898] [svulkan2] [error] OIDN Error: invalid handle
[2026-10-09 13:16:26.898] [svulkan2] [error] OIDN Error: invalid handle
[2026-10-09 13:16:26.940] [svulkan2] [error] OIDN Error: invalid handle
[2026-10-09 13:16:26.941] [svulkan2] [error] OIDN Error: invalid handle
[2026-10-09 13:16:26.941] [svulkan2] [error] OIDN Error: invalid handle
[2026-10-09 13:16:26.941] [svulkan2] [error] OIDN Error: invalid handle
[2026-10-09 13:16:26.983] [svulkan2] [error] OIDN Error: invalid handle
[2026-10-09 13:16:26.984] [svulkan2] [error] OIDN Error: invalid handle
[2026-10-09 13:16:26.984] [svulkan2] [error] OIDN Error: invalid handle
[2026-10-09 13:16:26.984] [svulkan2] [error] OIDN Error: invalid handle
[2026-10-09 13:16:27.027] [svulkan2] [error] OIDN Error: invalid handle
[2026-10-09 13:16:27.029] [svulkan2] [error] OIDN Error: invalid handle
[2026-10-09 13:16:27.029] [svulkan2] [error] OIDN Error: invalid handle
[2026-10-09 13:16:27.029] [svulkan2] [error] OIDN Error: invalid handle
[2026-10-09 13:16:27.071] [svulkan2] [error] OIDN Error: invalid handle
[2026-10-09 13:16:27.071] [svulkan2] [error] OIDN Error: invalid handle
[2026-10-09 13:16:27.071] [svulkan2] [error] OIDN Error: invalid handle
[2026-10-09 13:16:27.071] [svulkan2] [error] OIDN Error: invalid handle
[2026-10-09 13:16:27.114] [svulkan2] [error] OIDN Error: invalid handle
[2026-10-09 13:16:27.114] [svulkan2] [error] OIDN Error: invalid handle
[2026-10-09 13:16:27.114] [svulkan2] [error] OIDN Error: invalid handle
[2026-10-09 13:16:27.114] [svulkan2] [error] OIDN Error: invalid handle
[2026-10-09 13:16:27.158] [svulkan2] [error] OIDN Error: invalid handle
[2026-10-09 13:16:27.158] [svulkan2] [error] OIDN Error: invalid handle
[2026-10-09 13:16:27.158] [svulkan2] [error] OIDN Error: invalid handle
[2026-10-09 13:16:27.158] [svulkan2] [error] OIDN Error: invalid handle
[2026-10-09 13:16:27.202] [svulkan2] [error] OIDN Error: invalid handle
[2026-10-09 13:16:27.202] [svulkan2] [error] OIDN Error: invalid handle
[2026-10-09 13:16:27.202] [svulkan2] [error] OIDN Error: invalid handle
[2026-10-09 13:16:27.202] [svulkan2] [error] OIDN Error: invalid handle
[2026-10-09 13:16:27.246] [svulkan2] [error] OIDN Error: invalid handle
[2026-10-09 13:16:27.246] [svulkan2] [error] OIDN Error: invalid handle
[2026-10-09 13:16:27.246] [svulkan2] [error] OIDN Error: invalid handle
[2026-10-09 13:16:27.246] [svulkan2] [error] OIDN Error: invalid handle
[2026-10-09 13:16:27.289] [svulkan2] [error] OIDN Error: invalid handle
[2026-10-09 13:16:27.290] [svulkan2] [error] OIDN Error: invalid handle
[2026-10-09 13:16:27.290] [svulkan2] [error] OIDN Error: invalid handle
[2026-10-09 13:16:27.290] [svulkan2] [error] OIDN Error: invalid handle
[2026-10-09 13:16:27.334] [svulkan2] [error] OIDN Error: invalid handle
[2026-10-09 13:16:27.334] [svulkan2] [error] OIDN Error: invalid handle
[2026-10-09 13:16:27.334] [svulkan2] [error] OIDN Error: invalid handle
[2026-10-09 13:16:27.334] [svulkan2] [error] OIDN Error: invalid handle
[2026-10-09 13:16:27.378] [svulkan2] [error] OIDN Error: invalid handle
[2026-10-09 13:16:27.378] [svulkan2] [error] OIDN Error: invalid handle
[2026-10-09 13:16:27.378] [svulkan2] [error] OIDN Error: invalid handle
[2026-10-09 13:16:27.378] [svulkan2] [error] OIDN Error: invalid handle
[2026-10-09 13:16:27.422] [svulkan2] [error] OIDN Error: invalid handle
[2026-10-09 13:16:27.422] [svulkan2] [error] OIDN Error: invalid handle
[2026-10-09 13:16:27.422] [svulkan2] [error] OIDN Error: invalid handle
[2026-10-09 13:16:27.422] [svulkan2] [error] OIDN Error: invalid handle
[2026-10-09 13:16:27.466] [svulkan2] [error] OIDN Error: invalid handle
[2026-10-09 13:16:27.466] [svulkan2] [error] OIDN Error: invalid handle
[2026-10-09 13:16:27.466] [svulkan2] [error] OIDN Error: invalid handle
[2026-10-09 13:16:27.466] [svulkan2] [error] OIDN Error: invalid handle
[2026-10-09 13:16:27.509] [svulkan2] [error] OIDN Error: invalid handle
[2026-10-09 13:16:27.509] [svulkan2] [error] OIDN Error: invalid handle
[2026-10-09 13:16:27.509] [svulkan2] [error] OIDN Error: invalid handle
[2026-10-09 13:16:27.509] [svulkan2] [error] OIDN Error: invalid handle
[2026-10-09 13:16:27.554] [svulkan2] [error] OIDN Error: invalid handle
[2026-10-09 13:16:27.554] [svulkan2] [error] OIDN Error: invalid handle
[2026-10-09 13:16:27.554] [svulkan2] [error] OIDN Error: invalid handle
[2026-10-09 13:16:27.554] [svulkan2] [error] OIDN Error: invalid handle
[2026-10-09 13:16:27.597] [svulkan2] [error] OIDN Error: invalid handle
[2026-10-09 13:16:27.597] [svulkan2] [error] OIDN Error: invalid handle
[2026-10-09 13:16:27.597] [svulkan2] [error] OIDN Error: invalid handle
[2026-10-09 13:16:27.598] [svulkan2] [error] OIDN Error: invalid handle
[2026-10-09 13:16:27.642] [svulkan2] [error] OIDN Error: invalid handle
[2026-10-09 13:16:27.642] [svulkan2] [error] OIDN Error: invalid handle
[2026-10-09 13:16:27.642] [svulkan2] [error] OIDN Error: invalid handle
[2026-10-09 13:16:27.642] [svulkan2] [error] OIDN Error: invalid handle
[2026-10-09 13:16:27.686] [svulkan2] [error] OIDN Error: invalid handle
[2026-10-09 13:16:27.686] [svulkan2] [error] OIDN Error: invalid handle
[2026-10-09 13:16:27.686] [svulkan2] [error] OIDN Error: invalid handle
[2026-10-09 13:16:27.686] [svulkan2] [error] OIDN Error: invalid handle
[2026-10-09 13:16:27.731] [svulkan2] [error] OIDN Error: invalid handle
[2026-10-09 13:16:27.731] [svulkan2] [error] OIDN Error: invalid handle
[2026-10-09 13:16:27.731] [svulkan2] [error] OIDN Error: invalid handle
[2026-10-09 13:16:27.731] [svulkan2] [error] OIDN Error: invalid handle
[2026-10-09 13:16:27.776] [svulkan2] [error] OIDN Error: invalid handle
[2026-10-09 13:16:27.776] [svulkan2] [error] OIDN Error: invalid handle
[2026-10-09 13:16:27.776] [svulkan2] [error] OIDN Error: invalid handle
[2026-10-09 13:16:27.776] [svulkan2] [error] OIDN Error: invalid handle
[2026-10-09 13:16:27.820] [svulkan2] [error] OIDN Error: invalid handle
[2026-10-09 13:16:27.820] [svulkan2] [error] OIDN Error: invalid handle
[2026-10-09 13:16:27.820] [svulkan2] [error] OIDN Error: invalid handle
[2026-10-09 13:16:27.820] [svulkan2] [error] OIDN Error: invalid handle
[2026-10-09 13:16:27.864] [svulkan2] [error] OIDN Error: invalid handle
[2026-10-09 13:16:27.865] [svulkan2] [error] OIDN Error: invalid handle
[2026-10-09 13:16:27.865] [svulkan2] [error] OIDN Error: invalid handle
[2026-10-09 13:16:27.865] [svulkan2] [error] OIDN Error: invalid handle
[2026-10-09 13:16:27.909] [svulkan2] [error] OIDN Error: invalid handle
[2026-10-09 13:16:27.909] [svulkan2] [error] OIDN Error: invalid handle
[2026-10-09 13:16:27.909] [svulkan2] [error] OIDN Error: invalid handle
[2026-10-09 13:16:27.909] [svulkan2] [error] OIDN Error: invalid handle
[2026-10-09 13:16:27.953] [svulkan2] [error] OIDN Error: invalid handle
[2026-10-09 13:16:27.953] [svulkan2] [error] OIDN Error: invalid handle
[2026-10-09 13:16:27.953] [svulkan2] [error] OIDN Error: invalid handle
[2026-10-09 13:16:27.953] [svulkan2] [error] OIDN Error: invalid handle
[2026-10-09 13:16:27.998] [svulkan2] [error] OIDN Error: invalid handle
[2026-10-09 13:16:27.998] [svulkan2] [error] OIDN Error: invalid handle
[2026-10-09 13:16:27.998] [svulkan2] [error] OIDN Error: invalid handle
[2026-10-09 13:16:27.998] [svulkan2] [error] OIDN Error: invalid handle
[2026-10-09 13:16:28.042] [svulkan2] [error] OIDN Error: invalid handle
[2026-10-09 13:16:28.042] [svulkan2] [error] OIDN Error: invalid handle
[2026-10-09 13:16:28.043] [svulkan2] [error] OIDN Error: invalid handle
[2026-10-09 13:16:28.043] [svulkan2] [error] OIDN Error: invalid handle
[2026-10-09 13:16:28.087] [svulkan2] [error] OIDN Error: invalid handle
[2026-10-09 13:16:28.087] [svulkan2] [error] OIDN Error: invalid handle
[2026-10-09 13:16:28.087] [svulkan2] [error] OIDN Error: invalid handle
[2026-10-09 13:16:28.087] [svulkan2] [error] OIDN Error: invalid handle
[2026-10-09 13:16:28.132] [svulkan2] [error] OIDN Error: invalid handle
[2026-10-09 13:16:28.132] [svulkan2] [error] OIDN Error: invalid handle
[2026-10-09 13:16:28.132] [svulkan2] [error] OIDN Error: invalid handle
[2026-10-09 13:16:28.132] [svulkan2] [error] OIDN Error: invalid handle
[2026-10-09 13:16:28.178] [svulkan2] [error] OIDN Error: invalid handle
[2026-10-09 13:16:28.178] [svulkan2] [error] OIDN Error: invalid handle
[2026-10-09 13:16:28.178] [svulkan2] [error] OIDN Error: invalid handle
[2026-10-09 13:16:28.178] [svulkan2] [error] OIDN Error: invalid handle
[2026-10-09 13:16:28.224] [svulkan2] [error] OIDN Error: invalid handle
[2026-10-09 13:16:28.224] [svulkan2] [error] OIDN Error: invalid handle
[2026-10-09 13:16:28.224] [svulkan2] [error] OIDN Error: invalid handle
[2026-10-09 13:16:28.224] [svulkan2] [error] OIDN Error: invalid handle
[2026-10-09 13:16:28.268] [svulkan2] [error] OIDN Error: invalid handle
[2026-10-09 13:16:28.268] [svulkan2] [error] OIDN Error: invalid handle
[2026-10-09 13:16:28.268] [svulkan2] [error] OIDN Error: invalid handle
[2026-10-09 13:16:28.268] [svulkan2] [error] OIDN Error: invalid handle
[2026-10-09 13:16:28.314] [svulkan2] [error] OIDN Error: invalid handle
[2026-10-09 13:16:28.314] [svulkan2] [error] OIDN Error: invalid handle
[2026-10-09 13:16:28.323] [svulkan2] [error] OIDN Error: invalid handle
[2026-10-09 13:16:28.323] [svulkan2] [error] OIDN Error: invalid handle
[2026-10-09 13:16:28.359] [svulkan2] [error] OIDN Error: invalid handle
[2026-10-09 13:16:28.359] [svulkan2] [error] OIDN Error: invalid handle
[2026-10-09 13:16:28.359] [svulkan2] [error] OIDN Error: invalid handle
[2026-10-09 13:16:28.359] [svulkan2] [error] OIDN Error: invalid handle
[2026-10-09 13:16:28.405] [svulkan2] [error] OIDN Error: invalid handle
[2026-10-09 13:16:28.405] [svulkan2] [error] OIDN Error: invalid handle
[2026-10-09 13:16:28.405] [svulkan2] [error] OIDN Error: invalid handle
[2026-10-09 13:16:28.405] [svulkan2] [error] OIDN Error: invalid handle
[2026-10-09 13:16:28.450] [svulkan2] [error] OIDN Error: invalid handle
[2026-10-09 13:16:28.451] [svulkan2] [error] OIDN Error: invalid handle
[2026-10-09 13:16:28.451] [svulkan2] [error] OIDN Error: invalid handle
[2026-10-09 13:16:28.451] [svulkan2] [error] OIDN Error: invalid handle
[2026-10-09 13:16:28.496] [svulkan2] [error] OIDN Error: invalid handle
[2026-10-09 13:16:28.497] [svulkan2] [error] OIDN Error: invalid handle
[2026-10-09 13:16:28.497] [svulkan2] [error] OIDN Error: invalid handle
[2026-10-09 13:16:28.497] [svulkan2] [error] OIDN Error: invalid handle
[2026-10-09 13:16:28.542] [svulkan2] [error] OIDN Error: invalid handle
[2026-10-09 13:16:28.542] [svulkan2] [error] OIDN Error: invalid handle
[2026-10-09 13:16:28.542] [svulkan2] [error] OIDN Error: invalid handle
[2026-10-09 13:16:28.542] [svulkan2] [error] OIDN Error: invalid handle
[2026-10-09 13:16:28.587] [svulkan2] [error] OIDN Error: invalid handle
[2026-10-09 13:16:28.587] [svulkan2] [error] OIDN Error: invalid handle
[2026-10-09 13:16:28.587] [svulkan2] [error] OIDN Error: invalid handle
[2026-10-09 13:16:28.587] [svulkan2] [error] OIDN Error: invalid handle
[2026-10-09 13:16:28.633] [svulkan2] [error] OIDN Error: invalid handle
[2026-10-09 13:16:28.633] [svulkan2] [error] OIDN Error: invalid handle
[2026-10-09 13:16:28.633] [svulkan2] [error] OIDN Error: invalid handle
[2026-10-09 13:16:28.634] [svulkan2] [error] OIDN Error: invalid handle
[2026-10-09 13:16:28.678] [svulkan2] [error] OIDN Error: invalid handle
[2026-10-09 13:16:28.678] [svulkan2] [error] OIDN Error: invalid handle
[2026-10-09 13:16:28.678] [svulkan2] [error] OIDN Error: invalid handle
[2026-10-09 13:16:28.678] [svulkan2] [error] OIDN Error: invalid handle
[2026-10-09 13:16:28.723] [svulkan2] [error] OIDN Error: invalid handle
[2026-10-09 13:16:28.723] [svulkan2] [error] OIDN Error: invalid handle
[2026-10-09 13:16:28.723] [svulkan2] [error] OIDN Error: invalid handle
[2026-10-09 13:16:28.723] [svulkan2] [error] OIDN Error: invalid handle
[2026-10-09 13:16:28.769] [svulkan2] [error] OIDN Error: invalid handle
[2026-10-09 13:16:28.769] [svulkan2] [error] OIDN Error: invalid handle
[2026-10-09 13:16:28.769] [svulkan2] [error] OIDN Error: invalid handle
[2026-10-09 13:16:28.769] [svulkan2] [error] OIDN Error: invalid handle
[2026-10-09 13:16:28.815] [svulkan2] [error] OIDN Error: invalid handle
[2026-10-09 13:16:28.816] [svulkan2] [error] OIDN Error: invalid handle
[2026-10-09 13:16:28.816] [svulkan2] [error] OIDN Error: invalid handle
[2026-10-09 13:16:28.816] [svulkan2] [error] OIDN Error: invalid handle
[2026-10-09 13:16:28.861] [svulkan2] [error] OIDN Error: invalid handle
[2026-10-09 13:16:28.861] [svulkan2] [error] OIDN Error: invalid handle
[2026-10-09 13:16:28.861] [svulkan2] [error] OIDN Error: invalid handle
[2026-10-09 13:16:28.861] [svulkan2] [error] OIDN Error: invalid handle
[2026-10-09 13:16:28.907] [svulkan2] [error] OIDN Error: invalid handle
[2026-10-09 13:16:28.907] [svulkan2] [error] OIDN Error: invalid handle
[2026-10-09 13:16:28.907] [svulkan2] [error] OIDN Error: invalid handle
[2026-10-09 13:16:28.907] [svulkan2] [error] OIDN Error: invalid handle
[2026-10-09 13:16:28.954] [svulkan2] [error] OIDN Error: invalid handle
[2026-10-09 13:16:28.954] [svulkan2] [error] OIDN Error: invalid handle
[2026-10-09 13:16:28.954] [svulkan2] [error] OIDN Error: invalid handle
[2026-10-09 13:16:28.954] [svulkan2] [error] OIDN Error: invalid handle
[2026-10-09 13:16:29.000] [svulkan2] [error] OIDN Error: invalid handle
[2026-10-09 13:16:29.000] [svulkan2] [error] OIDN Error: invalid handle
[2026-10-09 13:16:29.000] [svulkan2] [error] OIDN Error: invalid handle
[2026-10-09 13:16:29.000] [svulkan2] [error] OIDN Error: invalid handle
[2026-10-09 13:16:29.045] [svulkan2] [error] OIDN Error: invalid handle
[2026-10-09 13:16:29.045] [svulkan2] [error] OIDN Error: invalid handle
[2026-10-09 13:16:29.045] [svulkan2] [error] OIDN Error: invalid handle
[2026-10-09 13:16:29.045] [svulkan2] [error] OIDN Error: invalid handle
[2026-10-09 13:16:29.092] [svulkan2] [error] OIDN Error: invalid handle
[2026-10-09 13:16:29.092] [svulkan2] [error] OIDN Error: invalid handle
[2026-10-09 13:16:29.092] [svulkan2] [error] OIDN Error: invalid handle
[2026-10-09 13:16:29.092] [svulkan2] [error] OIDN Error: invalid handle
[2026-10-09 13:16:29.138] [svulkan2] [error] OIDN Error: invalid handle
[2026-10-09 13:16:29.138] [svulkan2] [error] OIDN Error: invalid handle
[2026-10-09 13:16:29.138] [svulkan2] [error] OIDN Error: invalid handle
[2026-10-09 13:16:29.138] [svulkan2] [error] OIDN Error: invalid handle
[2026-10-09 13:16:29.184] [svulkan2] [error] OIDN Error: invalid handle
[2026-10-09 13:16:29.184] [svulkan2] [error] OIDN Error: invalid handle
[2026-10-09 13:16:29.184] [svulkan2] [error] OIDN Error: invalid handle
[2026-10-09 13:16:29.184] [svulkan2] [error] OIDN Error: invalid handle
[2026-10-09 13:16:29.228] [svulkan2] [error] OIDN Error: invalid handle
[2026-10-09 13:16:29.229] [svulkan2] [error] OIDN Error: invalid handle
[2026-10-09 13:16:29.229] [svulkan2] [error] OIDN Error: invalid handle
[2026-10-09 13:16:29.229] [svulkan2] [error] OIDN Error: invalid handle
step: [92m1 / 400[0m{"attempt": 3, "decision": 0, "id": 20, "motions": 1, "left": "pos [-0.26, 0.01, 1.025] quat [0.5, -0.5, 0.5, 0.5] grip 1.00", "right": "hold grip 1.00", "planner": {"left": "Success", "right": "hold"}, "success": false, "calls_total": 20, "latency_s": 11.49}
[2026-10-09 13:16:42.996] [svulkan2] [error] OIDN Error: invalid handle
[2026-10-09 13:16:42.996] [svulkan2] [error] OIDN Error: invalid handle
[2026-10-09 13:16:42.997] [svulkan2] [error] OIDN Error: invalid handle
[2026-10-09 13:16:42.997] [svulkan2] [error] OIDN Error: invalid handle
[2026-10-09 13:16:43.042] [svulkan2] [error] OIDN Error: invalid handle
[2026-10-09 13:16:43.042] [svulkan2] [error] OIDN Error: invalid handle
[2026-10-09 13:16:43.042] [svulkan2] [error] OIDN Error: invalid handle
[2026-10-09 13:16:43.042] [svulkan2] [error] OIDN Error: invalid handle
[2026-10-09 13:16:43.088] [svulkan2] [error] OIDN Error: invalid handle
[2026-10-09 13:16:43.088] [svulkan2] [error] OIDN Error: invalid handle
[2026-10-09 13:16:43.089] [svulkan2] [error] OIDN Error: invalid handle
[2026-10-09 13:16:43.089] [svulkan2] [error] OIDN Error: invalid handle
[2026-10-09 13:16:43.134] [svulkan2] [error] OIDN Error: invalid handle
[2026-10-09 13:16:43.134] [svulkan2] [error] OIDN Error: invalid handle
[2026-10-09 13:16:43.134] [svulkan2] [error] OIDN Error: invalid handle
[2026-10-09 13:16:43.134] [svulkan2] [error] OIDN Error: invalid handle
[2026-10-09 13:16:43.180] [svulkan2] [error] OIDN Error: invalid handle
[2026-10-09 13:16:43.180] [svulkan2] [error] OIDN Error: invalid handle
[2026-10-09 13:16:43.180] [svulkan2] [error] OIDN Error: invalid handle
[2026-10-09 13:16:43.181] [svulkan2] [error] OIDN Error: invalid handle
[2026-10-09 13:16:43.226] [svulkan2] [error] OIDN Error: invalid handle
[2026-10-09 13:16:43.226] [svulkan2] [error] OIDN Error: invalid handle
[2026-10-09 13:16:43.226] [svulkan2] [error] OIDN Error: invalid handle
[2026-10-09 13:16:43.226] [svulkan2] [error] OIDN Error: invalid handle
[2026-10-09 13:16:43.273] [svulkan2] [error] OIDN Error: invalid handle
[2026-10-09 13:16:43.273] [svulkan2] [error] OIDN Error: invalid handle
[2026-10-09 13:16:43.273] [svulkan2] [error] OIDN Error: invalid handle
[2026-10-09 13:16:43.273] [svulkan2] [error] OIDN Error: invalid handle
[2026-10-09 13:16:43.319] [svulkan2] [error] OIDN Error: invalid handle
[2026-10-09 13:16:43.319] [svulkan2] [error] OIDN Error: invalid handle
[2026-10-09 13:16:43.319] [svulkan2] [error] OIDN Error: invalid handle
[2026-10-09 13:16:43.319] [svulkan2] [error] OIDN Error: invalid handle
[2026-10-09 13:16:43.364] [svulkan2] [error] OIDN Error: invalid handle
[2026-10-09 13:16:43.365] [svulkan2] [error] OIDN Error: invalid handle
[2026-10-09 13:16:43.365] [svulkan2] [error] OIDN Error: invalid handle
[2026-10-09 13:16:43.365] [svulkan2] [error] OIDN Error: invalid handle
[2026-10-09 13:16:43.411] [svulkan2] [error] OIDN Error: invalid handle
[2026-10-09 13:16:43.411] [svulkan2] [error] OIDN Error: invalid handle
[2026-10-09 13:16:43.411] [svulkan2] [error] OIDN Error: invalid handle
[2026-10-09 13:16:43.411] [svulkan2] [error] OIDN Error: invalid handle
[2026-10-09 13:16:43.458] [svulkan2] [error] OIDN Error: invalid handle
[2026-10-09 13:16:43.458] [svulkan2] [error] OIDN Error: invalid handle
[2026-10-09 13:16:43.458] [svulkan2] [error] OIDN Error: invalid handle
[2026-10-09 13:16:43.458] [svulkan2] [error] OIDN Error: invalid handle
[2026-10-09 13:16:43.504] [svulkan2] [error] OIDN Error: invalid handle
[2026-10-09 13:16:43.504] [svulkan2] [error] OIDN Error: invalid handle
[2026-10-09 13:16:43.504] [svulkan2] [error] OIDN Error: invalid handle
[2026-10-09 13:16:43.504] [svulkan2] [error] OIDN Error: invalid handle
[2026-10-09 13:16:43.550] [svulkan2] [error] OIDN Error: invalid handle
[2026-10-09 13:16:43.550] [svulkan2] [error] OIDN Error: invalid handle
[2026-10-09 13:16:43.550] [svulkan2] [error] OIDN Error: invalid handle
[2026-10-09 13:16:43.550] [svulkan2] [error] OIDN Error: invalid handle
[2026-10-09 13:16:43.597] [svulkan2] [error] OIDN Error: invalid handle
[2026-10-09 13:16:43.597] [svulkan2] [error] OIDN Error: invalid handle
[2026-10-09 13:16:43.597] [svulkan2] [error] OIDN Error: invalid handle
[2026-10-09 13:16:43.597] [svulkan2] [error] OIDN Error: invalid handle
[2026-10-09 13:16:43.643] [svulkan2] [error] OIDN Error: invalid handle
[2026-10-09 13:16:43.643] [svulkan2] [error] OIDN Error: invalid handle
[2026-10-09 13:16:43.644] [svulkan2] [error] OIDN Error: invalid handle
[2026-10-09 13:16:43.644] [svulkan2] [error] OIDN Error: invalid handle
[2026-10-09 13:16:43.690] [svulkan2] [error] OIDN Error: invalid handle
[2026-10-09 13:16:43.690] [svulkan2] [error] OIDN Error: invalid handle
[2026-10-09 13:16:43.690] [svulkan2] [error] OIDN Error: invalid handle
[2026-10-09 13:16:43.690] [svulkan2] [error] OIDN Error: invalid handle
[2026-10-09 13:16:43.737] [svulkan2] [error] OIDN Error: invalid handle
[2026-10-09 13:16:43.737] [svulkan2] [error] OIDN Error: invalid handle
[2026-10-09 13:16:43.737] [svulkan2] [error] OIDN Error: invalid handle
[2026-10-09 13:16:43.737] [svulkan2] [error] OIDN Error: invalid handle
[2026-10-09 13:16:43.784] [svulkan2] [error] OIDN Error: invalid handle
[2026-10-09 13:16:43.784] [svulkan2] [error] OIDN Error: invalid handle
[2026-10-09 13:16:43.784] [svulkan2] [error] OIDN Error: invalid handle
[2026-10-09 13:16:43.784] [svulkan2] [error] OIDN Error: invalid handle
[2026-10-09 13:16:43.831] [svulkan2] [error] OIDN Error: invalid handle
[2026-10-09 13:16:43.832] [svulkan2] [error] OIDN Error: invalid handle
[2026-10-09 13:16:43.832] [svulkan2] [error] OIDN Error: invalid handle
[2026-10-09 13:16:43.832] [svulkan2] [error] OIDN Error: invalid handle
[2026-10-09 13:16:43.878] [svulkan2] [error] OIDN Error: invalid handle
[2026-10-09 13:16:43.879] [svulkan2] [error] OIDN Error: invalid handle
[2026-10-09 13:16:43.879] [svulkan2] [error] OIDN Error: invalid handle
[2026-10-09 13:16:43.879] [svulkan2] [error] OIDN Error: invalid handle
[2026-10-09 13:16:43.927] [svulkan2] [error] OIDN Error: invalid handle
[2026-10-09 13:16:43.927] [svulkan2] [error] OIDN Error: invalid handle
[2026-10-09 13:16:43.927] [svulkan2] [error] OIDN Error: invalid handle
[2026-10-09 13:16:43.927] [svulkan2] [error] OIDN Error: invalid handle
[2026-10-09 13:16:43.975] [svulkan2] [error] OIDN Error: invalid handle
[2026-10-09 13:16:43.975] [svulkan2] [error] OIDN Error: invalid handle
[2026-10-09 13:16:43.975] [svulkan2] [error] OIDN Error: invalid handle
[2026-10-09 13:16:43.975] [svulkan2] [error] OIDN Error: invalid handle
[2026-10-09 13:16:44.022] [svulkan2] [error] OIDN Error: invalid handle
[2026-10-09 13:16:44.024] [svulkan2] [error] OIDN Error: invalid handle
[2026-10-09 13:16:44.024] [svulkan2] [error] OIDN Error: invalid handle
[2026-10-09 13:16:44.024] [svulkan2] [error] OIDN Error: invalid handle
[2026-10-09 13:16:44.070] [svulkan2] [error] OIDN Error: invalid handle
[2026-10-09 13:16:44.070] [svulkan2] [error] OIDN Error: invalid handle
[2026-10-09 13:16:44.070] [svulkan2] [error] OIDN Error: invalid handle
[2026-10-09 13:16:44.070] [svulkan2] [error] OIDN Error: invalid handle
[2026-10-09 13:16:44.119] [svulkan2] [error] OIDN Error: invalid handle
[2026-10-09 13:16:44.119] [svulkan2] [error] OIDN Error: invalid handle
[2026-10-09 13:16:44.119] [svulkan2] [error] OIDN Error: invalid handle
[2026-10-09 13:16:44.119] [svulkan2] [error] OIDN Error: invalid handle
[2026-10-09 13:16:44.168] [svulkan2] [error] OIDN Error: invalid handle
[2026-10-09 13:16:44.168] [svulkan2] [error] OIDN Error: invalid handle
[2026-10-09 13:16:44.168] [svulkan2] [error] OIDN Error: invalid handle
[2026-10-09 13:16:44.168] [svulkan2] [error] OIDN Error: invalid handle
[2026-10-09 13:16:44.215] [svulkan2] [error] OIDN Error: invalid handle
[2026-10-09 13:16:44.215] [svulkan2] [error] OIDN Error: invalid handle
[2026-10-09 13:16:44.215] [svulkan2] [error] OIDN Error: invalid handle
[2026-10-09 13:16:44.215] [svulkan2] [error] OIDN Error: invalid handle
[2026-10-09 13:16:44.264] [svulkan2] [error] OIDN Error: invalid handle
[2026-10-09 13:16:44.264] [svulkan2] [error] OIDN Error: invalid handle
[2026-10-09 13:16:44.264] [svulkan2] [error] OIDN Error: invalid handle
[2026-10-09 13:16:44.264] [svulkan2] [error] OIDN Error: invalid handle
[2026-10-09 13:16:44.312] [svulkan2] [error] OIDN Error: invalid handle
[2026-10-09 13:16:44.313] [svulkan2] [error] OIDN Error: invalid handle
[2026-10-09 13:16:44.313] [svulkan2] [error] OIDN Error: invalid handle
[2026-10-09 13:16:44.313] [svulkan2] [error] OIDN Error: invalid handle
[2026-10-09 13:16:44.362] [svulkan2] [error] OIDN Error: invalid handle
[2026-10-09 13:16:44.362] [svulkan2] [error] OIDN Error: invalid handle
[2026-10-09 13:16:44.362] [svulkan2] [error] OIDN Error: invalid handle
[2026-10-09 13:16:44.362] [svulkan2] [error] OIDN Error: invalid handle
[2026-10-09 13:16:44.410] [svulkan2] [error] OIDN Error: invalid handle
[2026-10-09 13:16:44.410] [svulkan2] [error] OIDN Error: invalid handle
[2026-10-09 13:16:44.410] [svulkan2] [error] OIDN Error: invalid handle
[2026-10-09 13:16:44.410] [svulkan2] [error] OIDN Error: invalid handle
[2026-10-09 13:16:44.460] [svulkan2] [error] OIDN Error: invalid handle
[2026-10-09 13:16:44.460] [svulkan2] [error] OIDN Error: invalid handle
[2026-10-09 13:16:44.460] [svulkan2] [error] OIDN Error: invalid handle
[2026-10-09 13:16:44.460] [svulkan2] [error] OIDN Error: invalid handle
[2026-10-09 13:16:44.509] [svulkan2] [error] OIDN Error: invalid handle
[2026-10-09 13:16:44.509] [svulkan2] [error] OIDN Error: invalid handle
[2026-10-09 13:16:44.509] [svulkan2] [error] OIDN Error: invalid handle
[2026-10-09 13:16:44.509] [svulkan2] [error] OIDN Error: invalid handle
[2026-10-09 13:16:44.558] [svulkan2] [error] OIDN Error: invalid handle
[2026-10-09 13:16:44.558] [svulkan2] [error] OIDN Error: invalid handle
[2026-10-09 13:16:44.558] [svulkan2] [error] OIDN Error: invalid handle
[2026-10-09 13:16:44.558] [svulkan2] [error] OIDN Error: invalid handle
[2026-10-09 13:16:44.607] [svulkan2] [error] OIDN Error: invalid handle
[2026-10-09 13:16:44.607] [svulkan2] [error] OIDN Error: invalid handle
[2026-10-09 13:16:44.607] [svulkan2] [error] OIDN Error: invalid handle
[2026-10-09 13:16:44.607] [svulkan2] [error] OIDN Error: invalid handle
[2026-10-09 13:16:44.655] [svulkan2] [error] OIDN Error: invalid handle
[2026-10-09 13:16:44.655] [svulkan2] [error] OIDN Error: invalid handle
[2026-10-09 13:16:44.655] [svulkan2] [error] OIDN Error: invalid handle
[2026-10-09 13:16:44.655] [svulkan2] [error] OIDN Error: invalid handle
step: [92m2 / 400[0m{"attempt": 3, "decision": 1, "id": 21, "motions": 2, "left": "pos [-0.26, 0.01, 0.93] quat [0.5, -0.5, 0.5, 0.5] grip 1.00", "right": "hold grip 1.00", "planner": {"left": "Success", "right": "hold"}, "success": false, "calls_total": 21, "latency_s": 13.16}
[2026-10-09 13:17:00.875] [svulkan2] [error] OIDN Error: invalid handle
[2026-10-09 13:17:00.875] [svulkan2] [error] OIDN Error: invalid handle
[2026-10-09 13:17:00.875] [svulkan2] [error] OIDN Error: invalid handle
[2026-10-09 13:17:00.875] [svulkan2] [error] OIDN Error: invalid handle
[2026-10-09 13:17:00.923] [svulkan2] [error] OIDN Error: invalid handle
[2026-10-09 13:17:00.923] [svulkan2] [error] OIDN Error: invalid handle
[2026-10-09 13:17:00.923] [svulkan2] [error] OIDN Error: invalid handle
[2026-10-09 13:17:00.923] [svulkan2] [error] OIDN Error: invalid handle
[2026-10-09 13:17:00.973] [svulkan2] [error] OIDN Error: invalid handle
[2026-10-09 13:17:00.973] [svulkan2] [error] OIDN Error: invalid handle
[2026-10-09 13:17:00.973] [svulkan2] [error] OIDN Error: invalid handle
[2026-10-09 13:17:00.973] [svulkan2] [error] OIDN Error: invalid handle
[2026-10-09 13:17:01.021] [svulkan2] [error] OIDN Error: invalid handle
[2026-10-09 13:17:01.021] [svulkan2] [error] OIDN Error: invalid handle
[2026-10-09 13:17:01.021] [svulkan2] [error] OIDN Error: invalid handle
[2026-10-09 13:17:01.021] [svulkan2] [error] OIDN Error: invalid handle
[2026-10-09 13:17:01.069] [svulkan2] [error] OIDN Error: invalid handle
[2026-10-09 13:17:01.069] [svulkan2] [error] OIDN Error: invalid handle
[2026-10-09 13:17:01.069] [svulkan2] [error] OIDN Error: invalid handle
[2026-10-09 13:17:01.069] [svulkan2] [error] OIDN Error: invalid handle
[2026-10-09 13:17:01.118] [svulkan2] [error] OIDN Error: invalid handle
[2026-10-09 13:17:01.119] [svulkan2] [error] OIDN Error: invalid handle
[2026-10-09 13:17:01.119] [svulkan2] [error] OIDN Error: invalid handle
[2026-10-09 13:17:01.119] [svulkan2] [error] OIDN Error: invalid handle
[2026-10-09 13:17:01.168] [svulkan2] [error] OIDN Error: invalid handle
[2026-10-09 13:17:01.168] [svulkan2] [error] OIDN Error: invalid handle
[2026-10-09 13:17:01.168] [svulkan2] [error] OIDN Error: invalid handle
[2026-10-09 13:17:01.168] [svulkan2] [error] OIDN Error: invalid handle
[2026-10-09 13:17:01.218] [svulkan2] [error] OIDN Error: invalid handle
[2026-10-09 13:17:01.218] [svulkan2] [error] OIDN Error: invalid handle
[2026-10-09 13:17:01.218] [svulkan2] [error] OIDN Error: invalid handle
[2026-10-09 13:17:01.218] [svulkan2] [error] OIDN Error: invalid handle
[2026-10-09 13:17:01.267] [svulkan2] [error] OIDN Error: invalid handle
[2026-10-09 13:17:01.267] [svulkan2] [error] OIDN Error: invalid handle
[2026-10-09 13:17:01.267] [svulkan2] [error] OIDN Error: invalid handle
[2026-10-09 13:17:01.267] [svulkan2] [error] OIDN Error: invalid handle
[2026-10-09 13:17:01.318] [svulkan2] [error] OIDN Error: invalid handle
[2026-10-09 13:17:01.318] [svulkan2] [error] OIDN Error: invalid handle
[2026-10-09 13:17:01.318] [svulkan2] [error] OIDN Error: invalid handle
[2026-10-09 13:17:01.318] [svulkan2] [error] OIDN Error: invalid handle
[2026-10-09 13:17:01.368] [svulkan2] [error] OIDN Error: invalid handle
[2026-10-09 13:17:01.368] [svulkan2] [error] OIDN Error: invalid handle
[2026-10-09 13:17:01.368] [svulkan2] [error] OIDN Error: invalid handle
[2026-10-09 13:17:01.368] [svulkan2] [error] OIDN Error: invalid handle
[2026-10-09 13:17:01.419] [svulkan2] [error] OIDN Error: invalid handle
[2026-10-09 13:17:01.419] [svulkan2] [error] OIDN Error: invalid handle
[2026-10-09 13:17:01.419] [svulkan2] [error] OIDN Error: invalid handle
[2026-10-09 13:17:01.419] [svulkan2] [error] OIDN Error: invalid handle
[2026-10-09 13:17:01.474] [svulkan2] [error] OIDN Error: invalid handle
[2026-10-09 13:17:01.475] [svulkan2] [error] OIDN Error: invalid handle
[2026-10-09 13:17:01.475] [svulkan2] [error] OIDN Error: invalid handle
[2026-10-09 13:17:01.475] [svulkan2] [error] OIDN Error: invalid handle
[2026-10-09 13:17:01.524] [svulkan2] [error] OIDN Error: invalid handle
[2026-10-09 13:17:01.524] [svulkan2] [error] OIDN Error: invalid handle
[2026-10-09 13:17:01.524] [svulkan2] [error] OIDN Error: invalid handle
[2026-10-09 13:17:01.524] [svulkan2] [error] OIDN Error: invalid handle
[2026-10-09 13:17:01.574] [svulkan2] [error] OIDN Error: invalid handle
[2026-10-09 13:17:01.574] [svulkan2] [error] OIDN Error: invalid handle
[2026-10-09 13:17:01.574] [svulkan2] [error] OIDN Error: invalid handle
[2026-10-09 13:17:01.574] [svulkan2] [error] OIDN Error: invalid handle
[2026-10-09 13:17:01.624] [svulkan2] [error] OIDN Error: invalid handle
[2026-10-09 13:17:01.624] [svulkan2] [error] OIDN Error: invalid handle
[2026-10-09 13:17:01.624] [svulkan2] [error] OIDN Error: invalid handle
[2026-10-09 13:17:01.624] [svulkan2] [error] OIDN Error: invalid handle
[2026-10-09 13:17:01.674] [svulkan2] [error] OIDN Error: invalid handle
[2026-10-09 13:17:01.674] [svulkan2] [error] OIDN Error: invalid handle
[2026-10-09 13:17:01.674] [svulkan2] [error] OIDN Error: invalid handle
[2026-10-09 13:17:01.674] [svulkan2] [error] OIDN Error: invalid handle
[2026-10-09 13:17:01.724] [svulkan2] [error] OIDN Error: invalid handle
[2026-10-09 13:17:01.724] [svulkan2] [error] OIDN Error: invalid handle
[2026-10-09 13:17:01.725] [svulkan2] [error] OIDN Error: invalid handle
[2026-10-09 13:17:01.725] [svulkan2] [error] OIDN Error: invalid handle
[2026-10-09 13:17:01.776] [svulkan2] [error] OIDN Error: invalid handle
[2026-10-09 13:17:01.776] [svulkan2] [error] OIDN Error: invalid handle
[2026-10-09 13:17:01.776] [svulkan2] [error] OIDN Error: invalid handle
[2026-10-09 13:17:01.776] [svulkan2] [error] OIDN Error: invalid handle
[2026-10-09 13:17:01.826] [svulkan2] [error] OIDN Error: invalid handle
[2026-10-09 13:17:01.826] [svulkan2] [error] OIDN Error: invalid handle
[2026-10-09 13:17:01.826] [svulkan2] [error] OIDN Error: invalid handle
[2026-10-09 13:17:01.826] [svulkan2] [error] OIDN Error: invalid handle
[2026-10-09 13:17:01.876] [svulkan2] [error] OIDN Error: invalid handle
[2026-10-09 13:17:01.876] [svulkan2] [error] OIDN Error: invalid handle
[2026-10-09 13:17:01.877] [svulkan2] [error] OIDN Error: invalid handle
[2026-10-09 13:17:01.877] [svulkan2] [error] OIDN Error: invalid handle
step: [92m3 / 400[0m{"attempt": 3, "decision": 2, "id": 22, "motions": 3, "left": "pos [-0.275, 0.0, 0.897] quat [0.5, -0.5, 0.5, 0.5] grip 0.00", "right": "hold grip 1.00", "planner": {"left": "Success", "right": "hold"}, "success": false, "calls_total": 22, "latency_s": 15.63}
[2026-10-09 13:17:26.317] [svulkan2] [error] OIDN Error: invalid handle
[2026-10-09 13:17:26.317] [svulkan2] [error] OIDN Error: invalid handle
[2026-10-09 13:17:26.317] [svulkan2] [error] OIDN Error: invalid handle
[2026-10-09 13:17:26.317] [svulkan2] [error] OIDN Error: invalid handle
[2026-10-09 13:17:26.369] [svulkan2] [error] OIDN Error: invalid handle
[2026-10-09 13:17:26.369] [svulkan2] [error] OIDN Error: invalid handle
[2026-10-09 13:17:26.369] [svulkan2] [error] OIDN Error: invalid handle
[2026-10-09 13:17:26.369] [svulkan2] [error] OIDN Error: invalid handle
[2026-10-09 13:17:26.419] [svulkan2] [error] OIDN Error: invalid handle
[2026-10-09 13:17:26.419] [svulkan2] [error] OIDN Error: invalid handle
[2026-10-09 13:17:26.420] [svulkan2] [error] OIDN Error: invalid handle
[2026-10-09 13:17:26.420] [svulkan2] [error] OIDN Error: invalid handle
[2026-10-09 13:17:26.470] [svulkan2] [error] OIDN Error: invalid handle
[2026-10-09 13:17:26.470] [svulkan2] [error] OIDN Error: invalid handle
[2026-10-09 13:17:26.470] [svulkan2] [error] OIDN Error: invalid handle
[2026-10-09 13:17:26.470] [svulkan2] [error] OIDN Error: invalid handle
[2026-10-09 13:17:26.521] [svulkan2] [error] OIDN Error: invalid handle
[2026-10-09 13:17:26.521] [svulkan2] [error] OIDN Error: invalid handle
[2026-10-09 13:17:26.521] [svulkan2] [error] OIDN Error: invalid handle
[2026-10-09 13:17:26.521] [svulkan2] [error] OIDN Error: invalid handle
[2026-10-09 13:17:26.571] [svulkan2] [error] OIDN Error: invalid handle
[2026-10-09 13:17:26.571] [svulkan2] [error] OIDN Error: invalid handle
[2026-10-09 13:17:26.571] [svulkan2] [error] OIDN Error: invalid handle
[2026-10-09 13:17:26.571] [svulkan2] [error] OIDN Error: invalid handle
[2026-10-09 13:17:26.622] [svulkan2] [error] OIDN Error: invalid handle
[2026-10-09 13:17:26.622] [svulkan2] [error] OIDN Error: invalid handle
[2026-10-09 13:17:26.622] [svulkan2] [error] OIDN Error: invalid handle
[2026-10-09 13:17:26.622] [svulkan2] [error] OIDN Error: invalid handle
[2026-10-09 13:17:26.672] [svulkan2] [error] OIDN Error: invalid handle
[2026-10-09 13:17:26.672] [svulkan2] [error] OIDN Error: invalid handle
[2026-10-09 13:17:26.672] [svulkan2] [error] OIDN Error: invalid handle
[2026-10-09 13:17:26.672] [svulkan2] [error] OIDN Error: invalid handle
[2026-10-09 13:17:26.722] [svulkan2] [error] OIDN Error: invalid handle
[2026-10-09 13:17:26.722] [svulkan2] [error] OIDN Error: invalid handle
[2026-10-09 13:17:26.722] [svulkan2] [error] OIDN Error: invalid handle
[2026-10-09 13:17:26.722] [svulkan2] [error] OIDN Error: invalid handle
[2026-10-09 13:17:26.771] [svulkan2] [error] OIDN Error: invalid handle
[2026-10-09 13:17:26.772] [svulkan2] [error] OIDN Error: invalid handle
[2026-10-09 13:17:26.772] [svulkan2] [error] OIDN Error: invalid handle
[2026-10-09 13:17:26.772] [svulkan2] [error] OIDN Error: invalid handle
[2026-10-09 13:17:26.820] [svulkan2] [error] OIDN Error: invalid handle
[2026-10-09 13:17:26.820] [svulkan2] [error] OIDN Error: invalid handle
[2026-10-09 13:17:26.820] [svulkan2] [error] OIDN Error: invalid handle
[2026-10-09 13:17:26.820] [svulkan2] [error] OIDN Error: invalid handle
[2026-10-09 13:17:26.869] [svulkan2] [error] OIDN Error: invalid handle
[2026-10-09 13:17:26.869] [svulkan2] [error] OIDN Error: invalid handle
[2026-10-09 13:17:26.869] [svulkan2] [error] OIDN Error: invalid handle
[2026-10-09 13:17:26.869] [svulkan2] [error] OIDN Error: invalid handle
[2026-10-09 13:17:26.918] [svulkan2] [error] OIDN Error: invalid handle
[2026-10-09 13:17:26.918] [svulkan2] [error] OIDN Error: invalid handle
[2026-10-09 13:17:26.918] [svulkan2] [error] OIDN Error: invalid handle
[2026-10-09 13:17:26.918] [svulkan2] [error] OIDN Error: invalid handle
[2026-10-09 13:17:26.966] [svulkan2] [error] OIDN Error: invalid handle
[2026-10-09 13:17:26.966] [svulkan2] [error] OIDN Error: invalid handle
[2026-10-09 13:17:26.966] [svulkan2] [error] OIDN Error: invalid handle
[2026-10-09 13:17:26.966] [svulkan2] [error] OIDN Error: invalid handle
[2026-10-09 13:17:27.013] [svulkan2] [error] OIDN Error: invalid handle
[2026-10-09 13:17:27.013] [svulkan2] [error] OIDN Error: invalid handle
[2026-10-09 13:17:27.013] [svulkan2] [error] OIDN Error: invalid handle
[2026-10-09 13:17:27.013] [svulkan2] [error] OIDN Error: invalid handle
[2026-10-09 13:17:27.060] [svulkan2] [error] OIDN Error: invalid handle
[2026-10-09 13:17:27.060] [svulkan2] [error] OIDN Error: invalid handle
[2026-10-09 13:17:27.060] [svulkan2] [error] OIDN Error: invalid handle
[2026-10-09 13:17:27.060] [svulkan2] [error] OIDN Error: invalid handle
[2026-10-09 13:17:27.108] [svulkan2] [error] OIDN Error: invalid handle
[2026-10-09 13:17:27.108] [svulkan2] [error] OIDN Error: invalid handle
[2026-10-09 13:17:27.108] [svulkan2] [error] OIDN Error: invalid handle
[2026-10-09 13:17:27.108] [svulkan2] [error] OIDN Error: invalid handle
[2026-10-09 13:17:27.156] [svulkan2] [error] OIDN Error: invalid handle
[2026-10-09 13:17:27.156] [svulkan2] [error] OIDN Error: invalid handle
[2026-10-09 13:17:27.156] [svulkan2] [error] OIDN Error: invalid handle
[2026-10-09 13:17:27.156] [svulkan2] [error] OIDN Error: invalid handle
[2026-10-09 13:17:27.203] [svulkan2] [error] OIDN Error: invalid handle
[2026-10-09 13:17:27.203] [svulkan2] [error] OIDN Error: invalid handle
[2026-10-09 13:17:27.203] [svulkan2] [error] OIDN Error: invalid handle
[2026-10-09 13:17:27.204] [svulkan2] [error] OIDN Error: invalid handle
[2026-10-09 13:17:27.250] [svulkan2] [error] OIDN Error: invalid handle
[2026-10-09 13:17:27.250] [svulkan2] [error] OIDN Error: invalid handle
[2026-10-09 13:17:27.250] [svulkan2] [error] OIDN Error: invalid handle
[2026-10-09 13:17:27.250] [svulkan2] [error] OIDN Error: invalid handle
[2026-10-09 13:17:27.298] [svulkan2] [error] OIDN Error: invalid handle
[2026-10-09 13:17:27.298] [svulkan2] [error] OIDN Error: invalid handle
[2026-10-09 13:17:27.298] [svulkan2] [error] OIDN Error: invalid handle
[2026-10-09 13:17:27.298] [svulkan2] [error] OIDN Error: invalid handle
[2026-10-09 13:17:27.345] [svulkan2] [error] OIDN Error: invalid handle
[2026-10-09 13:17:27.345] [svulkan2] [error] OIDN Error: invalid handle
[2026-10-09 13:17:27.345] [svulkan2] [error] OIDN Error: invalid handle
[2026-10-09 13:17:27.345] [svulkan2] [error] OIDN Error: invalid handle
[2026-10-09 13:17:27.392] [svulkan2] [error] OIDN Error: invalid handle
[2026-10-09 13:17:27.392] [svulkan2] [error] OIDN Error: invalid handle
[2026-10-09 13:17:27.392] [svulkan2] [error] OIDN Error: invalid handle
[2026-10-09 13:17:27.392] [svulkan2] [error] OIDN Error: invalid handle
[2026-10-09 13:17:27.439] [svulkan2] [error] OIDN Error: invalid handle
[2026-10-09 13:17:27.439] [svulkan2] [error] OIDN Error: invalid handle
[2026-10-09 13:17:27.439] [svulkan2] [error] OIDN Error: invalid handle
[2026-10-09 13:17:27.439] [svulkan2] [error] OIDN Error: invalid handle
[2026-10-09 13:17:27.486] [svulkan2] [error] OIDN Error: invalid handle
[2026-10-09 13:17:27.486] [svulkan2] [error] OIDN Error: invalid handle
[2026-10-09 13:17:27.486] [svulkan2] [error] OIDN Error: invalid handle
[2026-10-09 13:17:27.486] [svulkan2] [error] OIDN Error: invalid handle
[2026-10-09 13:17:27.533] [svulkan2] [error] OIDN Error: invalid handle
[2026-10-09 13:17:27.533] [svulkan2] [error] OIDN Error: invalid handle
[2026-10-09 13:17:27.533] [svulkan2] [error] OIDN Error: invalid handle
[2026-10-09 13:17:27.533] [svulkan2] [error] OIDN Error: invalid handle
[2026-10-09 13:17:27.579] [svulkan2] [error] OIDN Error: invalid handle
[2026-10-09 13:17:27.579] [svulkan2] [error] OIDN Error: invalid handle
[2026-10-09 13:17:27.579] [svulkan2] [error] OIDN Error: invalid handle
[2026-10-09 13:17:27.579] [svulkan2] [error] OIDN Error: invalid handle
[2026-10-09 13:17:27.626] [svulkan2] [error] OIDN Error: invalid handle
[2026-10-09 13:17:27.626] [svulkan2] [error] OIDN Error: invalid handle
[2026-10-09 13:17:27.626] [svulkan2] [error] OIDN Error: invalid handle
[2026-10-09 13:17:27.626] [svulkan2] [error] OIDN Error: invalid handle
[2026-10-09 13:17:27.672] [svulkan2] [error] OIDN Error: invalid handle
[2026-10-09 13:17:27.672] [svulkan2] [error] OIDN Error: invalid handle
[2026-10-09 13:17:27.672] [svulkan2] [error] OIDN Error: invalid handle
[2026-10-09 13:17:27.672] [svulkan2] [error] OIDN Error: invalid handle
[2026-10-09 13:17:27.719] [svulkan2] [error] OIDN Error: invalid handle
[2026-10-09 13:17:27.719] [svulkan2] [error] OIDN Error: invalid handle
[2026-10-09 13:17:27.719] [svulkan2] [error] OIDN Error: invalid handle
[2026-10-09 13:17:27.719] [svulkan2] [error] OIDN Error: invalid handle
[2026-10-09 13:17:27.764] [svulkan2] [error] OIDN Error: invalid handle
[2026-10-09 13:17:27.764] [svulkan2] [error] OIDN Error: invalid handle
[2026-10-09 13:17:27.764] [svulkan2] [error] OIDN Error: invalid handle
[2026-10-09 13:17:27.764] [svulkan2] [error] OIDN Error: invalid handle
[2026-10-09 13:17:27.811] [svulkan2] [error] OIDN Error: invalid handle
[2026-10-09 13:17:27.811] [svulkan2] [error] OIDN Error: invalid handle
[2026-10-09 13:17:27.811] [svulkan2] [error] OIDN Error: invalid handle
[2026-10-09 13:17:27.811] [svulkan2] [error] OIDN Error: invalid handle
[2026-10-09 13:17:27.858] [svulkan2] [error] OIDN Error: invalid handle
[2026-10-09 13:17:27.858] [svulkan2] [error] OIDN Error: invalid handle
[2026-10-09 13:17:27.858] [svulkan2] [error] OIDN Error: invalid handle
[2026-10-09 13:17:27.858] [svulkan2] [error] OIDN Error: invalid handle
[2026-10-09 13:17:27.904] [svulkan2] [error] OIDN Error: invalid handle
[2026-10-09 13:17:27.904] [svulkan2] [error] OIDN Error: invalid handle
[2026-10-09 13:17:27.905] [svulkan2] [error] OIDN Error: invalid handle
[2026-10-09 13:17:27.905] [svulkan2] [error] OIDN Error: invalid handle
[2026-10-09 13:17:27.950] [svulkan2] [error] OIDN Error: invalid handle
[2026-10-09 13:17:27.950] [svulkan2] [error] OIDN Error: invalid handle
[2026-10-09 13:17:27.950] [svulkan2] [error] OIDN Error: invalid handle
[2026-10-09 13:17:27.950] [svulkan2] [error] OIDN Error: invalid handle
[2026-10-09 13:17:27.997] [svulkan2] [error] OIDN Error: invalid handle
[2026-10-09 13:17:27.997] [svulkan2] [error] OIDN Error: invalid handle
[2026-10-09 13:17:27.997] [svulkan2] [error] OIDN Error: invalid handle
[2026-10-09 13:17:27.997] [svulkan2] [error] OIDN Error: invalid handle
[2026-10-09 13:17:28.041] [svulkan2] [error] OIDN Error: invalid handle
[2026-10-09 13:17:28.042] [svulkan2] [error] OIDN Error: invalid handle
[2026-10-09 13:17:28.042] [svulkan2] [error] OIDN Error: invalid handle
[2026-10-09 13:17:28.042] [svulkan2] [error] OIDN Error: invalid handle
step: [92m4 / 400[0m{"attempt": 3, "decision": 3, "id": 23, "motions": 4, "left": "pos [-0.275, 0.0, 1.015] quat [0.5, -0.5, 0.5, 0.5] grip 0.00", "right": "hold grip 1.00", "planner": {"left": "Success", "right": "hold"}, "success": false, "calls_total": 23, "latency_s": 23.84}
[2026-10-09 13:17:51.729] [svulkan2] [error] OIDN Error: invalid handle
[2026-10-09 13:17:51.731] [svulkan2] [error] OIDN Error: invalid handle
[2026-10-09 13:17:51.731] [svulkan2] [error] OIDN Error: invalid handle
[2026-10-09 13:17:51.731] [svulkan2] [error] OIDN Error: invalid handle
[2026-10-09 13:17:51.776] [svulkan2] [error] OIDN Error: invalid handle
[2026-10-09 13:17:51.777] [svulkan2] [error] OIDN Error: invalid handle
[2026-10-09 13:17:51.777] [svulkan2] [error] OIDN Error: invalid handle
[2026-10-09 13:17:51.777] [svulkan2] [error] OIDN Error: invalid handle
[2026-10-09 13:17:51.823] [svulkan2] [error] OIDN Error: invalid handle
[2026-10-09 13:17:51.823] [svulkan2] [error] OIDN Error: invalid handle
[2026-10-09 13:17:51.823] [svulkan2] [error] OIDN Error: invalid handle
[2026-10-09 13:17:51.823] [svulkan2] [error] OIDN Error: invalid handle
[2026-10-09 13:17:51.869] [svulkan2] [error] OIDN Error: invalid handle
[2026-10-09 13:17:51.869] [svulkan2] [error] OIDN Error: invalid handle
[2026-10-09 13:17:51.869] [svulkan2] [error] OIDN Error: invalid handle
[2026-10-09 13:17:51.869] [svulkan2] [error] OIDN Error: invalid handle
[2026-10-09 13:17:51.916] [svulkan2] [error] OIDN Error: invalid handle
[2026-10-09 13:17:51.916] [svulkan2] [error] OIDN Error: invalid handle
[2026-10-09 13:17:51.916] [svulkan2] [error] OIDN Error: invalid handle
[2026-10-09 13:17:51.916] [svulkan2] [error] OIDN Error: invalid handle
[2026-10-09 13:17:51.962] [svulkan2] [error] OIDN Error: invalid handle
[2026-10-09 13:17:51.962] [svulkan2] [error] OIDN Error: invalid handle
[2026-10-09 13:17:51.962] [svulkan2] [error] OIDN Error: invalid handle
[2026-10-09 13:17:51.962] [svulkan2] [error] OIDN Error: invalid handle
[2026-10-09 13:17:52.008] [svulkan2] [error] OIDN Error: invalid handle
[2026-10-09 13:17:52.008] [svulkan2] [error] OIDN Error: invalid handle
[2026-10-09 13:17:52.008] [svulkan2] [error] OIDN Error: invalid handle
[2026-10-09 13:17:52.008] [svulkan2] [error] OIDN Error: invalid handle
[2026-10-09 13:17:52.055] [svulkan2] [error] OIDN Error: invalid handle
[2026-10-09 13:17:52.055] [svulkan2] [error] OIDN Error: invalid handle
[2026-10-09 13:17:52.055] [svulkan2] [error] OIDN Error: invalid handle
[2026-10-09 13:17:52.055] [svulkan2] [error] OIDN Error: invalid handle
[2026-10-09 13:17:52.101] [svulkan2] [error] OIDN Error: invalid handle
[2026-10-09 13:17:52.101] [svulkan2] [error] OIDN Error: invalid handle
[2026-10-09 13:17:52.101] [svulkan2] [error] OIDN Error: invalid handle
[2026-10-09 13:17:52.101] [svulkan2] [error] OIDN Error: invalid handle
[2026-10-09 13:17:52.148] [svulkan2] [error] OIDN Error: invalid handle
[2026-10-09 13:17:52.148] [svulkan2] [error] OIDN Error: invalid handle
[2026-10-09 13:17:52.148] [svulkan2] [error] OIDN Error: invalid handle
[2026-10-09 13:17:52.148] [svulkan2] [error] OIDN Error: invalid handle
[2026-10-09 13:17:52.195] [svulkan2] [error] OIDN Error: invalid handle
[2026-10-09 13:17:52.195] [svulkan2] [error] OIDN Error: invalid handle
[2026-10-09 13:17:52.195] [svulkan2] [error] OIDN Error: invalid handle
[2026-10-09 13:17:52.195] [svulkan2] [error] OIDN Error: invalid handle
[2026-10-09 13:17:52.242] [svulkan2] [error] OIDN Error: invalid handle
[2026-10-09 13:17:52.242] [svulkan2] [error] OIDN Error: invalid handle
[2026-10-09 13:17:52.242] [svulkan2] [error] OIDN Error: invalid handle
[2026-10-09 13:17:52.242] [svulkan2] [error] OIDN Error: invalid handle
[2026-10-09 13:17:52.292] [svulkan2] [error] OIDN Error: invalid handle
[2026-10-09 13:17:52.292] [svulkan2] [error] OIDN Error: invalid handle
[2026-10-09 13:17:52.292] [svulkan2] [error] OIDN Error: invalid handle
[2026-10-09 13:17:52.292] [svulkan2] [error] OIDN Error: invalid handle
[2026-10-09 13:17:52.339] [svulkan2] [error] OIDN Error: invalid handle
[2026-10-09 13:17:52.339] [svulkan2] [error] OIDN Error: invalid handle
[2026-10-09 13:17:52.339] [svulkan2] [error] OIDN Error: invalid handle
[2026-10-09 13:17:52.339] [svulkan2] [error] OIDN Error: invalid handle
[2026-10-09 13:17:52.386] [svulkan2] [error] OIDN Error: invalid handle
[2026-10-09 13:17:52.386] [svulkan2] [error] OIDN Error: invalid handle
[2026-10-09 13:17:52.386] [svulkan2] [error] OIDN Error: invalid handle
[2026-10-09 13:17:52.386] [svulkan2] [error] OIDN Error: invalid handle
[2026-10-09 13:17:52.433] [svulkan2] [error] OIDN Error: invalid handle
[2026-10-09 13:17:52.433] [svulkan2] [error] OIDN Error: invalid handle
[2026-10-09 13:17:52.433] [svulkan2] [error] OIDN Error: invalid handle
[2026-10-09 13:17:52.433] [svulkan2] [error] OIDN Error: invalid handle
[2026-10-09 13:17:52.481] [svulkan2] [error] OIDN Error: invalid handle
[2026-10-09 13:17:52.481] [svulkan2] [error] OIDN Error: invalid handle
[2026-10-09 13:17:52.481] [svulkan2] [error] OIDN Error: invalid handle
[2026-10-09 13:17:52.481] [svulkan2] [error] OIDN Error: invalid handle
[2026-10-09 13:17:52.528] [svulkan2] [error] OIDN Error: invalid handle
[2026-10-09 13:17:52.528] [svulkan2] [error] OIDN Error: invalid handle
[2026-10-09 13:17:52.528] [svulkan2] [error] OIDN Error: invalid handle
[2026-10-09 13:17:52.528] [svulkan2] [error] OIDN Error: invalid handle
[2026-10-09 13:17:52.576] [svulkan2] [error] OIDN Error: invalid handle
[2026-10-09 13:17:52.576] [svulkan2] [error] OIDN Error: invalid handle
[2026-10-09 13:17:52.576] [svulkan2] [error] OIDN Error: invalid handle
[2026-10-09 13:17:52.576] [svulkan2] [error] OIDN Error: invalid handle
[2026-10-09 13:17:52.624] [svulkan2] [error] OIDN Error: invalid handle
[2026-10-09 13:17:52.624] [svulkan2] [error] OIDN Error: invalid handle
[2026-10-09 13:17:52.624] [svulkan2] [error] OIDN Error: invalid handle
[2026-10-09 13:17:52.624] [svulkan2] [error] OIDN Error: invalid handle
[2026-10-09 13:17:52.672] [svulkan2] [error] OIDN Error: invalid handle
[2026-10-09 13:17:52.672] [svulkan2] [error] OIDN Error: invalid handle
[2026-10-09 13:17:52.672] [svulkan2] [error] OIDN Error: invalid handle
[2026-10-09 13:17:52.672] [svulkan2] [error] OIDN Error: invalid handle
[2026-10-09 13:17:52.721] [svulkan2] [error] OIDN Error: invalid handle
[2026-10-09 13:17:52.721] [svulkan2] [error] OIDN Error: invalid handle
[2026-10-09 13:17:52.721] [svulkan2] [error] OIDN Error: invalid handle
[2026-10-09 13:17:52.721] [svulkan2] [error] OIDN Error: invalid handle
[2026-10-09 13:17:52.769] [svulkan2] [error] OIDN Error: invalid handle
[2026-10-09 13:17:52.769] [svulkan2] [error] OIDN Error: invalid handle
[2026-10-09 13:17:52.769] [svulkan2] [error] OIDN Error: invalid handle
[2026-10-09 13:17:52.769] [svulkan2] [error] OIDN Error: invalid handle
[2026-10-09 13:17:52.818] [svulkan2] [error] OIDN Error: invalid handle
[2026-10-09 13:17:52.818] [svulkan2] [error] OIDN Error: invalid handle
[2026-10-09 13:17:52.818] [svulkan2] [error] OIDN Error: invalid handle
[2026-10-09 13:17:52.818] [svulkan2] [error] OIDN Error: invalid handle
[2026-10-09 13:17:52.867] [svulkan2] [error] OIDN Error: invalid handle
[2026-10-09 13:17:52.867] [svulkan2] [error] OIDN Error: invalid handle
[2026-10-09 13:17:52.867] [svulkan2] [error] OIDN Error: invalid handle
[2026-10-09 13:17:52.867] [svulkan2] [error] OIDN Error: invalid handle
[2026-10-09 13:17:52.916] [svulkan2] [error] OIDN Error: invalid handle
[2026-10-09 13:17:52.916] [svulkan2] [error] OIDN Error: invalid handle
[2026-10-09 13:17:52.916] [svulkan2] [error] OIDN Error: invalid handle
[2026-10-09 13:17:52.916] [svulkan2] [error] OIDN Error: invalid handle
[2026-10-09 13:17:52.963] [svulkan2] [error] OIDN Error: invalid handle
[2026-10-09 13:17:52.963] [svulkan2] [error] OIDN Error: invalid handle
[2026-10-09 13:17:52.963] [svulkan2] [error] OIDN Error: invalid handle
[2026-10-09 13:17:52.963] [svulkan2] [error] OIDN Error: invalid handle
step: [92m5 / 400[0m{"attempt": 3, "decision": 4, "id": 24, "motions": 5, "left": "pos [-0.25, 0.0, 0.95] quat [0.5, -0.5, 0.5, 0.5] grip 1.00", "right": "hold grip 1.00", "planner": {"left": "Success", "right": "hold"}, "success": false, "calls_total": 24, "latency_s": 23.07}
[2026-10-09 13:18:12.524] [svulkan2] [error] OIDN Error: invalid handle
[2026-10-09 13:18:12.524] [svulkan2] [error] OIDN Error: invalid handle
[2026-10-09 13:18:12.524] [svulkan2] [error] OIDN Error: invalid handle
[2026-10-09 13:18:12.524] [svulkan2] [error] OIDN Error: invalid handle
[2026-10-09 13:18:12.573] [svulkan2] [error] OIDN Error: invalid handle
[2026-10-09 13:18:12.573] [svulkan2] [error] OIDN Error: invalid handle
[2026-10-09 13:18:12.573] [svulkan2] [error] OIDN Error: invalid handle
[2026-10-09 13:18:12.573] [svulkan2] [error] OIDN Error: invalid handle
[2026-10-09 13:18:12.626] [svulkan2] [error] OIDN Error: invalid handle
[2026-10-09 13:18:12.626] [svulkan2] [error] OIDN Error: invalid handle
[2026-10-09 13:18:12.626] [svulkan2] [error] OIDN Error: invalid handle
[2026-10-09 13:18:12.626] [svulkan2] [error] OIDN Error: invalid handle
[2026-10-09 13:18:12.674] [svulkan2] [error] OIDN Error: invalid handle
[2026-10-09 13:18:12.674] [svulkan2] [error] OIDN Error: invalid handle
[2026-10-09 13:18:12.674] [svulkan2] [error] OIDN Error: invalid handle
[2026-10-09 13:18:12.674] [svulkan2] [error] OIDN Error: invalid handle
[2026-10-09 13:18:12.723] [svulkan2] [error] OIDN Error: invalid handle
[2026-10-09 13:18:12.723] [svulkan2] [error] OIDN Error: invalid handle
[2026-10-09 13:18:12.723] [svulkan2] [error] OIDN Error: invalid handle
[2026-10-09 13:18:12.723] [svulkan2] [error] OIDN Error: invalid handle
[2026-10-09 13:18:12.771] [svulkan2] [error] OIDN Error: invalid handle
[2026-10-09 13:18:12.771] [svulkan2] [error] OIDN Error: invalid handle
[2026-10-09 13:18:12.771] [svulkan2] [error] OIDN Error: invalid handle
[2026-10-09 13:18:12.771] [svulkan2] [error] OIDN Error: invalid handle
[2026-10-09 13:18:12.820] [svulkan2] [error] OIDN Error: invalid handle
[2026-10-09 13:18:12.820] [svulkan2] [error] OIDN Error: invalid handle
[2026-10-09 13:18:12.820] [svulkan2] [error] OIDN Error: invalid handle
[2026-10-09 13:18:12.820] [svulkan2] [error] OIDN Error: invalid handle
[2026-10-09 13:18:12.869] [svulkan2] [error] OIDN Error: invalid handle
[2026-10-09 13:18:12.869] [svulkan2] [error] OIDN Error: invalid handle
[2026-10-09 13:18:12.869] [svulkan2] [error] OIDN Error: invalid handle
[2026-10-09 13:18:12.869] [svulkan2] [error] OIDN Error: invalid handle
[2026-10-09 13:18:12.917] [svulkan2] [error] OIDN Error: invalid handle
[2026-10-09 13:18:12.917] [svulkan2] [error] OIDN Error: invalid handle
[2026-10-09 13:18:12.917] [svulkan2] [error] OIDN Error: invalid handle
[2026-10-09 13:18:12.917] [svulkan2] [error] OIDN Error: invalid handle
[2026-10-09 13:18:12.967] [svulkan2] [error] OIDN Error: invalid handle
[2026-10-09 13:18:12.969] [svulkan2] [error] OIDN Error: invalid handle
[2026-10-09 13:18:12.969] [svulkan2] [error] OIDN Error: invalid handle
[2026-10-09 13:18:12.969] [svulkan2] [error] OIDN Error: invalid handle
[2026-10-09 13:18:13.017] [svulkan2] [error] OIDN Error: invalid handle
[2026-10-09 13:18:13.017] [svulkan2] [error] OIDN Error: invalid handle
[2026-10-09 13:18:13.017] [svulkan2] [error] OIDN Error: invalid handle
[2026-10-09 13:18:13.018] [svulkan2] [error] OIDN Error: invalid handle
[2026-10-09 13:18:13.068] [svulkan2] [error] OIDN Error: invalid handle
[2026-10-09 13:18:13.068] [svulkan2] [error] OIDN Error: invalid handle
[2026-10-09 13:18:13.068] [svulkan2] [error] OIDN Error: invalid handle
[2026-10-09 13:18:13.068] [svulkan2] [error] OIDN Error: invalid handle
[2026-10-09 13:18:13.119] [svulkan2] [error] OIDN Error: invalid handle
[2026-10-09 13:18:13.119] [svulkan2] [error] OIDN Error: invalid handle
[2026-10-09 13:18:13.119] [svulkan2] [error] OIDN Error: invalid handle
[2026-10-09 13:18:13.119] [svulkan2] [error] OIDN Error: invalid handle
[2026-10-09 13:18:13.168] [svulkan2] [error] OIDN Error: invalid handle
[2026-10-09 13:18:13.168] [svulkan2] [error] OIDN Error: invalid handle
[2026-10-09 13:18:13.168] [svulkan2] [error] OIDN Error: invalid handle
[2026-10-09 13:18:13.168] [svulkan2] [error] OIDN Error: invalid handle
[2026-10-09 13:18:13.218] [svulkan2] [error] OIDN Error: invalid handle
[2026-10-09 13:18:13.218] [svulkan2] [error] OIDN Error: invalid handle
[2026-10-09 13:18:13.218] [svulkan2] [error] OIDN Error: invalid handle
[2026-10-09 13:18:13.218] [svulkan2] [error] OIDN Error: invalid handle
[2026-10-09 13:18:13.269] [svulkan2] [error] OIDN Error: invalid handle
[2026-10-09 13:18:13.269] [svulkan2] [error] OIDN Error: invalid handle
[2026-10-09 13:18:13.269] [svulkan2] [error] OIDN Error: invalid handle
[2026-10-09 13:18:13.269] [svulkan2] [error] OIDN Error: invalid handle
[2026-10-09 13:18:13.319] [svulkan2] [error] OIDN Error: invalid handle
[2026-10-09 13:18:13.320] [svulkan2] [error] OIDN Error: invalid handle
[2026-10-09 13:18:13.320] [svulkan2] [error] OIDN Error: invalid handle
[2026-10-09 13:18:13.320] [svulkan2] [error] OIDN Error: invalid handle
[2026-10-09 13:18:13.370] [svulkan2] [error] OIDN Error: invalid handle
[2026-10-09 13:18:13.370] [svulkan2] [error] OIDN Error: invalid handle
[2026-10-09 13:18:13.371] [svulkan2] [error] OIDN Error: invalid handle
[2026-10-09 13:18:13.371] [svulkan2] [error] OIDN Error: invalid handle
[2026-10-09 13:18:13.421] [svulkan2] [error] OIDN Error: invalid handle
[2026-10-09 13:18:13.421] [svulkan2] [error] OIDN Error: invalid handle
[2026-10-09 13:18:13.421] [svulkan2] [error] OIDN Error: invalid handle
[2026-10-09 13:18:13.421] [svulkan2] [error] OIDN Error: invalid handle
[2026-10-09 13:18:13.472] [svulkan2] [error] OIDN Error: invalid handle
[2026-10-09 13:18:13.472] [svulkan2] [error] OIDN Error: invalid handle
[2026-10-09 13:18:13.472] [svulkan2] [error] OIDN Error: invalid handle
[2026-10-09 13:18:13.472] [svulkan2] [error] OIDN Error: invalid handle
[2026-10-09 13:18:13.523] [svulkan2] [error] OIDN Error: invalid handle
[2026-10-09 13:18:13.523] [svulkan2] [error] OIDN Error: invalid handle
[2026-10-09 13:18:13.524] [svulkan2] [error] OIDN Error: invalid handle
[2026-10-09 13:18:13.524] [svulkan2] [error] OIDN Error: invalid handle
[2026-10-09 13:18:13.575] [svulkan2] [error] OIDN Error: invalid handle
[2026-10-09 13:18:13.575] [svulkan2] [error] OIDN Error: invalid handle
[2026-10-09 13:18:13.575] [svulkan2] [error] OIDN Error: invalid handle
[2026-10-09 13:18:13.575] [svulkan2] [error] OIDN Error: invalid handle
[2026-10-09 13:18:13.626] [svulkan2] [error] OIDN Error: invalid handle
[2026-10-09 13:18:13.626] [svulkan2] [error] OIDN Error: invalid handle
[2026-10-09 13:18:13.626] [svulkan2] [error] OIDN Error: invalid handle
[2026-10-09 13:18:13.626] [svulkan2] [error] OIDN Error: invalid handle
[2026-10-09 13:18:13.676] [svulkan2] [error] OIDN Error: invalid handle
[2026-10-09 13:18:13.676] [svulkan2] [error] OIDN Error: invalid handle
[2026-10-09 13:18:13.676] [svulkan2] [error] OIDN Error: invalid handle
[2026-10-09 13:18:13.676] [svulkan2] [error] OIDN Error: invalid handle
step: [92m6 / 400[0m{"attempt": 3, "decision": 5, "id": 25, "motions": 6, "left": "pos [-0.25, 0.0, 0.905] quat [0.5, -0.5, 0.5, 0.5] grip 1.00", "right": "hold grip 1.00", "planner": {"left": "Success", "right": "hold"}, "success": false, "calls_total": 25, "latency_s": 18.95}
[2026-10-09 13:18:29.576] [svulkan2] [error] OIDN Error: invalid handle
[2026-10-09 13:18:29.576] [svulkan2] [error] OIDN Error: invalid handle
[2026-10-09 13:18:29.576] [svulkan2] [error] OIDN Error: invalid handle
[2026-10-09 13:18:29.576] [svulkan2] [error] OIDN Error: invalid handle
[2026-10-09 13:18:29.628] [svulkan2] [error] OIDN Error: invalid handle
[2026-10-09 13:18:29.628] [svulkan2] [error] OIDN Error: invalid handle
[2026-10-09 13:18:29.628] [svulkan2] [error] OIDN Error: invalid handle
[2026-10-09 13:18:29.628] [svulkan2] [error] OIDN Error: invalid handle
[2026-10-09 13:18:29.679] [svulkan2] [error] OIDN Error: invalid handle
[2026-10-09 13:18:29.679] [svulkan2] [error] OIDN Error: invalid handle
[2026-10-09 13:18:29.679] [svulkan2] [error] OIDN Error: invalid handle
[2026-10-09 13:18:29.680] [svulkan2] [error] OIDN Error: invalid handle
[2026-10-09 13:18:29.731] [svulkan2] [error] OIDN Error: invalid handle
[2026-10-09 13:18:29.731] [svulkan2] [error] OIDN Error: invalid handle
[2026-10-09 13:18:29.731] [svulkan2] [error] OIDN Error: invalid handle
[2026-10-09 13:18:29.731] [svulkan2] [error] OIDN Error: invalid handle
[2026-10-09 13:18:29.782] [svulkan2] [error] OIDN Error: invalid handle
[2026-10-09 13:18:29.782] [svulkan2] [error] OIDN Error: invalid handle
[2026-10-09 13:18:29.782] [svulkan2] [error] OIDN Error: invalid handle
[2026-10-09 13:18:29.782] [svulkan2] [error] OIDN Error: invalid handle
step: [92m7 / 400[0m{"attempt": 3, "decision": 6, "id": 26, "motions": 7, "left": "hold grip 0.00", "right": "hold grip 1.00", "planner": {"left": "hold", "right": "hold"}, "success": false, "calls_total": 26, "latency_s": 15.35}
[2026-10-09 13:18:44.346] [svulkan2] [error] OIDN Error: invalid handle
[2026-10-09 13:18:44.346] [svulkan2] [error] OIDN Error: invalid handle
[2026-10-09 13:18:44.346] [svulkan2] [error] OIDN Error: invalid handle
[2026-10-09 13:18:44.346] [svulkan2] [error] OIDN Error: invalid handle
[2026-10-09 13:18:44.397] [svulkan2] [error] OIDN Error: invalid handle
[2026-10-09 13:18:44.397] [svulkan2] [error] OIDN Error: invalid handle
[2026-10-09 13:18:44.397] [svulkan2] [error] OIDN Error: invalid handle
[2026-10-09 13:18:44.397] [svulkan2] [error] OIDN Error: invalid handle
[2026-10-09 13:18:44.447] [svulkan2] [error] OIDN Error: invalid handle
[2026-10-09 13:18:44.447] [svulkan2] [error] OIDN Error: invalid handle
[2026-10-09 13:18:44.448] [svulkan2] [error] OIDN Error: invalid handle
[2026-10-09 13:18:44.448] [svulkan2] [error] OIDN Error: invalid handle
[2026-10-09 13:18:44.499] [svulkan2] [error] OIDN Error: invalid handle
[2026-10-09 13:18:44.499] [svulkan2] [error] OIDN Error: invalid handle
[2026-10-09 13:18:44.499] [svulkan2] [error] OIDN Error: invalid handle
[2026-10-09 13:18:44.499] [svulkan2] [error] OIDN Error: invalid handle
[2026-10-09 13:18:44.550] [svulkan2] [error] OIDN Error: invalid handle
[2026-10-09 13:18:44.550] [svulkan2] [error] OIDN Error: invalid handle
[2026-10-09 13:18:44.550] [svulkan2] [error] OIDN Error: invalid handle
[2026-10-09 13:18:44.550] [svulkan2] [error] OIDN Error: invalid handle
[2026-10-09 13:18:44.601] [svulkan2] [error] OIDN Error: invalid handle
[2026-10-09 13:18:44.601] [svulkan2] [error] OIDN Error: invalid handle
[2026-10-09 13:18:44.601] [svulkan2] [error] OIDN Error: invalid handle
[2026-10-09 13:18:44.601] [svulkan2] [error] OIDN Error: invalid handle
[2026-10-09 13:18:44.651] [svulkan2] [error] OIDN Error: invalid handle
[2026-10-09 13:18:44.651] [svulkan2] [error] OIDN Error: invalid handle
[2026-10-09 13:18:44.651] [svulkan2] [error] OIDN Error: invalid handle
[2026-10-09 13:18:44.651] [svulkan2] [error] OIDN Error: invalid handle
[2026-10-09 13:18:44.701] [svulkan2] [error] OIDN Error: invalid handle
[2026-10-09 13:18:44.701] [svulkan2] [error] OIDN Error: invalid handle
[2026-10-09 13:18:44.701] [svulkan2] [error] OIDN Error: invalid handle
[2026-10-09 13:18:44.701] [svulkan2] [error] OIDN Error: invalid handle
[2026-10-09 13:18:44.751] [svulkan2] [error] OIDN Error: invalid handle
[2026-10-09 13:18:44.751] [svulkan2] [error] OIDN Error: invalid handle
[2026-10-09 13:18:44.751] [svulkan2] [error] OIDN Error: invalid handle
[2026-10-09 13:18:44.751] [svulkan2] [error] OIDN Error: invalid handle
[2026-10-09 13:18:44.800] [svulkan2] [error] OIDN Error: invalid handle
[2026-10-09 13:18:44.800] [svulkan2] [error] OIDN Error: invalid handle
[2026-10-09 13:18:44.800] [svulkan2] [error] OIDN Error: invalid handle
[2026-10-09 13:18:44.800] [svulkan2] [error] OIDN Error: invalid handle
[2026-10-09 13:18:44.849] [svulkan2] [error] OIDN Error: invalid handle
[2026-10-09 13:18:44.849] [svulkan2] [error] OIDN Error: invalid handle
[2026-10-09 13:18:44.849] [svulkan2] [error] OIDN Error: invalid handle
[2026-10-09 13:18:44.849] [svulkan2] [error] OIDN Error: invalid handle
[2026-10-09 13:18:44.898] [svulkan2] [error] OIDN Error: invalid handle
[2026-10-09 13:18:44.898] [svulkan2] [error] OIDN Error: invalid handle
[2026-10-09 13:18:44.898] [svulkan2] [error] OIDN Error: invalid handle
[2026-10-09 13:18:44.898] [svulkan2] [error] OIDN Error: invalid handle
[2026-10-09 13:18:44.947] [svulkan2] [error] OIDN Error: invalid handle
[2026-10-09 13:18:44.947] [svulkan2] [error] OIDN Error: invalid handle
[2026-10-09 13:18:44.947] [svulkan2] [error] OIDN Error: invalid handle
[2026-10-09 13:18:44.947] [svulkan2] [error] OIDN Error: invalid handle
[2026-10-09 13:18:44.996] [svulkan2] [error] OIDN Error: invalid handle
[2026-10-09 13:18:44.996] [svulkan2] [error] OIDN Error: invalid handle
[2026-10-09 13:18:44.996] [svulkan2] [error] OIDN Error: invalid handle
[2026-10-09 13:18:44.996] [svulkan2] [error] OIDN Error: invalid handle
[2026-10-09 13:18:45.044] [svulkan2] [error] OIDN Error: invalid handle
[2026-10-09 13:18:45.044] [svulkan2] [error] OIDN Error: invalid handle
[2026-10-09 13:18:45.044] [svulkan2] [error] OIDN Error: invalid handle
[2026-10-09 13:18:45.044] [svulkan2] [error] OIDN Error: invalid handle
[2026-10-09 13:18:45.091] [svulkan2] [error] OIDN Error: invalid handle
[2026-10-09 13:18:45.092] [svulkan2] [error] OIDN Error: invalid handle
[2026-10-09 13:18:45.092] [svulkan2] [error] OIDN Error: invalid handle
[2026-10-09 13:18:45.092] [svulkan2] [error] OIDN Error: invalid handle
[2026-10-09 13:18:45.142] [svulkan2] [error] OIDN Error: invalid handle
[2026-10-09 13:18:45.142] [svulkan2] [error] OIDN Error: invalid handle
[2026-10-09 13:18:45.142] [svulkan2] [error] OIDN Error: invalid handle
[2026-10-09 13:18:45.143] [svulkan2] [error] OIDN Error: invalid handle
[2026-10-09 13:18:45.191] [svulkan2] [error] OIDN Error: invalid handle
[2026-10-09 13:18:45.191] [svulkan2] [error] OIDN Error: invalid handle
[2026-10-09 13:18:45.191] [svulkan2] [error] OIDN Error: invalid handle
[2026-10-09 13:18:45.191] [svulkan2] [error] OIDN Error: invalid handle
[2026-10-09 13:18:45.240] [svulkan2] [error] OIDN Error: invalid handle
[2026-10-09 13:18:45.240] [svulkan2] [error] OIDN Error: invalid handle
[2026-10-09 13:18:45.240] [svulkan2] [error] OIDN Error: invalid handle
[2026-10-09 13:18:45.240] [svulkan2] [error] OIDN Error: invalid handle
[2026-10-09 13:18:45.288] [svulkan2] [error] OIDN Error: invalid handle
[2026-10-09 13:18:45.288] [svulkan2] [error] OIDN Error: invalid handle
[2026-10-09 13:18:45.288] [svulkan2] [error] OIDN Error: invalid handle
[2026-10-09 13:18:45.288] [svulkan2] [error] OIDN Error: invalid handle
[2026-10-09 13:18:45.337] [svulkan2] [error] OIDN Error: invalid handle
[2026-10-09 13:18:45.337] [svulkan2] [error] OIDN Error: invalid handle
[2026-10-09 13:18:45.337] [svulkan2] [error] OIDN Error: invalid handle
[2026-10-09 13:18:45.337] [svulkan2] [error] OIDN Error: invalid handle
[2026-10-09 13:18:45.385] [svulkan2] [error] OIDN Error: invalid handle
[2026-10-09 13:18:45.385] [svulkan2] [error] OIDN Error: invalid handle
[2026-10-09 13:18:45.386] [svulkan2] [error] OIDN Error: invalid handle
[2026-10-09 13:18:45.386] [svulkan2] [error] OIDN Error: invalid handle
[2026-10-09 13:18:45.433] [svulkan2] [error] OIDN Error: invalid handle
[2026-10-09 13:18:45.434] [svulkan2] [error] OIDN Error: invalid handle
[2026-10-09 13:18:45.434] [svulkan2] [error] OIDN Error: invalid handle
[2026-10-09 13:18:45.434] [svulkan2] [error] OIDN Error: invalid handle
[2026-10-09 13:18:45.481] [svulkan2] [error] OIDN Error: invalid handle
[2026-10-09 13:18:45.481] [svulkan2] [error] OIDN Error: invalid handle
[2026-10-09 13:18:45.481] [svulkan2] [error] OIDN Error: invalid handle
[2026-10-09 13:18:45.481] [svulkan2] [error] OIDN Error: invalid handle
[2026-10-09 13:18:45.529] [svulkan2] [error] OIDN Error: invalid handle
[2026-10-09 13:18:45.529] [svulkan2] [error] OIDN Error: invalid handle
[2026-10-09 13:18:45.529] [svulkan2] [error] OIDN Error: invalid handle
[2026-10-09 13:18:45.529] [svulkan2] [error] OIDN Error: invalid handle
[2026-10-09 13:18:45.578] [svulkan2] [error] OIDN Error: invalid handle
[2026-10-09 13:18:45.578] [svulkan2] [error] OIDN Error: invalid handle
[2026-10-09 13:18:45.578] [svulkan2] [error] OIDN Error: invalid handle
[2026-10-09 13:18:45.578] [svulkan2] [error] OIDN Error: invalid handle
[2026-10-09 13:18:45.626] [svulkan2] [error] OIDN Error: invalid handle
[2026-10-09 13:18:45.626] [svulkan2] [error] OIDN Error: invalid handle
[2026-10-09 13:18:45.626] [svulkan2] [error] OIDN Error: invalid handle
[2026-10-09 13:18:45.626] [svulkan2] [error] OIDN Error: invalid handle
[2026-10-09 13:18:45.673] [svulkan2] [error] OIDN Error: invalid handle
[2026-10-09 13:18:45.673] [svulkan2] [error] OIDN Error: invalid handle
[2026-10-09 13:18:45.673] [svulkan2] [error] OIDN Error: invalid handle
[2026-10-09 13:18:45.674] [svulkan2] [error] OIDN Error: invalid handle
[2026-10-09 13:18:45.721] [svulkan2] [error] OIDN Error: invalid handle
[2026-10-09 13:18:45.721] [svulkan2] [error] OIDN Error: invalid handle
[2026-10-09 13:18:45.721] [svulkan2] [error] OIDN Error: invalid handle
[2026-10-09 13:18:45.721] [svulkan2] [error] OIDN Error: invalid handle
[2026-10-09 13:18:45.769] [svulkan2] [error] OIDN Error: invalid handle
[2026-10-09 13:18:45.769] [svulkan2] [error] OIDN Error: invalid handle
[2026-10-09 13:18:45.769] [svulkan2] [error] OIDN Error: invalid handle
[2026-10-09 13:18:45.769] [svulkan2] [error] OIDN Error: invalid handle
[2026-10-09 13:18:45.817] [svulkan2] [error] OIDN Error: invalid handle
[2026-10-09 13:18:45.817] [svulkan2] [error] OIDN Error: invalid handle
[2026-10-09 13:18:45.817] [svulkan2] [error] OIDN Error: invalid handle
[2026-10-09 13:18:45.817] [svulkan2] [error] OIDN Error: invalid handle
[2026-10-09 13:18:45.864] [svulkan2] [error] OIDN Error: invalid handle
[2026-10-09 13:18:45.864] [svulkan2] [error] OIDN Error: invalid handle
[2026-10-09 13:18:45.864] [svulkan2] [error] OIDN Error: invalid handle
[2026-10-09 13:18:45.864] [svulkan2] [error] OIDN Error: invalid handle
[2026-10-09 13:18:45.911] [svulkan2] [error] OIDN Error: invalid handle
[2026-10-09 13:18:45.912] [svulkan2] [error] OIDN Error: invalid handle
[2026-10-09 13:18:45.912] [svulkan2] [error] OIDN Error: invalid handle
[2026-10-09 13:18:45.912] [svulkan2] [error] OIDN Error: invalid handle
[2026-10-09 13:18:45.959] [svulkan2] [error] OIDN Error: invalid handle
[2026-10-09 13:18:45.959] [svulkan2] [error] OIDN Error: invalid handle
[2026-10-09 13:18:45.960] [svulkan2] [error] OIDN Error: invalid handle
[2026-10-09 13:18:45.960] [svulkan2] [error] OIDN Error: invalid handle
[2026-10-09 13:18:46.007] [svulkan2] [error] OIDN Error: invalid handle
[2026-10-09 13:18:46.007] [svulkan2] [error] OIDN Error: invalid handle
[2026-10-09 13:18:46.007] [svulkan2] [error] OIDN Error: invalid handle
[2026-10-09 13:18:46.007] [svulkan2] [error] OIDN Error: invalid handle
[2026-10-09 13:18:46.054] [svulkan2] [error] OIDN Error: invalid handle
[2026-10-09 13:18:46.054] [svulkan2] [error] OIDN Error: invalid handle
[2026-10-09 13:18:46.055] [svulkan2] [error] OIDN Error: invalid handle
[2026-10-09 13:18:46.055] [svulkan2] [error] OIDN Error: invalid handle
[2026-10-09 13:18:46.099] [svulkan2] [error] OIDN Error: invalid handle
[2026-10-09 13:18:46.100] [svulkan2] [error] OIDN Error: invalid handle
[2026-10-09 13:18:46.100] [svulkan2] [error] OIDN Error: invalid handle
[2026-10-09 13:18:46.100] [svulkan2] [error] OIDN Error: invalid handle
step: [92m8 / 400[0m{"attempt": 3, "decision": 7, "id": 27, "motions": 8, "left": "pos [-0.252, 0.0, 1.025] quat [0.5, -0.5, 0.5, 0.5] grip 0.00", "right": "hold grip 1.00", "planner": {"left": "Success", "right": "hold"}, "success": false, "calls_total": 27, "latency_s": 13.97}
[2026-10-09 13:19:13.522] [svulkan2] [error] OIDN Error: invalid handle
[2026-10-09 13:19:13.523] [svulkan2] [error] OIDN Error: invalid handle
[2026-10-09 13:19:13.523] [svulkan2] [error] OIDN Error: invalid handle
[2026-10-09 13:19:13.523] [svulkan2] [error] OIDN Error: invalid handle
[2026-10-09 13:19:13.570] [svulkan2] [error] OIDN Error: invalid handle
[2026-10-09 13:19:13.570] [svulkan2] [error] OIDN Error: invalid handle
[2026-10-09 13:19:13.570] [svulkan2] [error] OIDN Error: invalid handle
[2026-10-09 13:19:13.570] [svulkan2] [error] OIDN Error: invalid handle
[2026-10-09 13:19:13.618] [svulkan2] [error] OIDN Error: invalid handle
[2026-10-09 13:19:13.618] [svulkan2] [error] OIDN Error: invalid handle
[2026-10-09 13:19:13.618] [svulkan2] [error] OIDN Error: invalid handle
[2026-10-09 13:19:13.618] [svulkan2] [error] OIDN Error: invalid handle
[2026-10-09 13:19:13.665] [svulkan2] [error] OIDN Error: invalid handle
[2026-10-09 13:19:13.665] [svulkan2] [error] OIDN Error: invalid handle
[2026-10-09 13:19:13.665] [svulkan2] [error] OIDN Error: invalid handle
[2026-10-09 13:19:13.665] [svulkan2] [error] OIDN Error: invalid handle
[2026-10-09 13:19:13.713] [svulkan2] [error] OIDN Error: invalid handle
[2026-10-09 13:19:13.713] [svulkan2] [error] OIDN Error: invalid handle
[2026-10-09 13:19:13.713] [svulkan2] [error] OIDN Error: invalid handle
[2026-10-09 13:19:13.713] [svulkan2] [error] OIDN Error: invalid handle
[2026-10-09 13:19:13.760] [svulkan2] [error] OIDN Error: invalid handle
[2026-10-09 13:19:13.760] [svulkan2] [error] OIDN Error: invalid handle
[2026-10-09 13:19:13.760] [svulkan2] [error] OIDN Error: invalid handle
[2026-10-09 13:19:13.760] [svulkan2] [error] OIDN Error: invalid handle
[2026-10-09 13:19:13.807] [svulkan2] [error] OIDN Error: invalid handle
[2026-10-09 13:19:13.807] [svulkan2] [error] OIDN Error: invalid handle
[2026-10-09 13:19:13.808] [svulkan2] [error] OIDN Error: invalid handle
[2026-10-09 13:19:13.808] [svulkan2] [error] OIDN Error: invalid handle
[2026-10-09 13:19:13.854] [svulkan2] [error] OIDN Error: invalid handle
[2026-10-09 13:19:13.854] [svulkan2] [error] OIDN Error: invalid handle
[2026-10-09 13:19:13.854] [svulkan2] [error] OIDN Error: invalid handle
[2026-10-09 13:19:13.854] [svulkan2] [error] OIDN Error: invalid handle
[2026-10-09 13:19:13.901] [svulkan2] [error] OIDN Error: invalid handle
[2026-10-09 13:19:13.901] [svulkan2] [error] OIDN Error: invalid handle
[2026-10-09 13:19:13.901] [svulkan2] [error] OIDN Error: invalid handle
[2026-10-09 13:19:13.902] [svulkan2] [error] OIDN Error: invalid handle
[2026-10-09 13:19:13.948] [svulkan2] [error] OIDN Error: invalid handle
[2026-10-09 13:19:13.948] [svulkan2] [error] OIDN Error: invalid handle
[2026-10-09 13:19:13.949] [svulkan2] [error] OIDN Error: invalid handle
[2026-10-09 13:19:13.949] [svulkan2] [error] OIDN Error: invalid handle
[2026-10-09 13:19:13.996] [svulkan2] [error] OIDN Error: invalid handle
[2026-10-09 13:19:13.996] [svulkan2] [error] OIDN Error: invalid handle
[2026-10-09 13:19:13.996] [svulkan2] [error] OIDN Error: invalid handle
[2026-10-09 13:19:13.996] [svulkan2] [error] OIDN Error: invalid handle
[2026-10-09 13:19:14.043] [svulkan2] [error] OIDN Error: invalid handle
[2026-10-09 13:19:14.043] [svulkan2] [error] OIDN Error: invalid handle
[2026-10-09 13:19:14.043] [svulkan2] [error] OIDN Error: invalid handle
[2026-10-09 13:19:14.043] [svulkan2] [error] OIDN Error: invalid handle
[2026-10-09 13:19:14.090] [svulkan2] [error] OIDN Error: invalid handle
[2026-10-09 13:19:14.090] [svulkan2] [error] OIDN Error: invalid handle
[2026-10-09 13:19:14.090] [svulkan2] [error] OIDN Error: invalid handle
[2026-10-09 13:19:14.090] [svulkan2] [error] OIDN Error: invalid handle
[2026-10-09 13:19:14.137] [svulkan2] [error] OIDN Error: invalid handle
[2026-10-09 13:19:14.138] [svulkan2] [error] OIDN Error: invalid handle
[2026-10-09 13:19:14.138] [svulkan2] [error] OIDN Error: invalid handle
[2026-10-09 13:19:14.138] [svulkan2] [error] OIDN Error: invalid handle
[2026-10-09 13:19:14.185] [svulkan2] [error] OIDN Error: invalid handle
[2026-10-09 13:19:14.185] [svulkan2] [error] OIDN Error: invalid handle
[2026-10-09 13:19:14.185] [svulkan2] [error] OIDN Error: invalid handle
[2026-10-09 13:19:14.185] [svulkan2] [error] OIDN Error: invalid handle
[2026-10-09 13:19:14.232] [svulkan2] [error] OIDN Error: invalid handle
[2026-10-09 13:19:14.233] [svulkan2] [error] OIDN Error: invalid handle
[2026-10-09 13:19:14.233] [svulkan2] [error] OIDN Error: invalid handle
[2026-10-09 13:19:14.233] [svulkan2] [error] OIDN Error: invalid handle
[2026-10-09 13:19:14.280] [svulkan2] [error] OIDN Error: invalid handle
[2026-10-09 13:19:14.280] [svulkan2] [error] OIDN Error: invalid handle
[2026-10-09 13:19:14.280] [svulkan2] [error] OIDN Error: invalid handle
[2026-10-09 13:19:14.280] [svulkan2] [error] OIDN Error: invalid handle
[2026-10-09 13:19:14.327] [svulkan2] [error] OIDN Error: invalid handle
[2026-10-09 13:19:14.327] [svulkan2] [error] OIDN Error: invalid handle
[2026-10-09 13:19:14.327] [svulkan2] [error] OIDN Error: invalid handle
[2026-10-09 13:19:14.327] [svulkan2] [error] OIDN Error: invalid handle
[2026-10-09 13:19:14.374] [svulkan2] [error] OIDN Error: invalid handle
[2026-10-09 13:19:14.374] [svulkan2] [error] OIDN Error: invalid handle
[2026-10-09 13:19:14.374] [svulkan2] [error] OIDN Error: invalid handle
[2026-10-09 13:19:14.374] [svulkan2] [error] OIDN Error: invalid handle
[2026-10-09 13:19:14.420] [svulkan2] [error] OIDN Error: invalid handle
[2026-10-09 13:19:14.420] [svulkan2] [error] OIDN Error: invalid handle
[2026-10-09 13:19:14.420] [svulkan2] [error] OIDN Error: invalid handle
[2026-10-09 13:19:14.421] [svulkan2] [error] OIDN Error: invalid handle
[2026-10-09 13:19:14.467] [svulkan2] [error] OIDN Error: invalid handle
[2026-10-09 13:19:14.467] [svulkan2] [error] OIDN Error: invalid handle
[2026-10-09 13:19:14.467] [svulkan2] [error] OIDN Error: invalid handle
[2026-10-09 13:19:14.467] [svulkan2] [error] OIDN Error: invalid handle
[2026-10-09 13:19:14.515] [svulkan2] [error] OIDN Error: invalid handle
[2026-10-09 13:19:14.515] [svulkan2] [error] OIDN Error: invalid handle
[2026-10-09 13:19:14.515] [svulkan2] [error] OIDN Error: invalid handle
[2026-10-09 13:19:14.515] [svulkan2] [error] OIDN Error: invalid handle
[2026-10-09 13:19:14.562] [svulkan2] [error] OIDN Error: invalid handle
[2026-10-09 13:19:14.562] [svulkan2] [error] OIDN Error: invalid handle
[2026-10-09 13:19:14.562] [svulkan2] [error] OIDN Error: invalid handle
[2026-10-09 13:19:14.562] [svulkan2] [error] OIDN Error: invalid handle
[2026-10-09 13:19:14.609] [svulkan2] [error] OIDN Error: invalid handle
[2026-10-09 13:19:14.609] [svulkan2] [error] OIDN Error: invalid handle
[2026-10-09 13:19:14.609] [svulkan2] [error] OIDN Error: invalid handle
[2026-10-09 13:19:14.609] [svulkan2] [error] OIDN Error: invalid handle
[2026-10-09 13:19:14.656] [svulkan2] [error] OIDN Error: invalid handle
[2026-10-09 13:19:14.656] [svulkan2] [error] OIDN Error: invalid handle
[2026-10-09 13:19:14.656] [svulkan2] [error] OIDN Error: invalid handle
[2026-10-09 13:19:14.656] [svulkan2] [error] OIDN Error: invalid handle
[2026-10-09 13:19:14.704] [svulkan2] [error] OIDN Error: invalid handle
[2026-10-09 13:19:14.704] [svulkan2] [error] OIDN Error: invalid handle
[2026-10-09 13:19:14.704] [svulkan2] [error] OIDN Error: invalid handle
[2026-10-09 13:19:14.704] [svulkan2] [error] OIDN Error: invalid handle
[2026-10-09 13:19:14.752] [svulkan2] [error] OIDN Error: invalid handle
[2026-10-09 13:19:14.753] [svulkan2] [error] OIDN Error: invalid handle
[2026-10-09 13:19:14.753] [svulkan2] [error] OIDN Error: invalid handle
[2026-10-09 13:19:14.753] [svulkan2] [error] OIDN Error: invalid handle
[2026-10-09 13:19:14.800] [svulkan2] [error] OIDN Error: invalid handle
[2026-10-09 13:19:14.800] [svulkan2] [error] OIDN Error: invalid handle
[2026-10-09 13:19:14.800] [svulkan2] [error] OIDN Error: invalid handle
[2026-10-09 13:19:14.800] [svulkan2] [error] OIDN Error: invalid handle
[2026-10-09 13:19:14.848] [svulkan2] [error] OIDN Error: invalid handle
[2026-10-09 13:19:14.848] [svulkan2] [error] OIDN Error: invalid handle
[2026-10-09 13:19:14.848] [svulkan2] [error] OIDN Error: invalid handle
[2026-10-09 13:19:14.848] [svulkan2] [error] OIDN Error: invalid handle
[2026-10-09 13:19:14.897] [svulkan2] [error] OIDN Error: invalid handle
[2026-10-09 13:19:14.897] [svulkan2] [error] OIDN Error: invalid handle
[2026-10-09 13:19:14.897] [svulkan2] [error] OIDN Error: invalid handle
[2026-10-09 13:19:14.897] [svulkan2] [error] OIDN Error: invalid handle
[2026-10-09 13:19:14.944] [svulkan2] [error] OIDN Error: invalid handle
[2026-10-09 13:19:14.944] [svulkan2] [error] OIDN Error: invalid handle
[2026-10-09 13:19:14.944] [svulkan2] [error] OIDN Error: invalid handle
[2026-10-09 13:19:14.944] [svulkan2] [error] OIDN Error: invalid handle
[2026-10-09 13:19:14.992] [svulkan2] [error] OIDN Error: invalid handle
[2026-10-09 13:19:14.992] [svulkan2] [error] OIDN Error: invalid handle
[2026-10-09 13:19:14.992] [svulkan2] [error] OIDN Error: invalid handle
[2026-10-09 13:19:14.992] [svulkan2] [error] OIDN Error: invalid handle
step: [92m9 / 400[0m{"attempt": 3, "decision": 8, "id": 28, "motions": 9, "left": "pos [-0.205, 0.015, 0.96] quat [0.5, -0.5, 0.5, 0.5] grip 1.00", "right": "hold grip 1.00", "planner": {"left": "Success", "right": "hold"}, "success": false, "calls_total": 28, "latency_s": 26.81}
[2026-10-09 13:19:36.348] [svulkan2] [error] OIDN Error: invalid handle
[2026-10-09 13:19:36.348] [svulkan2] [error] OIDN Error: invalid handle
[2026-10-09 13:19:36.348] [svulkan2] [error] OIDN Error: invalid handle
[2026-10-09 13:19:36.348] [svulkan2] [error] OIDN Error: invalid handle
[2026-10-09 13:19:36.396] [svulkan2] [error] OIDN Error: invalid handle
[2026-10-09 13:19:36.396] [svulkan2] [error] OIDN Error: invalid handle
[2026-10-09 13:19:36.396] [svulkan2] [error] OIDN Error: invalid handle
[2026-10-09 13:19:36.396] [svulkan2] [error] OIDN Error: invalid handle
[2026-10-09 13:19:36.443] [svulkan2] [error] OIDN Error: invalid handle
[2026-10-09 13:19:36.443] [svulkan2] [error] OIDN Error: invalid handle
[2026-10-09 13:19:36.443] [svulkan2] [error] OIDN Error: invalid handle
[2026-10-09 13:19:36.443] [svulkan2] [error] OIDN Error: invalid handle
[2026-10-09 13:19:36.491] [svulkan2] [error] OIDN Error: invalid handle
[2026-10-09 13:19:36.491] [svulkan2] [error] OIDN Error: invalid handle
[2026-10-09 13:19:36.491] [svulkan2] [error] OIDN Error: invalid handle
[2026-10-09 13:19:36.491] [svulkan2] [error] OIDN Error: invalid handle
[2026-10-09 13:19:36.539] [svulkan2] [error] OIDN Error: invalid handle
[2026-10-09 13:19:36.539] [svulkan2] [error] OIDN Error: invalid handle
[2026-10-09 13:19:36.539] [svulkan2] [error] OIDN Error: invalid handle
[2026-10-09 13:19:36.539] [svulkan2] [error] OIDN Error: invalid handle
[2026-10-09 13:19:36.586] [svulkan2] [error] OIDN Error: invalid handle
[2026-10-09 13:19:36.586] [svulkan2] [error] OIDN Error: invalid handle
[2026-10-09 13:19:36.586] [svulkan2] [error] OIDN Error: invalid handle
[2026-10-09 13:19:36.586] [svulkan2] [error] OIDN Error: invalid handle
[2026-10-09 13:19:36.634] [svulkan2] [error] OIDN Error: invalid handle
[2026-10-09 13:19:36.634] [svulkan2] [error] OIDN Error: invalid handle
[2026-10-09 13:19:36.634] [svulkan2] [error] OIDN Error: invalid handle
[2026-10-09 13:19:36.634] [svulkan2] [error] OIDN Error: invalid handle
[2026-10-09 13:19:36.681] [svulkan2] [error] OIDN Error: invalid handle
[2026-10-09 13:19:36.681] [svulkan2] [error] OIDN Error: invalid handle
[2026-10-09 13:19:36.681] [svulkan2] [error] OIDN Error: invalid handle
[2026-10-09 13:19:36.681] [svulkan2] [error] OIDN Error: invalid handle
[2026-10-09 13:19:36.728] [svulkan2] [error] OIDN Error: invalid handle
[2026-10-09 13:19:36.728] [svulkan2] [error] OIDN Error: invalid handle
[2026-10-09 13:19:36.728] [svulkan2] [error] OIDN Error: invalid handle
[2026-10-09 13:19:36.728] [svulkan2] [error] OIDN Error: invalid handle
[2026-10-09 13:19:36.777] [svulkan2] [error] OIDN Error: invalid handle
[2026-10-09 13:19:36.777] [svulkan2] [error] OIDN Error: invalid handle
[2026-10-09 13:19:36.777] [svulkan2] [error] OIDN Error: invalid handle
[2026-10-09 13:19:36.777] [svulkan2] [error] OIDN Error: invalid handle
[2026-10-09 13:19:36.825] [svulkan2] [error] OIDN Error: invalid handle
[2026-10-09 13:19:36.825] [svulkan2] [error] OIDN Error: invalid handle
[2026-10-09 13:19:36.825] [svulkan2] [error] OIDN Error: invalid handle
[2026-10-09 13:19:36.825] [svulkan2] [error] OIDN Error: invalid handle
[2026-10-09 13:19:36.872] [svulkan2] [error] OIDN Error: invalid handle
[2026-10-09 13:19:36.872] [svulkan2] [error] OIDN Error: invalid handle
[2026-10-09 13:19:36.872] [svulkan2] [error] OIDN Error: invalid handle
[2026-10-09 13:19:36.872] [svulkan2] [error] OIDN Error: invalid handle
[2026-10-09 13:19:36.920] [svulkan2] [error] OIDN Error: invalid handle
[2026-10-09 13:19:36.920] [svulkan2] [error] OIDN Error: invalid handle
[2026-10-09 13:19:36.920] [svulkan2] [error] OIDN Error: invalid handle
[2026-10-09 13:19:36.920] [svulkan2] [error] OIDN Error: invalid handle
[2026-10-09 13:19:36.968] [svulkan2] [error] OIDN Error: invalid handle
[2026-10-09 13:19:36.968] [svulkan2] [error] OIDN Error: invalid handle
[2026-10-09 13:19:36.968] [svulkan2] [error] OIDN Error: invalid handle
[2026-10-09 13:19:36.968] [svulkan2] [error] OIDN Error: invalid handle
[2026-10-09 13:19:37.017] [svulkan2] [error] OIDN Error: invalid handle
[2026-10-09 13:19:37.017] [svulkan2] [error] OIDN Error: invalid handle
[2026-10-09 13:19:37.017] [svulkan2] [error] OIDN Error: invalid handle
[2026-10-09 13:19:37.017] [svulkan2] [error] OIDN Error: invalid handle
[2026-10-09 13:19:37.066] [svulkan2] [error] OIDN Error: invalid handle
[2026-10-09 13:19:37.066] [svulkan2] [error] OIDN Error: invalid handle
[2026-10-09 13:19:37.066] [svulkan2] [error] OIDN Error: invalid handle
[2026-10-09 13:19:37.066] [svulkan2] [error] OIDN Error: invalid handle
[2026-10-09 13:19:37.116] [svulkan2] [error] OIDN Error: invalid handle
[2026-10-09 13:19:37.116] [svulkan2] [error] OIDN Error: invalid handle
[2026-10-09 13:19:37.116] [svulkan2] [error] OIDN Error: invalid handle
[2026-10-09 13:19:37.116] [svulkan2] [error] OIDN Error: invalid handle
[2026-10-09 13:19:37.165] [svulkan2] [error] OIDN Error: invalid handle
[2026-10-09 13:19:37.165] [svulkan2] [error] OIDN Error: invalid handle
[2026-10-09 13:19:37.165] [svulkan2] [error] OIDN Error: invalid handle
[2026-10-09 13:19:37.165] [svulkan2] [error] OIDN Error: invalid handle
[2026-10-09 13:19:37.215] [svulkan2] [error] OIDN Error: invalid handle
[2026-10-09 13:19:37.215] [svulkan2] [error] OIDN Error: invalid handle
[2026-10-09 13:19:37.215] [svulkan2] [error] OIDN Error: invalid handle
[2026-10-09 13:19:37.215] [svulkan2] [error] OIDN Error: invalid handle
[2026-10-09 13:19:37.264] [svulkan2] [error] OIDN Error: invalid handle
[2026-10-09 13:19:37.265] [svulkan2] [error] OIDN Error: invalid handle
[2026-10-09 13:19:37.265] [svulkan2] [error] OIDN Error: invalid handle
[2026-10-09 13:19:37.265] [svulkan2] [error] OIDN Error: invalid handle
[2026-10-09 13:19:37.313] [svulkan2] [error] OIDN Error: invalid handle
[2026-10-09 13:19:37.313] [svulkan2] [error] OIDN Error: invalid handle
[2026-10-09 13:19:37.313] [svulkan2] [error] OIDN Error: invalid handle
[2026-10-09 13:19:37.313] [svulkan2] [error] OIDN Error: invalid handle
[2026-10-09 13:19:37.363] [svulkan2] [error] OIDN Error: invalid handle
[2026-10-09 13:19:37.363] [svulkan2] [error] OIDN Error: invalid handle
[2026-10-09 13:19:37.363] [svulkan2] [error] OIDN Error: invalid handle
[2026-10-09 13:19:37.363] [svulkan2] [error] OIDN Error: invalid handle
[2026-10-09 13:19:37.413] [svulkan2] [error] OIDN Error: invalid handle
[2026-10-09 13:19:37.413] [svulkan2] [error] OIDN Error: invalid handle
[2026-10-09 13:19:37.413] [svulkan2] [error] OIDN Error: invalid handle
[2026-10-09 13:19:37.413] [svulkan2] [error] OIDN Error: invalid handle
[2026-10-09 13:19:37.463] [svulkan2] [error] OIDN Error: invalid handle
[2026-10-09 13:19:37.463] [svulkan2] [error] OIDN Error: invalid handle
[2026-10-09 13:19:37.463] [svulkan2] [error] OIDN Error: invalid handle
[2026-10-09 13:19:37.463] [svulkan2] [error] OIDN Error: invalid handle
[2026-10-09 13:19:37.513] [svulkan2] [error] OIDN Error: invalid handle
[2026-10-09 13:19:37.513] [svulkan2] [error] OIDN Error: invalid handle
[2026-10-09 13:19:37.513] [svulkan2] [error] OIDN Error: invalid handle
[2026-10-09 13:19:37.513] [svulkan2] [error] OIDN Error: invalid handle
[2026-10-09 13:19:37.564] [svulkan2] [error] OIDN Error: invalid handle
[2026-10-09 13:19:37.564] [svulkan2] [error] OIDN Error: invalid handle
[2026-10-09 13:19:37.564] [svulkan2] [error] OIDN Error: invalid handle
[2026-10-09 13:19:37.564] [svulkan2] [error] OIDN Error: invalid handle
[2026-10-09 13:19:37.613] [svulkan2] [error] OIDN Error: invalid handle
[2026-10-09 13:19:37.613] [svulkan2] [error] OIDN Error: invalid handle
[2026-10-09 13:19:37.613] [svulkan2] [error] OIDN Error: invalid handle
[2026-10-09 13:19:37.613] [svulkan2] [error] OIDN Error: invalid handle
[2026-10-09 13:19:37.663] [svulkan2] [error] OIDN Error: invalid handle
[2026-10-09 13:19:37.663] [svulkan2] [error] OIDN Error: invalid handle
[2026-10-09 13:19:37.663] [svulkan2] [error] OIDN Error: invalid handle
[2026-10-09 13:19:37.664] [svulkan2] [error] OIDN Error: invalid handle
[2026-10-09 13:19:37.714] [svulkan2] [error] OIDN Error: invalid handle
[2026-10-09 13:19:37.714] [svulkan2] [error] OIDN Error: invalid handle
[2026-10-09 13:19:37.714] [svulkan2] [error] OIDN Error: invalid handle
[2026-10-09 13:19:37.714] [svulkan2] [error] OIDN Error: invalid handle
[2026-10-09 13:19:37.763] [svulkan2] [error] OIDN Error: invalid handle
[2026-10-09 13:19:37.764] [svulkan2] [error] OIDN Error: invalid handle
[2026-10-09 13:19:37.764] [svulkan2] [error] OIDN Error: invalid handle
[2026-10-09 13:19:37.764] [svulkan2] [error] OIDN Error: invalid handle
step: [92m10 / 400[0m{"attempt": 3, "decision": 9, "id": 29, "motions": 10, "left": "pos [-0.207, 0.015, 0.895] quat [0.5, -0.5, 0.5, 0.5] grip 1.00", "right": "hold grip 1.00", "planner": {"left": "Success", "right": "hold"}, "success": false, "calls_total": 29, "latency_s": 20.75}
[2026-10-09 13:19:51.216] [svulkan2] [error] OIDN Error: invalid handle
[2026-10-09 13:19:51.216] [svulkan2] [error] OIDN Error: invalid handle
[2026-10-09 13:19:51.216] [svulkan2] [error] OIDN Error: invalid handle
[2026-10-09 13:19:51.216] [svulkan2] [error] OIDN Error: invalid handle
[2026-10-09 13:19:51.268] [svulkan2] [error] OIDN Error: invalid handle
[2026-10-09 13:19:51.268] [svulkan2] [error] OIDN Error: invalid handle
[2026-10-09 13:19:51.268] [svulkan2] [error] OIDN Error: invalid handle
[2026-10-09 13:19:51.269] [svulkan2] [error] OIDN Error: invalid handle
[2026-10-09 13:19:51.320] [svulkan2] [error] OIDN Error: invalid handle
[2026-10-09 13:19:51.320] [svulkan2] [error] OIDN Error: invalid handle
[2026-10-09 13:19:51.320] [svulkan2] [error] OIDN Error: invalid handle
[2026-10-09 13:19:51.320] [svulkan2] [error] OIDN Error: invalid handle
[2026-10-09 13:19:51.370] [svulkan2] [error] OIDN Error: invalid handle
[2026-10-09 13:19:51.370] [svulkan2] [error] OIDN Error: invalid handle
[2026-10-09 13:19:51.370] [svulkan2] [error] OIDN Error: invalid handle
[2026-10-09 13:19:51.370] [svulkan2] [error] OIDN Error: invalid handle
[2026-10-09 13:19:51.418] [svulkan2] [error] OIDN Error: invalid handle
[2026-10-09 13:19:51.419] [svulkan2] [error] OIDN Error: invalid handle
[2026-10-09 13:19:51.419] [svulkan2] [error] OIDN Error: invalid handle
[2026-10-09 13:19:51.419] [svulkan2] [error] OIDN Error: invalid handle
step: [92m11 / 400[0m{"attempt": 3, "decision": 10, "id": 30, "motions": 11, "left": "hold grip 0.00", "right": "hold grip 1.00", "planner": {"left": "hold", "right": "hold"}, "success": false, "calls_total": 30, "latency_s": 12.9}
[2026-10-09 13:20:11.540] [svulkan2] [error] OIDN Error: invalid handle
[2026-10-09 13:20:11.540] [svulkan2] [error] OIDN Error: invalid handle
[2026-10-09 13:20:11.540] [svulkan2] [error] OIDN Error: invalid handle
[2026-10-09 13:20:11.540] [svulkan2] [error] OIDN Error: invalid handle
[2026-10-09 13:20:11.592] [svulkan2] [error] OIDN Error: invalid handle
[2026-10-09 13:20:11.592] [svulkan2] [error] OIDN Error: invalid handle
[2026-10-09 13:20:11.592] [svulkan2] [error] OIDN Error: invalid handle
[2026-10-09 13:20:11.592] [svulkan2] [error] OIDN Error: invalid handle
[2026-10-09 13:20:11.644] [svulkan2] [error] OIDN Error: invalid handle
[2026-10-09 13:20:11.644] [svulkan2] [error] OIDN Error: invalid handle
[2026-10-09 13:20:11.644] [svulkan2] [error] OIDN Error: invalid handle
[2026-10-09 13:20:11.644] [svulkan2] [error] OIDN Error: invalid handle
[2026-10-09 13:20:11.697] [svulkan2] [error] OIDN Error: invalid handle
[2026-10-09 13:20:11.697] [svulkan2] [error] OIDN Error: invalid handle
[2026-10-09 13:20:11.697] [svulkan2] [error] OIDN Error: invalid handle
[2026-10-09 13:20:11.697] [svulkan2] [error] OIDN Error: invalid handle
[2026-10-09 13:20:11.746] [svulkan2] [error] OIDN Error: invalid handle
[2026-10-09 13:20:11.746] [svulkan2] [error] OIDN Error: invalid handle
[2026-10-09 13:20:11.746] [svulkan2] [error] OIDN Error: invalid handle
[2026-10-09 13:20:11.746] [svulkan2] [error] OIDN Error: invalid handle
step: [92m12 / 400[0m{"attempt": 3, "decision": 11, "id": 31, "motions": 12, "left": "hold grip 0.00", "right": "hold grip 1.00", "planner": {"left": "hold", "right": "hold"}, "success": false, "calls_total": 31, "latency_s": 19.57}
[2026-10-09 13:20:27.459] [svulkan2] [error] OIDN Error: invalid handle
[2026-10-09 13:20:27.459] [svulkan2] [error] OIDN Error: invalid handle
[2026-10-09 13:20:27.460] [svulkan2] [error] OIDN Error: invalid handle
[2026-10-09 13:20:27.460] [svulkan2] [error] OIDN Error: invalid handle
[2026-10-09 13:20:27.511] [svulkan2] [error] OIDN Error: invalid handle
[2026-10-09 13:20:27.511] [svulkan2] [error] OIDN Error: invalid handle
[2026-10-09 13:20:27.511] [svulkan2] [error] OIDN Error: invalid handle
[2026-10-09 13:20:27.511] [svulkan2] [error] OIDN Error: invalid handle
[2026-10-09 13:20:27.562] [svulkan2] [error] OIDN Error: invalid handle
[2026-10-09 13:20:27.563] [svulkan2] [error] OIDN Error: invalid handle
[2026-10-09 13:20:27.563] [svulkan2] [error] OIDN Error: invalid handle
[2026-10-09 13:20:27.563] [svulkan2] [error] OIDN Error: invalid handle
[2026-10-09 13:20:27.614] [svulkan2] [error] OIDN Error: invalid handle
[2026-10-09 13:20:27.614] [svulkan2] [error] OIDN Error: invalid handle
[2026-10-09 13:20:27.614] [svulkan2] [error] OIDN Error: invalid handle
[2026-10-09 13:20:27.614] [svulkan2] [error] OIDN Error: invalid handle
[2026-10-09 13:20:27.666] [svulkan2] [error] OIDN Error: invalid handle
[2026-10-09 13:20:27.666] [svulkan2] [error] OIDN Error: invalid handle
[2026-10-09 13:20:27.666] [svulkan2] [error] OIDN Error: invalid handle
[2026-10-09 13:20:27.666] [svulkan2] [error] OIDN Error: invalid handle
[2026-10-09 13:20:27.719] [svulkan2] [error] OIDN Error: invalid handle
[2026-10-09 13:20:27.719] [svulkan2] [error] OIDN Error: invalid handle
[2026-10-09 13:20:27.719] [svulkan2] [error] OIDN Error: invalid handle
[2026-10-09 13:20:27.719] [svulkan2] [error] OIDN Error: invalid handle
[2026-10-09 13:20:27.769] [svulkan2] [error] OIDN Error: invalid handle
[2026-10-09 13:20:27.770] [svulkan2] [error] OIDN Error: invalid handle
[2026-10-09 13:20:27.770] [svulkan2] [error] OIDN Error: invalid handle
[2026-10-09 13:20:27.770] [svulkan2] [error] OIDN Error: invalid handle
[2026-10-09 13:20:27.823] [svulkan2] [error] OIDN Error: invalid handle
[2026-10-09 13:20:27.823] [svulkan2] [error] OIDN Error: invalid handle
[2026-10-09 13:20:27.823] [svulkan2] [error] OIDN Error: invalid handle
[2026-10-09 13:20:27.823] [svulkan2] [error] OIDN Error: invalid handle
[2026-10-09 13:20:27.876] [svulkan2] [error] OIDN Error: invalid handle
[2026-10-09 13:20:27.876] [svulkan2] [error] OIDN Error: invalid handle
[2026-10-09 13:20:27.876] [svulkan2] [error] OIDN Error: invalid handle
[2026-10-09 13:20:27.876] [svulkan2] [error] OIDN Error: invalid handle
[2026-10-09 13:20:27.929] [svulkan2] [error] OIDN Error: invalid handle
[2026-10-09 13:20:27.929] [svulkan2] [error] OIDN Error: invalid handle
[2026-10-09 13:20:27.929] [svulkan2] [error] OIDN Error: invalid handle
[2026-10-09 13:20:27.929] [svulkan2] [error] OIDN Error: invalid handle
[2026-10-09 13:20:27.982] [svulkan2] [error] OIDN Error: invalid handle
[2026-10-09 13:20:27.982] [svulkan2] [error] OIDN Error: invalid handle
[2026-10-09 13:20:27.982] [svulkan2] [error] OIDN Error: invalid handle
[2026-10-09 13:20:27.982] [svulkan2] [error] OIDN Error: invalid handle
[2026-10-09 13:20:28.034] [svulkan2] [error] OIDN Error: invalid handle
[2026-10-09 13:20:28.034] [svulkan2] [error] OIDN Error: invalid handle
[2026-10-09 13:20:28.034] [svulkan2] [error] OIDN Error: invalid handle
[2026-10-09 13:20:28.034] [svulkan2] [error] OIDN Error: invalid handle
[2026-10-09 13:20:28.086] [svulkan2] [error] OIDN Error: invalid handle
[2026-10-09 13:20:28.086] [svulkan2] [error] OIDN Error: invalid handle
[2026-10-09 13:20:28.086] [svulkan2] [error] OIDN Error: invalid handle
[2026-10-09 13:20:28.087] [svulkan2] [error] OIDN Error: invalid handle
[2026-10-09 13:20:28.137] [svulkan2] [error] OIDN Error: invalid handle
[2026-10-09 13:20:28.137] [svulkan2] [error] OIDN Error: invalid handle
[2026-10-09 13:20:28.137] [svulkan2] [error] OIDN Error: invalid handle
[2026-10-09 13:20:28.137] [svulkan2] [error] OIDN Error: invalid handle
[2026-10-09 13:20:28.187] [svulkan2] [error] OIDN Error: invalid handle
[2026-10-09 13:20:28.188] [svulkan2] [error] OIDN Error: invalid handle
[2026-10-09 13:20:28.188] [svulkan2] [error] OIDN Error: invalid handle
[2026-10-09 13:20:28.189] [svulkan2] [error] OIDN Error: invalid handle
[2026-10-09 13:20:28.239] [svulkan2] [error] OIDN Error: invalid handle
[2026-10-09 13:20:28.239] [svulkan2] [error] OIDN Error: invalid handle
[2026-10-09 13:20:28.239] [svulkan2] [error] OIDN Error: invalid handle
[2026-10-09 13:20:28.240] [svulkan2] [error] OIDN Error: invalid handle
[2026-10-09 13:20:28.290] [svulkan2] [error] OIDN Error: invalid handle
[2026-10-09 13:20:28.290] [svulkan2] [error] OIDN Error: invalid handle
[2026-10-09 13:20:28.290] [svulkan2] [error] OIDN Error: invalid handle
[2026-10-09 13:20:28.290] [svulkan2] [error] OIDN Error: invalid handle
[2026-10-09 13:20:28.342] [svulkan2] [error] OIDN Error: invalid handle
[2026-10-09 13:20:28.342] [svulkan2] [error] OIDN Error: invalid handle
[2026-10-09 13:20:28.342] [svulkan2] [error] OIDN Error: invalid handle
[2026-10-09 13:20:28.342] [svulkan2] [error] OIDN Error: invalid handle
[2026-10-09 13:20:28.393] [svulkan2] [error] OIDN Error: invalid handle
[2026-10-09 13:20:28.393] [svulkan2] [error] OIDN Error: invalid handle
[2026-10-09 13:20:28.393] [svulkan2] [error] OIDN Error: invalid handle
[2026-10-09 13:20:28.393] [svulkan2] [error] OIDN Error: invalid handle
[2026-10-09 13:20:28.445] [svulkan2] [error] OIDN Error: invalid handle
[2026-10-09 13:20:28.445] [svulkan2] [error] OIDN Error: invalid handle
[2026-10-09 13:20:28.445] [svulkan2] [error] OIDN Error: invalid handle
[2026-10-09 13:20:28.445] [svulkan2] [error] OIDN Error: invalid handle
[2026-10-09 13:20:28.497] [svulkan2] [error] OIDN Error: invalid handle
[2026-10-09 13:20:28.497] [svulkan2] [error] OIDN Error: invalid handle
[2026-10-09 13:20:28.497] [svulkan2] [error] OIDN Error: invalid handle
[2026-10-09 13:20:28.497] [svulkan2] [error] OIDN Error: invalid handle
[2026-10-09 13:20:28.548] [svulkan2] [error] OIDN Error: invalid handle
[2026-10-09 13:20:28.548] [svulkan2] [error] OIDN Error: invalid handle
[2026-10-09 13:20:28.548] [svulkan2] [error] OIDN Error: invalid handle
[2026-10-09 13:20:28.548] [svulkan2] [error] OIDN Error: invalid handle
[2026-10-09 13:20:28.600] [svulkan2] [error] OIDN Error: invalid handle
[2026-10-09 13:20:28.600] [svulkan2] [error] OIDN Error: invalid handle
[2026-10-09 13:20:28.600] [svulkan2] [error] OIDN Error: invalid handle
[2026-10-09 13:20:28.600] [svulkan2] [error] OIDN Error: invalid handle
[2026-10-09 13:20:28.651] [svulkan2] [error] OIDN Error: invalid handle
[2026-10-09 13:20:28.652] [svulkan2] [error] OIDN Error: invalid handle
[2026-10-09 13:20:28.652] [svulkan2] [error] OIDN Error: invalid handle
[2026-10-09 13:20:28.652] [svulkan2] [error] OIDN Error: invalid handle
[2026-10-09 13:20:28.704] [svulkan2] [error] OIDN Error: invalid handle
[2026-10-09 13:20:28.704] [svulkan2] [error] OIDN Error: invalid handle
[2026-10-09 13:20:28.704] [svulkan2] [error] OIDN Error: invalid handle
[2026-10-09 13:20:28.704] [svulkan2] [error] OIDN Error: invalid handle
[2026-10-09 13:20:28.756] [svulkan2] [error] OIDN Error: invalid handle
[2026-10-09 13:20:28.757] [svulkan2] [error] OIDN Error: invalid handle
[2026-10-09 13:20:28.757] [svulkan2] [error] OIDN Error: invalid handle
[2026-10-09 13:20:28.757] [svulkan2] [error] OIDN Error: invalid handle
[2026-10-09 13:20:28.809] [svulkan2] [error] OIDN Error: invalid handle
[2026-10-09 13:20:28.809] [svulkan2] [error] OIDN Error: invalid handle
[2026-10-09 13:20:28.809] [svulkan2] [error] OIDN Error: invalid handle
[2026-10-09 13:20:28.810] [svulkan2] [error] OIDN Error: invalid handle
[2026-10-09 13:20:28.864] [svulkan2] [error] OIDN Error: invalid handle
[2026-10-09 13:20:28.864] [svulkan2] [error] OIDN Error: invalid handle
[2026-10-09 13:20:28.864] [svulkan2] [error] OIDN Error: invalid handle
[2026-10-09 13:20:28.864] [svulkan2] [error] OIDN Error: invalid handle
[2026-10-09 13:20:28.916] [svulkan2] [error] OIDN Error: invalid handle
[2026-10-09 13:20:28.916] [svulkan2] [error] OIDN Error: invalid handle
[2026-10-09 13:20:28.916] [svulkan2] [error] OIDN Error: invalid handle
[2026-10-09 13:20:28.916] [svulkan2] [error] OIDN Error: invalid handle
[2026-10-09 13:20:28.968] [svulkan2] [error] OIDN Error: invalid handle
[2026-10-09 13:20:28.968] [svulkan2] [error] OIDN Error: invalid handle
[2026-10-09 13:20:28.968] [svulkan2] [error] OIDN Error: invalid handle
[2026-10-09 13:20:28.968] [svulkan2] [error] OIDN Error: invalid handle
[2026-10-09 13:20:29.020] [svulkan2] [error] OIDN Error: invalid handle
[2026-10-09 13:20:29.020] [svulkan2] [error] OIDN Error: invalid handle
[2026-10-09 13:20:29.020] [svulkan2] [error] OIDN Error: invalid handle
[2026-10-09 13:20:29.021] [svulkan2] [error] OIDN Error: invalid handle
[2026-10-09 13:20:29.072] [svulkan2] [error] OIDN Error: invalid handle
[2026-10-09 13:20:29.072] [svulkan2] [error] OIDN Error: invalid handle
[2026-10-09 13:20:29.072] [svulkan2] [error] OIDN Error: invalid handle
[2026-10-09 13:20:29.072] [svulkan2] [error] OIDN Error: invalid handle
[2026-10-09 13:20:29.123] [svulkan2] [error] OIDN Error: invalid handle
[2026-10-09 13:20:29.123] [svulkan2] [error] OIDN Error: invalid handle
[2026-10-09 13:20:29.124] [svulkan2] [error] OIDN Error: invalid handle
[2026-10-09 13:20:29.124] [svulkan2] [error] OIDN Error: invalid handle
[2026-10-09 13:20:29.175] [svulkan2] [error] OIDN Error: invalid handle
[2026-10-09 13:20:29.176] [svulkan2] [error] OIDN Error: invalid handle
[2026-10-09 13:20:29.176] [svulkan2] [error] OIDN Error: invalid handle
[2026-10-09 13:20:29.176] [svulkan2] [error] OIDN Error: invalid handle
[2026-10-09 13:20:29.228] [svulkan2] [error] OIDN Error: invalid handle
[2026-10-09 13:20:29.228] [svulkan2] [error] OIDN Error: invalid handle
[2026-10-09 13:20:29.228] [svulkan2] [error] OIDN Error: invalid handle
[2026-10-09 13:20:29.228] [svulkan2] [error] OIDN Error: invalid handle
[2026-10-09 13:20:29.280] [svulkan2] [error] OIDN Error: invalid handle
[2026-10-09 13:20:29.280] [svulkan2] [error] OIDN Error: invalid handle
[2026-10-09 13:20:29.280] [svulkan2] [error] OIDN Error: invalid handle
[2026-10-09 13:20:29.280] [svulkan2] [error] OIDN Error: invalid handle
[2026-10-09 13:20:29.330] [svulkan2] [error] OIDN Error: invalid handle
[2026-10-09 13:20:29.330] [svulkan2] [error] OIDN Error: invalid handle
[2026-10-09 13:20:29.330] [svulkan2] [error] OIDN Error: invalid handle
[2026-10-09 13:20:29.330] [svulkan2] [error] OIDN Error: invalid handle
step: [92m13 / 400[0m{"attempt": 3, "decision": 12, "id": 32, "motions": 13, "left": "pos [-0.207, 0.015, 1.025] quat [0.5, -0.5, 0.5, 0.5] grip 0.00", "right": "hold grip 1.00", "planner": {"left": "Success", "right": "hold"}, "success": false, "calls_total": 32, "latency_s": 15.13}
[2026-10-09 13:20:45.460] [svulkan2] [error] OIDN Error: invalid handle
[2026-10-09 13:20:45.460] [svulkan2] [error] OIDN Error: invalid handle
[2026-10-09 13:20:45.460] [svulkan2] [error] OIDN Error: invalid handle
[2026-10-09 13:20:45.461] [svulkan2] [error] OIDN Error: invalid handle
[2026-10-09 13:20:45.514] [svulkan2] [error] OIDN Error: invalid handle
[2026-10-09 13:20:45.514] [svulkan2] [error] OIDN Error: invalid handle
[2026-10-09 13:20:45.514] [svulkan2] [error] OIDN Error: invalid handle
[2026-10-09 13:20:45.514] [svulkan2] [error] OIDN Error: invalid handle
[2026-10-09 13:20:45.565] [svulkan2] [error] OIDN Error: invalid handle
[2026-10-09 13:20:45.565] [svulkan2] [error] OIDN Error: invalid handle
[2026-10-09 13:20:45.565] [svulkan2] [error] OIDN Error: invalid handle
[2026-10-09 13:20:45.565] [svulkan2] [error] OIDN Error: invalid handle
[2026-10-09 13:20:45.617] [svulkan2] [error] OIDN Error: invalid handle
[2026-10-09 13:20:45.617] [svulkan2] [error] OIDN Error: invalid handle
[2026-10-09 13:20:45.617] [svulkan2] [error] OIDN Error: invalid handle
[2026-10-09 13:20:45.618] [svulkan2] [error] OIDN Error: invalid handle
[2026-10-09 13:20:45.669] [svulkan2] [error] OIDN Error: invalid handle
[2026-10-09 13:20:45.669] [svulkan2] [error] OIDN Error: invalid handle
[2026-10-09 13:20:45.669] [svulkan2] [error] OIDN Error: invalid handle
[2026-10-09 13:20:45.669] [svulkan2] [error] OIDN Error: invalid handle
[2026-10-09 13:20:45.721] [svulkan2] [error] OIDN Error: invalid handle
[2026-10-09 13:20:45.721] [svulkan2] [error] OIDN Error: invalid handle
[2026-10-09 13:20:45.721] [svulkan2] [error] OIDN Error: invalid handle
[2026-10-09 13:20:45.721] [svulkan2] [error] OIDN Error: invalid handle
[2026-10-09 13:20:45.772] [svulkan2] [error] OIDN Error: invalid handle
[2026-10-09 13:20:45.772] [svulkan2] [error] OIDN Error: invalid handle
[2026-10-09 13:20:45.772] [svulkan2] [error] OIDN Error: invalid handle
[2026-10-09 13:20:45.772] [svulkan2] [error] OIDN Error: invalid handle
[2026-10-09 13:20:45.822] [svulkan2] [error] OIDN Error: invalid handle
[2026-10-09 13:20:45.823] [svulkan2] [error] OIDN Error: invalid handle
[2026-10-09 13:20:45.823] [svulkan2] [error] OIDN Error: invalid handle
[2026-10-09 13:20:45.823] [svulkan2] [error] OIDN Error: invalid handle
[2026-10-09 13:20:45.875] [svulkan2] [error] OIDN Error: invalid handle
[2026-10-09 13:20:45.875] [svulkan2] [error] OIDN Error: invalid handle
[2026-10-09 13:20:45.875] [svulkan2] [error] OIDN Error: invalid handle
[2026-10-09 13:20:45.875] [svulkan2] [error] OIDN Error: invalid handle
[2026-10-09 13:20:45.926] [svulkan2] [error] OIDN Error: invalid handle
[2026-10-09 13:20:45.926] [svulkan2] [error] OIDN Error: invalid handle
[2026-10-09 13:20:45.926] [svulkan2] [error] OIDN Error: invalid handle
[2026-10-09 13:20:45.926] [svulkan2] [error] OIDN Error: invalid handle
[2026-10-09 13:20:45.978] [svulkan2] [error] OIDN Error: invalid handle
[2026-10-09 13:20:45.979] [svulkan2] [error] OIDN Error: invalid handle
[2026-10-09 13:20:45.979] [svulkan2] [error] OIDN Error: invalid handle
[2026-10-09 13:20:45.979] [svulkan2] [error] OIDN Error: invalid handle
[2026-10-09 13:20:46.030] [svulkan2] [error] OIDN Error: invalid handle
[2026-10-09 13:20:46.030] [svulkan2] [error] OIDN Error: invalid handle
[2026-10-09 13:20:46.030] [svulkan2] [error] OIDN Error: invalid handle
[2026-10-09 13:20:46.030] [svulkan2] [error] OIDN Error: invalid handle
[2026-10-09 13:20:46.081] [svulkan2] [error] OIDN Error: invalid handle
[2026-10-09 13:20:46.081] [svulkan2] [error] OIDN Error: invalid handle
[2026-10-09 13:20:46.081] [svulkan2] [error] OIDN Error: invalid handle
[2026-10-09 13:20:46.081] [svulkan2] [error] OIDN Error: invalid handle
[2026-10-09 13:20:46.133] [svulkan2] [error] OIDN Error: invalid handle
[2026-10-09 13:20:46.134] [svulkan2] [error] OIDN Error: invalid handle
[2026-10-09 13:20:46.135] [svulkan2] [error] OIDN Error: invalid handle
[2026-10-09 13:20:46.135] [svulkan2] [error] OIDN Error: invalid handle
[2026-10-09 13:20:46.184] [svulkan2] [error] OIDN Error: invalid handle
[2026-10-09 13:20:46.185] [svulkan2] [error] OIDN Error: invalid handle
[2026-10-09 13:20:46.185] [svulkan2] [error] OIDN Error: invalid handle
[2026-10-09 13:20:46.185] [svulkan2] [error] OIDN Error: invalid handle
[2026-10-09 13:20:46.237] [svulkan2] [error] OIDN Error: invalid handle
[2026-10-09 13:20:46.237] [svulkan2] [error] OIDN Error: invalid handle
[2026-10-09 13:20:46.238] [svulkan2] [error] OIDN Error: invalid handle
[2026-10-09 13:20:46.238] [svulkan2] [error] OIDN Error: invalid handle
[2026-10-09 13:20:46.290] [svulkan2] [error] OIDN Error: invalid handle
[2026-10-09 13:20:46.290] [svulkan2] [error] OIDN Error: invalid handle
[2026-10-09 13:20:46.290] [svulkan2] [error] OIDN Error: invalid handle
[2026-10-09 13:20:46.290] [svulkan2] [error] OIDN Error: invalid handle
[2026-10-09 13:20:46.342] [svulkan2] [error] OIDN Error: invalid handle
[2026-10-09 13:20:46.342] [svulkan2] [error] OIDN Error: invalid handle
[2026-10-09 13:20:46.342] [svulkan2] [error] OIDN Error: invalid handle
[2026-10-09 13:20:46.342] [svulkan2] [error] OIDN Error: invalid handle
[2026-10-09 13:20:46.395] [svulkan2] [error] OIDN Error: invalid handle
[2026-10-09 13:20:46.395] [svulkan2] [error] OIDN Error: invalid handle
[2026-10-09 13:20:46.395] [svulkan2] [error] OIDN Error: invalid handle
[2026-10-09 13:20:46.395] [svulkan2] [error] OIDN Error: invalid handle
[2026-10-09 13:20:46.447] [svulkan2] [error] OIDN Error: invalid handle
[2026-10-09 13:20:46.448] [svulkan2] [error] OIDN Error: invalid handle
[2026-10-09 13:20:46.448] [svulkan2] [error] OIDN Error: invalid handle
[2026-10-09 13:20:46.448] [svulkan2] [error] OIDN Error: invalid handle
[2026-10-09 13:20:46.501] [svulkan2] [error] OIDN Error: invalid handle
[2026-10-09 13:20:46.501] [svulkan2] [error] OIDN Error: invalid handle
[2026-10-09 13:20:46.501] [svulkan2] [error] OIDN Error: invalid handle
[2026-10-09 13:20:46.501] [svulkan2] [error] OIDN Error: invalid handle
[2026-10-09 13:20:46.553] [svulkan2] [error] OIDN Error: invalid handle
[2026-10-09 13:20:46.553] [svulkan2] [error] OIDN Error: invalid handle
[2026-10-09 13:20:46.553] [svulkan2] [error] OIDN Error: invalid handle
[2026-10-09 13:20:46.553] [svulkan2] [error] OIDN Error: invalid handle
[2026-10-09 13:20:46.606] [svulkan2] [error] OIDN Error: invalid handle
[2026-10-09 13:20:46.606] [svulkan2] [error] OIDN Error: invalid handle
[2026-10-09 13:20:46.606] [svulkan2] [error] OIDN Error: invalid handle
[2026-10-09 13:20:46.606] [svulkan2] [error] OIDN Error: invalid handle
[2026-10-09 13:20:46.660] [svulkan2] [error] OIDN Error: invalid handle
[2026-10-09 13:20:46.660] [svulkan2] [error] OIDN Error: invalid handle
[2026-10-09 13:20:46.660] [svulkan2] [error] OIDN Error: invalid handle
[2026-10-09 13:20:46.660] [svulkan2] [error] OIDN Error: invalid handle
[2026-10-09 13:20:46.713] [svulkan2] [error] OIDN Error: invalid handle
[2026-10-09 13:20:46.713] [svulkan2] [error] OIDN Error: invalid handle
[2026-10-09 13:20:46.713] [svulkan2] [error] OIDN Error: invalid handle
[2026-10-09 13:20:46.713] [svulkan2] [error] OIDN Error: invalid handle
[2026-10-09 13:20:46.766] [svulkan2] [error] OIDN Error: invalid handle
[2026-10-09 13:20:46.767] [svulkan2] [error] OIDN Error: invalid handle
[2026-10-09 13:20:46.767] [svulkan2] [error] OIDN Error: invalid handle
[2026-10-09 13:20:46.767] [svulkan2] [error] OIDN Error: invalid handle
[2026-10-09 13:20:46.821] [svulkan2] [error] OIDN Error: invalid handle
[2026-10-09 13:20:46.821] [svulkan2] [error] OIDN Error: invalid handle
[2026-10-09 13:20:46.821] [svulkan2] [error] OIDN Error: invalid handle
[2026-10-09 13:20:46.821] [svulkan2] [error] OIDN Error: invalid handle
[2026-10-09 13:20:46.876] [svulkan2] [error] OIDN Error: invalid handle
[2026-10-09 13:20:46.876] [svulkan2] [error] OIDN Error: invalid handle
[2026-10-09 13:20:46.876] [svulkan2] [error] OIDN Error: invalid handle
[2026-10-09 13:20:46.876] [svulkan2] [error] OIDN Error: invalid handle
[2026-10-09 13:20:46.930] [svulkan2] [error] OIDN Error: invalid handle
[2026-10-09 13:20:46.930] [svulkan2] [error] OIDN Error: invalid handle
[2026-10-09 13:20:46.930] [svulkan2] [error] OIDN Error: invalid handle
[2026-10-09 13:20:46.930] [svulkan2] [error] OIDN Error: invalid handle
[2026-10-09 13:20:46.985] [svulkan2] [error] OIDN Error: invalid handle
[2026-10-09 13:20:46.985] [svulkan2] [error] OIDN Error: invalid handle
[2026-10-09 13:20:46.985] [svulkan2] [error] OIDN Error: invalid handle
[2026-10-09 13:20:46.985] [svulkan2] [error] OIDN Error: invalid handle
[2026-10-09 13:20:47.041] [svulkan2] [error] OIDN Error: invalid handle
[2026-10-09 13:20:47.041] [svulkan2] [error] OIDN Error: invalid handle
[2026-10-09 13:20:47.041] [svulkan2] [error] OIDN Error: invalid handle
[2026-10-09 13:20:47.041] [svulkan2] [error] OIDN Error: invalid handle
[2026-10-09 13:20:47.095] [svulkan2] [error] OIDN Error: invalid handle
[2026-10-09 13:20:47.096] [svulkan2] [error] OIDN Error: invalid handle
[2026-10-09 13:20:47.096] [svulkan2] [error] OIDN Error: invalid handle
[2026-10-09 13:20:47.096] [svulkan2] [error] OIDN Error: invalid handle
[2026-10-09 13:20:47.151] [svulkan2] [error] OIDN Error: invalid handle
[2026-10-09 13:20:47.151] [svulkan2] [error] OIDN Error: invalid handle
[2026-10-09 13:20:47.151] [svulkan2] [error] OIDN Error: invalid handle
[2026-10-09 13:20:47.151] [svulkan2] [error] OIDN Error: invalid handle
[2026-10-09 13:20:47.206] [svulkan2] [error] OIDN Error: invalid handle
[2026-10-09 13:20:47.206] [svulkan2] [error] OIDN Error: invalid handle
[2026-10-09 13:20:47.206] [svulkan2] [error] OIDN Error: invalid handle
[2026-10-09 13:20:47.206] [svulkan2] [error] OIDN Error: invalid handle
[2026-10-09 13:20:47.261] [svulkan2] [error] OIDN Error: invalid handle
[2026-10-09 13:20:47.261] [svulkan2] [error] OIDN Error: invalid handle
[2026-10-09 13:20:47.261] [svulkan2] [error] OIDN Error: invalid handle
[2026-10-09 13:20:47.261] [svulkan2] [error] OIDN Error: invalid handle
[2026-10-09 13:20:47.315] [svulkan2] [error] OIDN Error: invalid handle
[2026-10-09 13:20:47.316] [svulkan2] [error] OIDN Error: invalid handle
[2026-10-09 13:20:47.316] [svulkan2] [error] OIDN Error: invalid handle
[2026-10-09 13:20:47.316] [svulkan2] [error] OIDN Error: invalid handle
[2026-10-09 13:20:47.370] [svulkan2] [error] OIDN Error: invalid handle
[2026-10-09 13:20:47.370] [svulkan2] [error] OIDN Error: invalid handle
[2026-10-09 13:20:47.370] [svulkan2] [error] OIDN Error: invalid handle
[2026-10-09 13:20:47.370] [svulkan2] [error] OIDN Error: invalid handle
[2026-10-09 13:20:47.424] [svulkan2] [error] OIDN Error: invalid handle
[2026-10-09 13:20:47.424] [svulkan2] [error] OIDN Error: invalid handle
[2026-10-09 13:20:47.424] [svulkan2] [error] OIDN Error: invalid handle
[2026-10-09 13:20:47.424] [svulkan2] [error] OIDN Error: invalid handle
[2026-10-09 13:20:47.480] [svulkan2] [error] OIDN Error: invalid handle
[2026-10-09 13:20:47.480] [svulkan2] [error] OIDN Error: invalid handle
[2026-10-09 13:20:47.480] [svulkan2] [error] OIDN Error: invalid handle
[2026-10-09 13:20:47.480] [svulkan2] [error] OIDN Error: invalid handle
[2026-10-09 13:20:47.535] [svulkan2] [error] OIDN Error: invalid handle
[2026-10-09 13:20:47.535] [svulkan2] [error] OIDN Error: invalid handle
[2026-10-09 13:20:47.535] [svulkan2] [error] OIDN Error: invalid handle
[2026-10-09 13:20:47.535] [svulkan2] [error] OIDN Error: invalid handle
[2026-10-09 13:20:47.590] [svulkan2] [error] OIDN Error: invalid handle
[2026-10-09 13:20:47.591] [svulkan2] [error] OIDN Error: invalid handle
[2026-10-09 13:20:47.591] [svulkan2] [error] OIDN Error: invalid handle
[2026-10-09 13:20:47.591] [svulkan2] [error] OIDN Error: invalid handle
[2026-10-09 13:20:47.645] [svulkan2] [error] OIDN Error: invalid handle
[2026-10-09 13:20:47.645] [svulkan2] [error] OIDN Error: invalid handle
[2026-10-09 13:20:47.645] [svulkan2] [error] OIDN Error: invalid handle
[2026-10-09 13:20:47.645] [svulkan2] [error] OIDN Error: invalid handle
step: [92m14 / 400[0m{"attempt": 3, "decision": 13, "id": 33, "motions": 14, "left": "pos [0.015, -0.098, 1.025] quat [0.5, -0.5, 0.5, 0.5] grip 0.00", "right": "hold grip 1.00", "planner": {"left": "Success", "right": "hold"}, "success": false, "calls_total": 33, "latency_s": 15.54}
[2026-10-09 13:21:01.559] [svulkan2] [error] OIDN Error: invalid handle
[2026-10-09 13:21:01.559] [svulkan2] [error] OIDN Error: invalid handle
[2026-10-09 13:21:01.559] [svulkan2] [error] OIDN Error: invalid handle
[2026-10-09 13:21:01.559] [svulkan2] [error] OIDN Error: invalid handle
[2026-10-09 13:21:01.614] [svulkan2] [error] OIDN Error: invalid handle
[2026-10-09 13:21:01.614] [svulkan2] [error] OIDN Error: invalid handle
[2026-10-09 13:21:01.614] [svulkan2] [error] OIDN Error: invalid handle
[2026-10-09 13:21:01.614] [svulkan2] [error] OIDN Error: invalid handle
[2026-10-09 13:21:01.669] [svulkan2] [error] OIDN Error: invalid handle
[2026-10-09 13:21:01.669] [svulkan2] [error] OIDN Error: invalid handle
[2026-10-09 13:21:01.669] [svulkan2] [error] OIDN Error: invalid handle
[2026-10-09 13:21:01.669] [svulkan2] [error] OIDN Error: invalid handle
[2026-10-09 13:21:01.724] [svulkan2] [error] OIDN Error: invalid handle
[2026-10-09 13:21:01.724] [svulkan2] [error] OIDN Error: invalid handle
[2026-10-09 13:21:01.724] [svulkan2] [error] OIDN Error: invalid handle
[2026-10-09 13:21:01.724] [svulkan2] [error] OIDN Error: invalid handle
[2026-10-09 13:21:01.780] [svulkan2] [error] OIDN Error: invalid handle
[2026-10-09 13:21:01.780] [svulkan2] [error] OIDN Error: invalid handle
[2026-10-09 13:21:01.780] [svulkan2] [error] OIDN Error: invalid handle
[2026-10-09 13:21:01.780] [svulkan2] [error] OIDN Error: invalid handle
[2026-10-09 13:21:01.834] [svulkan2] [error] OIDN Error: invalid handle
[2026-10-09 13:21:01.835] [svulkan2] [error] OIDN Error: invalid handle
[2026-10-09 13:21:01.835] [svulkan2] [error] OIDN Error: invalid handle
[2026-10-09 13:21:01.835] [svulkan2] [error] OIDN Error: invalid handle
[2026-10-09 13:21:01.889] [svulkan2] [error] OIDN Error: invalid handle
[2026-10-09 13:21:01.889] [svulkan2] [error] OIDN Error: invalid handle
[2026-10-09 13:21:01.889] [svulkan2] [error] OIDN Error: invalid handle
[2026-10-09 13:21:01.890] [svulkan2] [error] OIDN Error: invalid handle
[2026-10-09 13:21:01.945] [svulkan2] [error] OIDN Error: invalid handle
[2026-10-09 13:21:01.946] [svulkan2] [error] OIDN Error: invalid handle
[2026-10-09 13:21:01.946] [svulkan2] [error] OIDN Error: invalid handle
[2026-10-09 13:21:01.947] [svulkan2] [error] OIDN Error: invalid handle
[2026-10-09 13:21:02.001] [svulkan2] [error] OIDN Error: invalid handle
[2026-10-09 13:21:02.001] [svulkan2] [error] OIDN Error: invalid handle
[2026-10-09 13:21:02.001] [svulkan2] [error] OIDN Error: invalid handle
[2026-10-09 13:21:02.001] [svulkan2] [error] OIDN Error: invalid handle
[2026-10-09 13:21:02.056] [svulkan2] [error] OIDN Error: invalid handle
[2026-10-09 13:21:02.056] [svulkan2] [error] OIDN Error: invalid handle
[2026-10-09 13:21:02.056] [svulkan2] [error] OIDN Error: invalid handle
[2026-10-09 13:21:02.056] [svulkan2] [error] OIDN Error: invalid handle
[2026-10-09 13:21:02.111] [svulkan2] [error] OIDN Error: invalid handle
[2026-10-09 13:21:02.112] [svulkan2] [error] OIDN Error: invalid handle
[2026-10-09 13:21:02.112] [svulkan2] [error] OIDN Error: invalid handle
[2026-10-09 13:21:02.112] [svulkan2] [error] OIDN Error: invalid handle
[2026-10-09 13:21:02.167] [svulkan2] [error] OIDN Error: invalid handle
[2026-10-09 13:21:02.167] [svulkan2] [error] OIDN Error: invalid handle
[2026-10-09 13:21:02.167] [svulkan2] [error] OIDN Error: invalid handle
[2026-10-09 13:21:02.167] [svulkan2] [error] OIDN Error: invalid handle
[2026-10-09 13:21:02.222] [svulkan2] [error] OIDN Error: invalid handle
[2026-10-09 13:21:02.222] [svulkan2] [error] OIDN Error: invalid handle
[2026-10-09 13:21:02.222] [svulkan2] [error] OIDN Error: invalid handle
[2026-10-09 13:21:02.222] [svulkan2] [error] OIDN Error: invalid handle
[2026-10-09 13:21:02.278] [svulkan2] [error] OIDN Error: invalid handle
[2026-10-09 13:21:02.278] [svulkan2] [error] OIDN Error: invalid handle
[2026-10-09 13:21:02.278] [svulkan2] [error] OIDN Error: invalid handle
[2026-10-09 13:21:02.278] [svulkan2] [error] OIDN Error: invalid handle
[2026-10-09 13:21:02.334] [svulkan2] [error] OIDN Error: invalid handle
[2026-10-09 13:21:02.334] [svulkan2] [error] OIDN Error: invalid handle
[2026-10-09 13:21:02.334] [svulkan2] [error] OIDN Error: invalid handle
[2026-10-09 13:21:02.334] [svulkan2] [error] OIDN Error: invalid handle
[2026-10-09 13:21:02.390] [svulkan2] [error] OIDN Error: invalid handle
[2026-10-09 13:21:02.390] [svulkan2] [error] OIDN Error: invalid handle
[2026-10-09 13:21:02.390] [svulkan2] [error] OIDN Error: invalid handle
[2026-10-09 13:21:02.390] [svulkan2] [error] OIDN Error: invalid handle
[2026-10-09 13:21:02.446] [svulkan2] [error] OIDN Error: invalid handle
[2026-10-09 13:21:02.447] [svulkan2] [error] OIDN Error: invalid handle
[2026-10-09 13:21:02.447] [svulkan2] [error] OIDN Error: invalid handle
[2026-10-09 13:21:02.447] [svulkan2] [error] OIDN Error: invalid handle
[2026-10-09 13:21:02.502] [svulkan2] [error] OIDN Error: invalid handle
[2026-10-09 13:21:02.502] [svulkan2] [error] OIDN Error: invalid handle
[2026-10-09 13:21:02.502] [svulkan2] [error] OIDN Error: invalid handle
[2026-10-09 13:21:02.502] [svulkan2] [error] OIDN Error: invalid handle
[2026-10-09 13:21:02.558] [svulkan2] [error] OIDN Error: invalid handle
[2026-10-09 13:21:02.558] [svulkan2] [error] OIDN Error: invalid handle
[2026-10-09 13:21:02.558] [svulkan2] [error] OIDN Error: invalid handle
[2026-10-09 13:21:02.558] [svulkan2] [error] OIDN Error: invalid handle
[2026-10-09 13:21:02.614] [svulkan2] [error] OIDN Error: invalid handle
[2026-10-09 13:21:02.614] [svulkan2] [error] OIDN Error: invalid handle
[2026-10-09 13:21:02.614] [svulkan2] [error] OIDN Error: invalid handle
[2026-10-09 13:21:02.614] [svulkan2] [error] OIDN Error: invalid handle
[2026-10-09 13:21:02.671] [svulkan2] [error] OIDN Error: invalid handle
[2026-10-09 13:21:02.671] [svulkan2] [error] OIDN Error: invalid handle
[2026-10-09 13:21:02.671] [svulkan2] [error] OIDN Error: invalid handle
[2026-10-09 13:21:02.671] [svulkan2] [error] OIDN Error: invalid handle
[2026-10-09 13:21:02.727] [svulkan2] [error] OIDN Error: invalid handle
[2026-10-09 13:21:02.727] [svulkan2] [error] OIDN Error: invalid handle
[2026-10-09 13:21:02.727] [svulkan2] [error] OIDN Error: invalid handle
[2026-10-09 13:21:02.727] [svulkan2] [error] OIDN Error: invalid handle
[2026-10-09 13:21:02.784] [svulkan2] [error] OIDN Error: invalid handle
[2026-10-09 13:21:02.784] [svulkan2] [error] OIDN Error: invalid handle
[2026-10-09 13:21:02.784] [svulkan2] [error] OIDN Error: invalid handle
[2026-10-09 13:21:02.784] [svulkan2] [error] OIDN Error: invalid handle
[2026-10-09 13:21:02.841] [svulkan2] [error] OIDN Error: invalid handle
[2026-10-09 13:21:02.841] [svulkan2] [error] OIDN Error: invalid handle
[2026-10-09 13:21:02.841] [svulkan2] [error] OIDN Error: invalid handle
[2026-10-09 13:21:02.841] [svulkan2] [error] OIDN Error: invalid handle
[2026-10-09 13:21:02.899] [svulkan2] [error] OIDN Error: invalid handle
[2026-10-09 13:21:02.899] [svulkan2] [error] OIDN Error: invalid handle
[2026-10-09 13:21:02.899] [svulkan2] [error] OIDN Error: invalid handle
[2026-10-09 13:21:02.899] [svulkan2] [error] OIDN Error: invalid handle
[2026-10-09 13:21:02.954] [svulkan2] [error] OIDN Error: invalid handle
[2026-10-09 13:21:02.954] [svulkan2] [error] OIDN Error: invalid handle
[2026-10-09 13:21:02.954] [svulkan2] [error] OIDN Error: invalid handle
[2026-10-09 13:21:02.954] [svulkan2] [error] OIDN Error: invalid handle
[2026-10-09 13:21:03.011] [svulkan2] [error] OIDN Error: invalid handle
[2026-10-09 13:21:03.011] [svulkan2] [error] OIDN Error: invalid handle
[2026-10-09 13:21:03.011] [svulkan2] [error] OIDN Error: invalid handle
[2026-10-09 13:21:03.011] [svulkan2] [error] OIDN Error: invalid handle
[2026-10-09 13:21:03.067] [svulkan2] [error] OIDN Error: invalid handle
[2026-10-09 13:21:03.068] [svulkan2] [error] OIDN Error: invalid handle
[2026-10-09 13:21:03.068] [svulkan2] [error] OIDN Error: invalid handle
[2026-10-09 13:21:03.068] [svulkan2] [error] OIDN Error: invalid handle
[2026-10-09 13:21:03.125] [svulkan2] [error] OIDN Error: invalid handle
[2026-10-09 13:21:03.125] [svulkan2] [error] OIDN Error: invalid handle
[2026-10-09 13:21:03.125] [svulkan2] [error] OIDN Error: invalid handle
[2026-10-09 13:21:03.125] [svulkan2] [error] OIDN Error: invalid handle
[2026-10-09 13:21:03.183] [svulkan2] [error] OIDN Error: invalid handle
[2026-10-09 13:21:03.183] [svulkan2] [error] OIDN Error: invalid handle
[2026-10-09 13:21:03.183] [svulkan2] [error] OIDN Error: invalid handle
[2026-10-09 13:21:03.183] [svulkan2] [error] OIDN Error: invalid handle
[2026-10-09 13:21:03.241] [svulkan2] [error] OIDN Error: invalid handle
[2026-10-09 13:21:03.241] [svulkan2] [error] OIDN Error: invalid handle
[2026-10-09 13:21:03.241] [svulkan2] [error] OIDN Error: invalid handle
[2026-10-09 13:21:03.241] [svulkan2] [error] OIDN Error: invalid handle
[2026-10-09 13:21:03.301] [svulkan2] [error] OIDN Error: invalid handle
[2026-10-09 13:21:03.301] [svulkan2] [error] OIDN Error: invalid handle
[2026-10-09 13:21:03.301] [svulkan2] [error] OIDN Error: invalid handle
[2026-10-09 13:21:03.301] [svulkan2] [error] OIDN Error: invalid handle
[2026-10-09 13:21:03.362] [svulkan2] [error] OIDN Error: invalid handle
[2026-10-09 13:21:03.362] [svulkan2] [error] OIDN Error: invalid handle
[2026-10-09 13:21:03.362] [svulkan2] [error] OIDN Error: invalid handle
[2026-10-09 13:21:03.362] [svulkan2] [error] OIDN Error: invalid handle
[2026-10-09 13:21:03.427] [svulkan2] [error] OIDN Error: invalid handle
[2026-10-09 13:21:03.427] [svulkan2] [error] OIDN Error: invalid handle
[2026-10-09 13:21:03.427] [svulkan2] [error] OIDN Error: invalid handle
[2026-10-09 13:21:03.427] [svulkan2] [error] OIDN Error: invalid handle
[2026-10-09 13:21:03.486] [svulkan2] [error] OIDN Error: invalid handle
[2026-10-09 13:21:03.486] [svulkan2] [error] OIDN Error: invalid handle
[2026-10-09 13:21:03.486] [svulkan2] [error] OIDN Error: invalid handle
[2026-10-09 13:21:03.486] [svulkan2] [error] OIDN Error: invalid handle
[2026-10-09 13:21:03.546] [svulkan2] [error] OIDN Error: invalid handle
[2026-10-09 13:21:03.546] [svulkan2] [error] OIDN Error: invalid handle
[2026-10-09 13:21:03.547] [svulkan2] [error] OIDN Error: invalid handle
[2026-10-09 13:21:03.547] [svulkan2] [error] OIDN Error: invalid handle
[2026-10-09 13:21:03.601] [svulkan2] [error] OIDN Error: invalid handle
[2026-10-09 13:21:03.601] [svulkan2] [error] OIDN Error: invalid handle
[2026-10-09 13:21:03.601] [svulkan2] [error] OIDN Error: invalid handle
[2026-10-09 13:21:03.601] [svulkan2] [error] OIDN Error: invalid handle
step: [92m15 / 400[0m{"attempt": 3, "decision": 14, "id": 34, "motions": 15, "left": "pos [0.015, -0.098, 0.94] quat [0.5, -0.5, 0.5, 0.5] grip 0.00", "right": "hold grip 1.00", "planner": {"left": "Success", "right": "hold"}, "success": false, "calls_total": 34, "latency_s": 13.32}
[2026-10-09 13:21:18.264] [svulkan2] [error] OIDN Error: invalid handle
[2026-10-09 13:21:18.264] [svulkan2] [error] OIDN Error: invalid handle
[2026-10-09 13:21:18.264] [svulkan2] [error] OIDN Error: invalid handle
[2026-10-09 13:21:18.264] [svulkan2] [error] OIDN Error: invalid handle
[2026-10-09 13:21:18.327] [svulkan2] [error] OIDN Error: invalid handle
[2026-10-09 13:21:18.327] [svulkan2] [error] OIDN Error: invalid handle
[2026-10-09 13:21:18.327] [svulkan2] [error] OIDN Error: invalid handle
[2026-10-09 13:21:18.327] [svulkan2] [error] OIDN Error: invalid handle
[2026-10-09 13:21:18.388] [svulkan2] [error] OIDN Error: invalid handle
[2026-10-09 13:21:18.388] [svulkan2] [error] OIDN Error: invalid handle
[2026-10-09 13:21:18.388] [svulkan2] [error] OIDN Error: invalid handle
[2026-10-09 13:21:18.388] [svulkan2] [error] OIDN Error: invalid handle
[2026-10-09 13:21:18.445] [svulkan2] [error] OIDN Error: invalid handle
[2026-10-09 13:21:18.445] [svulkan2] [error] OIDN Error: invalid handle
[2026-10-09 13:21:18.445] [svulkan2] [error] OIDN Error: invalid handle
[2026-10-09 13:21:18.445] [svulkan2] [error] OIDN Error: invalid handle
[2026-10-09 13:21:18.506] [svulkan2] [error] OIDN Error: invalid handle
[2026-10-09 13:21:18.506] [svulkan2] [error] OIDN Error: invalid handle
[2026-10-09 13:21:18.506] [svulkan2] [error] OIDN Error: invalid handle
[2026-10-09 13:21:18.506] [svulkan2] [error] OIDN Error: invalid handle
step: [92m16 / 400[0m{"attempt": 3, "decision": 15, "id": 35, "motions": 16, "left": "hold grip 1.00", "right": "hold grip 1.00", "planner": {"left": "hold", "right": "hold"}, "success": true, "calls_total": 35, "latency_s": 14.11}
RUN_DONE complete
