/home/licho/workspace/RoboTwin/envs/curobo/src/curobo/opt/opt_base.py:298: UserWarning: Sparse invariant checks are implicitly disabled. Memory errors (e.g. SEGFAULT) will occur when operating on a sparse tensor which violates the invariants, but checks incur performance overhead. To silence this warning, explicitly opt in or out. See `torch.sparse.check_sparse_tensor_invariants.__doc__` for guidance.  (Triggered internally at /pytorch/aten/src/ATen/Context.cpp:760.)
  self.problem_kernel_ = torch.sparse_coo_tensor(
[2026-10-09 16:20:25.631] [svulkan2] [error] OIDN Error: unsupported device type: CUDA
[2026-10-09 16:20:25.641] [svulkan2] [error] OIDN Error: invalid handle
[2026-10-09 16:20:25.651] [svulkan2] [error] OIDN Error: invalid handle
[2026-10-09 16:20:25.671] [svulkan2] [error] OIDN Error: invalid handle
[2026-10-09 16:20:40.729] [svulkan2] [error] OIDN Error: invalid handle
[2026-10-09 16:20:40.729] [svulkan2] [error] OIDN Error: invalid handle
[2026-10-09 16:20:40.729] [svulkan2] [error] OIDN Error: invalid handle
[2026-10-09 16:20:40.729] [svulkan2] [error] OIDN Error: invalid handle
[2026-10-09 16:20:40.774] [svulkan2] [error] OIDN Error: invalid handle
[2026-10-09 16:20:40.774] [svulkan2] [error] OIDN Error: invalid handle
[2026-10-09 16:20:40.774] [svulkan2] [error] OIDN Error: invalid handle
[2026-10-09 16:20:40.774] [svulkan2] [error] OIDN Error: invalid handle
[2026-10-09 16:20:40.817] [svulkan2] [error] OIDN Error: invalid handle
[2026-10-09 16:20:40.817] [svulkan2] [error] OIDN Error: invalid handle
[2026-10-09 16:20:40.817] [svulkan2] [error] OIDN Error: invalid handle
[2026-10-09 16:20:40.817] [svulkan2] [error] OIDN Error: invalid handle
[2026-10-09 16:20:40.860] [svulkan2] [error] OIDN Error: invalid handle
[2026-10-09 16:20:40.860] [svulkan2] [error] OIDN Error: invalid handle
[2026-10-09 16:20:40.860] [svulkan2] [error] OIDN Error: invalid handle
[2026-10-09 16:20:40.861] [svulkan2] [error] OIDN Error: invalid handle
[2026-10-09 16:20:40.904] [svulkan2] [error] OIDN Error: invalid handle
[2026-10-09 16:20:40.904] [svulkan2] [error] OIDN Error: invalid handle
[2026-10-09 16:20:40.904] [svulkan2] [error] OIDN Error: invalid handle
[2026-10-09 16:20:40.904] [svulkan2] [error] OIDN Error: invalid handle
[2026-10-09 16:20:40.947] [svulkan2] [error] OIDN Error: invalid handle
[2026-10-09 16:20:40.948] [svulkan2] [error] OIDN Error: invalid handle
[2026-10-09 16:20:40.948] [svulkan2] [error] OIDN Error: invalid handle
[2026-10-09 16:20:40.948] [svulkan2] [error] OIDN Error: invalid handle
[2026-10-09 16:20:40.990] [svulkan2] [error] OIDN Error: invalid handle
[2026-10-09 16:20:40.990] [svulkan2] [error] OIDN Error: invalid handle
[2026-10-09 16:20:40.990] [svulkan2] [error] OIDN Error: invalid handle
[2026-10-09 16:20:40.990] [svulkan2] [error] OIDN Error: invalid handle
missing pytorch3d
Warp DeprecationWarning: The symbol `warp.torch.device_from_torch` will soon be removed from the public API. Use `warp.device_from_torch` instead.
step: [92m1 / 400[0m{"attempt": 1, "decision": 0, "id": 1, "motions": 1, "left": "pos [-0.2, 0.05, 1.08] quat [0.5, -0.5, 0.5, 0.5] grip 1.00", "right": "pos [0.2, 0.05, 1.08] quat [0.5, -0.5, 0.5, 0.5] grip 1.00", "planner": {"left": "Fail", "right": "Fail"}, "success": false, "calls_total": 1, "latency_s": 14.61}
[2026-10-09 16:20:55.374] [svulkan2] [error] OIDN Error: invalid handle
[2026-10-09 16:20:55.374] [svulkan2] [error] OIDN Error: invalid handle
[2026-10-09 16:20:55.374] [svulkan2] [error] OIDN Error: invalid handle
[2026-10-09 16:20:55.374] [svulkan2] [error] OIDN Error: invalid handle
[2026-10-09 16:20:55.417] [svulkan2] [error] OIDN Error: invalid handle
[2026-10-09 16:20:55.417] [svulkan2] [error] OIDN Error: invalid handle
[2026-10-09 16:20:55.417] [svulkan2] [error] OIDN Error: invalid handle
[2026-10-09 16:20:55.417] [svulkan2] [error] OIDN Error: invalid handle
[2026-10-09 16:20:55.461] [svulkan2] [error] OIDN Error: invalid handle
[2026-10-09 16:20:55.461] [svulkan2] [error] OIDN Error: invalid handle
[2026-10-09 16:20:55.461] [svulkan2] [error] OIDN Error: invalid handle
[2026-10-09 16:20:55.461] [svulkan2] [error] OIDN Error: invalid handle
[2026-10-09 16:20:55.504] [svulkan2] [error] OIDN Error: invalid handle
[2026-10-09 16:20:55.504] [svulkan2] [error] OIDN Error: invalid handle
[2026-10-09 16:20:55.504] [svulkan2] [error] OIDN Error: invalid handle
[2026-10-09 16:20:55.504] [svulkan2] [error] OIDN Error: invalid handle
[2026-10-09 16:20:55.548] [svulkan2] [error] OIDN Error: invalid handle
[2026-10-09 16:20:55.548] [svulkan2] [error] OIDN Error: invalid handle
[2026-10-09 16:20:55.548] [svulkan2] [error] OIDN Error: invalid handle
[2026-10-09 16:20:55.548] [svulkan2] [error] OIDN Error: invalid handle
[2026-10-09 16:20:55.591] [svulkan2] [error] OIDN Error: invalid handle
[2026-10-09 16:20:55.591] [svulkan2] [error] OIDN Error: invalid handle
[2026-10-09 16:20:55.591] [svulkan2] [error] OIDN Error: invalid handle
[2026-10-09 16:20:55.591] [svulkan2] [error] OIDN Error: invalid handle
[2026-10-09 16:20:55.635] [svulkan2] [error] OIDN Error: invalid handle
[2026-10-09 16:20:55.635] [svulkan2] [error] OIDN Error: invalid handle
[2026-10-09 16:20:55.635] [svulkan2] [error] OIDN Error: invalid handle
[2026-10-09 16:20:55.635] [svulkan2] [error] OIDN Error: invalid handle
[2026-10-09 16:20:55.679] [svulkan2] [error] OIDN Error: invalid handle
[2026-10-09 16:20:55.679] [svulkan2] [error] OIDN Error: invalid handle
[2026-10-09 16:20:55.679] [svulkan2] [error] OIDN Error: invalid handle
[2026-10-09 16:20:55.679] [svulkan2] [error] OIDN Error: invalid handle
[2026-10-09 16:20:55.723] [svulkan2] [error] OIDN Error: invalid handle
[2026-10-09 16:20:55.723] [svulkan2] [error] OIDN Error: invalid handle
[2026-10-09 16:20:55.723] [svulkan2] [error] OIDN Error: invalid handle
[2026-10-09 16:20:55.723] [svulkan2] [error] OIDN Error: invalid handle
[2026-10-09 16:20:55.768] [svulkan2] [error] OIDN Error: invalid handle
[2026-10-09 16:20:55.768] [svulkan2] [error] OIDN Error: invalid handle
[2026-10-09 16:20:55.768] [svulkan2] [error] OIDN Error: invalid handle
[2026-10-09 16:20:55.768] [svulkan2] [error] OIDN Error: invalid handle
[2026-10-09 16:20:55.812] [svulkan2] [error] OIDN Error: invalid handle
[2026-10-09 16:20:55.812] [svulkan2] [error] OIDN Error: invalid handle
[2026-10-09 16:20:55.812] [svulkan2] [error] OIDN Error: invalid handle
[2026-10-09 16:20:55.812] [svulkan2] [error] OIDN Error: invalid handle
[2026-10-09 16:20:55.856] [svulkan2] [error] OIDN Error: invalid handle
[2026-10-09 16:20:55.856] [svulkan2] [error] OIDN Error: invalid handle
[2026-10-09 16:20:55.856] [svulkan2] [error] OIDN Error: invalid handle
[2026-10-09 16:20:55.856] [svulkan2] [error] OIDN Error: invalid handle
[2026-10-09 16:20:55.900] [svulkan2] [error] OIDN Error: invalid handle
[2026-10-09 16:20:55.900] [svulkan2] [error] OIDN Error: invalid handle
[2026-10-09 16:20:55.900] [svulkan2] [error] OIDN Error: invalid handle
[2026-10-09 16:20:55.900] [svulkan2] [error] OIDN Error: invalid handle
[2026-10-09 16:20:55.945] [svulkan2] [error] OIDN Error: invalid handle
[2026-10-09 16:20:55.945] [svulkan2] [error] OIDN Error: invalid handle
[2026-10-09 16:20:55.945] [svulkan2] [error] OIDN Error: invalid handle
[2026-10-09 16:20:55.945] [svulkan2] [error] OIDN Error: invalid handle
[2026-10-09 16:20:55.989] [svulkan2] [error] OIDN Error: invalid handle
[2026-10-09 16:20:55.989] [svulkan2] [error] OIDN Error: invalid handle
[2026-10-09 16:20:55.989] [svulkan2] [error] OIDN Error: invalid handle
[2026-10-09 16:20:55.989] [svulkan2] [error] OIDN Error: invalid handle
[2026-10-09 16:20:56.033] [svulkan2] [error] OIDN Error: invalid handle
[2026-10-09 16:20:56.034] [svulkan2] [error] OIDN Error: invalid handle
[2026-10-09 16:20:56.034] [svulkan2] [error] OIDN Error: invalid handle
[2026-10-09 16:20:56.034] [svulkan2] [error] OIDN Error: invalid handle
[2026-10-09 16:20:56.078] [svulkan2] [error] OIDN Error: invalid handle
[2026-10-09 16:20:56.078] [svulkan2] [error] OIDN Error: invalid handle
[2026-10-09 16:20:56.078] [svulkan2] [error] OIDN Error: invalid handle
[2026-10-09 16:20:56.078] [svulkan2] [error] OIDN Error: invalid handle
[2026-10-09 16:20:56.123] [svulkan2] [error] OIDN Error: invalid handle
[2026-10-09 16:20:56.123] [svulkan2] [error] OIDN Error: invalid handle
[2026-10-09 16:20:56.123] [svulkan2] [error] OIDN Error: invalid handle
[2026-10-09 16:20:56.123] [svulkan2] [error] OIDN Error: invalid handle
[2026-10-09 16:20:56.168] [svulkan2] [error] OIDN Error: invalid handle
[2026-10-09 16:20:56.168] [svulkan2] [error] OIDN Error: invalid handle
[2026-10-09 16:20:56.168] [svulkan2] [error] OIDN Error: invalid handle
[2026-10-09 16:20:56.168] [svulkan2] [error] OIDN Error: invalid handle
[2026-10-09 16:20:56.214] [svulkan2] [error] OIDN Error: invalid handle
[2026-10-09 16:20:56.214] [svulkan2] [error] OIDN Error: invalid handle
[2026-10-09 16:20:56.214] [svulkan2] [error] OIDN Error: invalid handle
[2026-10-09 16:20:56.214] [svulkan2] [error] OIDN Error: invalid handle
[2026-10-09 16:20:56.259] [svulkan2] [error] OIDN Error: invalid handle
[2026-10-09 16:20:56.259] [svulkan2] [error] OIDN Error: invalid handle
[2026-10-09 16:20:56.260] [svulkan2] [error] OIDN Error: invalid handle
[2026-10-09 16:20:56.260] [svulkan2] [error] OIDN Error: invalid handle
[2026-10-09 16:20:56.305] [svulkan2] [error] OIDN Error: invalid handle
[2026-10-09 16:20:56.305] [svulkan2] [error] OIDN Error: invalid handle
[2026-10-09 16:20:56.305] [svulkan2] [error] OIDN Error: invalid handle
[2026-10-09 16:20:56.305] [svulkan2] [error] OIDN Error: invalid handle
[2026-10-09 16:20:56.349] [svulkan2] [error] OIDN Error: invalid handle
[2026-10-09 16:20:56.349] [svulkan2] [error] OIDN Error: invalid handle
[2026-10-09 16:20:56.349] [svulkan2] [error] OIDN Error: invalid handle
[2026-10-09 16:20:56.349] [svulkan2] [error] OIDN Error: invalid handle
[2026-10-09 16:20:56.393] [svulkan2] [error] OIDN Error: invalid handle
[2026-10-09 16:20:56.393] [svulkan2] [error] OIDN Error: invalid handle
[2026-10-09 16:20:56.393] [svulkan2] [error] OIDN Error: invalid handle
[2026-10-09 16:20:56.393] [svulkan2] [error] OIDN Error: invalid handle
[2026-10-09 16:20:56.438] [svulkan2] [error] OIDN Error: invalid handle
[2026-10-09 16:20:56.438] [svulkan2] [error] OIDN Error: invalid handle
[2026-10-09 16:20:56.438] [svulkan2] [error] OIDN Error: invalid handle
[2026-10-09 16:20:56.438] [svulkan2] [error] OIDN Error: invalid handle
[2026-10-09 16:20:56.483] [svulkan2] [error] OIDN Error: invalid handle
[2026-10-09 16:20:56.483] [svulkan2] [error] OIDN Error: invalid handle
[2026-10-09 16:20:56.484] [svulkan2] [error] OIDN Error: invalid handle
[2026-10-09 16:20:56.484] [svulkan2] [error] OIDN Error: invalid handle
[2026-10-09 16:20:56.528] [svulkan2] [error] OIDN Error: invalid handle
[2026-10-09 16:20:56.528] [svulkan2] [error] OIDN Error: invalid handle
[2026-10-09 16:20:56.528] [svulkan2] [error] OIDN Error: invalid handle
[2026-10-09 16:20:56.528] [svulkan2] [error] OIDN Error: invalid handle
[2026-10-09 16:20:56.573] [svulkan2] [error] OIDN Error: invalid handle
[2026-10-09 16:20:56.573] [svulkan2] [error] OIDN Error: invalid handle
[2026-10-09 16:20:56.573] [svulkan2] [error] OIDN Error: invalid handle
[2026-10-09 16:20:56.573] [svulkan2] [error] OIDN Error: invalid handle
[2026-10-09 16:20:56.618] [svulkan2] [error] OIDN Error: invalid handle
[2026-10-09 16:20:56.619] [svulkan2] [error] OIDN Error: invalid handle
[2026-10-09 16:20:56.619] [svulkan2] [error] OIDN Error: invalid handle
[2026-10-09 16:20:56.619] [svulkan2] [error] OIDN Error: invalid handle
[2026-10-09 16:20:56.665] [svulkan2] [error] OIDN Error: invalid handle
[2026-10-09 16:20:56.665] [svulkan2] [error] OIDN Error: invalid handle
[2026-10-09 16:20:56.665] [svulkan2] [error] OIDN Error: invalid handle
[2026-10-09 16:20:56.665] [svulkan2] [error] OIDN Error: invalid handle
[2026-10-09 16:20:56.710] [svulkan2] [error] OIDN Error: invalid handle
[2026-10-09 16:20:56.710] [svulkan2] [error] OIDN Error: invalid handle
[2026-10-09 16:20:56.710] [svulkan2] [error] OIDN Error: invalid handle
[2026-10-09 16:20:56.710] [svulkan2] [error] OIDN Error: invalid handle
[2026-10-09 16:20:56.756] [svulkan2] [error] OIDN Error: invalid handle
[2026-10-09 16:20:56.758] [svulkan2] [error] OIDN Error: invalid handle
[2026-10-09 16:20:56.758] [svulkan2] [error] OIDN Error: invalid handle
[2026-10-09 16:20:56.758] [svulkan2] [error] OIDN Error: invalid handle
[2026-10-09 16:20:56.801] [svulkan2] [error] OIDN Error: invalid handle
[2026-10-09 16:20:56.801] [svulkan2] [error] OIDN Error: invalid handle
[2026-10-09 16:20:56.801] [svulkan2] [error] OIDN Error: invalid handle
[2026-10-09 16:20:56.801] [svulkan2] [error] OIDN Error: invalid handle
[2026-10-09 16:20:56.847] [svulkan2] [error] OIDN Error: invalid handle
[2026-10-09 16:20:56.847] [svulkan2] [error] OIDN Error: invalid handle
[2026-10-09 16:20:56.847] [svulkan2] [error] OIDN Error: invalid handle
[2026-10-09 16:20:56.848] [svulkan2] [error] OIDN Error: invalid handle
[2026-10-09 16:20:56.893] [svulkan2] [error] OIDN Error: invalid handle
[2026-10-09 16:20:56.893] [svulkan2] [error] OIDN Error: invalid handle
[2026-10-09 16:20:56.893] [svulkan2] [error] OIDN Error: invalid handle
[2026-10-09 16:20:56.893] [svulkan2] [error] OIDN Error: invalid handle
[2026-10-09 16:20:56.942] [svulkan2] [error] OIDN Error: invalid handle
[2026-10-09 16:20:56.942] [svulkan2] [error] OIDN Error: invalid handle
[2026-10-09 16:20:56.942] [svulkan2] [error] OIDN Error: invalid handle
[2026-10-09 16:20:56.942] [svulkan2] [error] OIDN Error: invalid handle
[2026-10-09 16:20:56.988] [svulkan2] [error] OIDN Error: invalid handle
[2026-10-09 16:20:56.988] [svulkan2] [error] OIDN Error: invalid handle
[2026-10-09 16:20:56.988] [svulkan2] [error] OIDN Error: invalid handle
[2026-10-09 16:20:56.988] [svulkan2] [error] OIDN Error: invalid handle
[2026-10-09 16:20:57.034] [svulkan2] [error] OIDN Error: invalid handle
[2026-10-09 16:20:57.034] [svulkan2] [error] OIDN Error: invalid handle
[2026-10-09 16:20:57.034] [svulkan2] [error] OIDN Error: invalid handle
[2026-10-09 16:20:57.034] [svulkan2] [error] OIDN Error: invalid handle
[2026-10-09 16:20:57.081] [svulkan2] [error] OIDN Error: invalid handle
[2026-10-09 16:20:57.081] [svulkan2] [error] OIDN Error: invalid handle
[2026-10-09 16:20:57.081] [svulkan2] [error] OIDN Error: invalid handle
[2026-10-09 16:20:57.081] [svulkan2] [error] OIDN Error: invalid handle
[2026-10-09 16:20:57.128] [svulkan2] [error] OIDN Error: invalid handle
[2026-10-09 16:20:57.128] [svulkan2] [error] OIDN Error: invalid handle
[2026-10-09 16:20:57.128] [svulkan2] [error] OIDN Error: invalid handle
[2026-10-09 16:20:57.128] [svulkan2] [error] OIDN Error: invalid handle
[2026-10-09 16:20:57.176] [svulkan2] [error] OIDN Error: invalid handle
[2026-10-09 16:20:57.176] [svulkan2] [error] OIDN Error: invalid handle
[2026-10-09 16:20:57.176] [svulkan2] [error] OIDN Error: invalid handle
[2026-10-09 16:20:57.176] [svulkan2] [error] OIDN Error: invalid handle
[2026-10-09 16:20:57.223] [svulkan2] [error] OIDN Error: invalid handle
[2026-10-09 16:20:57.223] [svulkan2] [error] OIDN Error: invalid handle
[2026-10-09 16:20:57.223] [svulkan2] [error] OIDN Error: invalid handle
[2026-10-09 16:20:57.223] [svulkan2] [error] OIDN Error: invalid handle
[2026-10-09 16:20:57.271] [svulkan2] [error] OIDN Error: invalid handle
[2026-10-09 16:20:57.271] [svulkan2] [error] OIDN Error: invalid handle
[2026-10-09 16:20:57.271] [svulkan2] [error] OIDN Error: invalid handle
[2026-10-09 16:20:57.271] [svulkan2] [error] OIDN Error: invalid handle
[2026-10-09 16:20:57.318] [svulkan2] [error] OIDN Error: invalid handle
[2026-10-09 16:20:57.318] [svulkan2] [error] OIDN Error: invalid handle
[2026-10-09 16:20:57.318] [svulkan2] [error] OIDN Error: invalid handle
[2026-10-09 16:20:57.318] [svulkan2] [error] OIDN Error: invalid handle
[2026-10-09 16:20:57.366] [svulkan2] [error] OIDN Error: invalid handle
[2026-10-09 16:20:57.366] [svulkan2] [error] OIDN Error: invalid handle
[2026-10-09 16:20:57.367] [svulkan2] [error] OIDN Error: invalid handle
[2026-10-09 16:20:57.367] [svulkan2] [error] OIDN Error: invalid handle
[2026-10-09 16:20:57.413] [svulkan2] [error] OIDN Error: invalid handle
[2026-10-09 16:20:57.413] [svulkan2] [error] OIDN Error: invalid handle
[2026-10-09 16:20:57.413] [svulkan2] [error] OIDN Error: invalid handle
[2026-10-09 16:20:57.413] [svulkan2] [error] OIDN Error: invalid handle
[2026-10-09 16:20:57.460] [svulkan2] [error] OIDN Error: invalid handle
[2026-10-09 16:20:57.460] [svulkan2] [error] OIDN Error: invalid handle
[2026-10-09 16:20:57.460] [svulkan2] [error] OIDN Error: invalid handle
[2026-10-09 16:20:57.460] [svulkan2] [error] OIDN Error: invalid handle
[2026-10-09 16:20:57.508] [svulkan2] [error] OIDN Error: invalid handle
[2026-10-09 16:20:57.509] [svulkan2] [error] OIDN Error: invalid handle
[2026-10-09 16:20:57.509] [svulkan2] [error] OIDN Error: invalid handle
[2026-10-09 16:20:57.509] [svulkan2] [error] OIDN Error: invalid handle
[2026-10-09 16:20:57.557] [svulkan2] [error] OIDN Error: invalid handle
[2026-10-09 16:20:57.557] [svulkan2] [error] OIDN Error: invalid handle
[2026-10-09 16:20:57.557] [svulkan2] [error] OIDN Error: invalid handle
[2026-10-09 16:20:57.557] [svulkan2] [error] OIDN Error: invalid handle
[2026-10-09 16:20:57.606] [svulkan2] [error] OIDN Error: invalid handle
[2026-10-09 16:20:57.606] [svulkan2] [error] OIDN Error: invalid handle
[2026-10-09 16:20:57.606] [svulkan2] [error] OIDN Error: invalid handle
[2026-10-09 16:20:57.606] [svulkan2] [error] OIDN Error: invalid handle
[2026-10-09 16:20:57.654] [svulkan2] [error] OIDN Error: invalid handle
[2026-10-09 16:20:57.654] [svulkan2] [error] OIDN Error: invalid handle
[2026-10-09 16:20:57.654] [svulkan2] [error] OIDN Error: invalid handle
[2026-10-09 16:20:57.654] [svulkan2] [error] OIDN Error: invalid handle
[2026-10-09 16:20:57.701] [svulkan2] [error] OIDN Error: invalid handle
[2026-10-09 16:20:57.702] [svulkan2] [error] OIDN Error: invalid handle
[2026-10-09 16:20:57.702] [svulkan2] [error] OIDN Error: invalid handle
[2026-10-09 16:20:57.702] [svulkan2] [error] OIDN Error: invalid handle
[2026-10-09 16:20:57.749] [svulkan2] [error] OIDN Error: invalid handle
[2026-10-09 16:20:57.749] [svulkan2] [error] OIDN Error: invalid handle
[2026-10-09 16:20:57.749] [svulkan2] [error] OIDN Error: invalid handle
[2026-10-09 16:20:57.749] [svulkan2] [error] OIDN Error: invalid handle
[2026-10-09 16:20:57.797] [svulkan2] [error] OIDN Error: invalid handle
[2026-10-09 16:20:57.797] [svulkan2] [error] OIDN Error: invalid handle
[2026-10-09 16:20:57.797] [svulkan2] [error] OIDN Error: invalid handle
[2026-10-09 16:20:57.798] [svulkan2] [error] OIDN Error: invalid handle
[2026-10-09 16:20:57.847] [svulkan2] [error] OIDN Error: invalid handle
[2026-10-09 16:20:57.847] [svulkan2] [error] OIDN Error: invalid handle
[2026-10-09 16:20:57.847] [svulkan2] [error] OIDN Error: invalid handle
[2026-10-09 16:20:57.847] [svulkan2] [error] OIDN Error: invalid handle
[2026-10-09 16:20:57.893] [svulkan2] [error] OIDN Error: invalid handle
[2026-10-09 16:20:57.893] [svulkan2] [error] OIDN Error: invalid handle
[2026-10-09 16:20:57.894] [svulkan2] [error] OIDN Error: invalid handle
[2026-10-09 16:20:57.894] [svulkan2] [error] OIDN Error: invalid handle
step: [92m2 / 400[0m{"attempt": 1, "decision": 1, "id": 2, "motions": 2, "left": "pos [-0.24, -0.14, 0.98] quat [0.7, 0.0, 0.0, 0.71] grip 1.00", "right": "pos [0.24, -0.14, 0.98] quat [0.7, 0.0, 0.0, 0.71] grip 1.00", "planner": {"left": "Success", "right": "Success"}, "success": false, "calls_total": 2, "latency_s": 13.8}
[2026-10-09 16:21:22.514] [svulkan2] [error] OIDN Error: invalid handle
[2026-10-09 16:21:22.514] [svulkan2] [error] OIDN Error: invalid handle
[2026-10-09 16:21:22.514] [svulkan2] [error] OIDN Error: invalid handle
[2026-10-09 16:21:22.514] [svulkan2] [error] OIDN Error: invalid handle
[2026-10-09 16:21:22.561] [svulkan2] [error] OIDN Error: invalid handle
[2026-10-09 16:21:22.561] [svulkan2] [error] OIDN Error: invalid handle
[2026-10-09 16:21:22.561] [svulkan2] [error] OIDN Error: invalid handle
[2026-10-09 16:21:22.561] [svulkan2] [error] OIDN Error: invalid handle
[2026-10-09 16:21:22.608] [svulkan2] [error] OIDN Error: invalid handle
[2026-10-09 16:21:22.608] [svulkan2] [error] OIDN Error: invalid handle
[2026-10-09 16:21:22.608] [svulkan2] [error] OIDN Error: invalid handle
[2026-10-09 16:21:22.608] [svulkan2] [error] OIDN Error: invalid handle
[2026-10-09 16:21:22.655] [svulkan2] [error] OIDN Error: invalid handle
[2026-10-09 16:21:22.655] [svulkan2] [error] OIDN Error: invalid handle
[2026-10-09 16:21:22.655] [svulkan2] [error] OIDN Error: invalid handle
[2026-10-09 16:21:22.655] [svulkan2] [error] OIDN Error: invalid handle
[2026-10-09 16:21:22.703] [svulkan2] [error] OIDN Error: invalid handle
[2026-10-09 16:21:22.703] [svulkan2] [error] OIDN Error: invalid handle
[2026-10-09 16:21:22.703] [svulkan2] [error] OIDN Error: invalid handle
[2026-10-09 16:21:22.703] [svulkan2] [error] OIDN Error: invalid handle
[2026-10-09 16:21:22.750] [svulkan2] [error] OIDN Error: invalid handle
[2026-10-09 16:21:22.751] [svulkan2] [error] OIDN Error: invalid handle
[2026-10-09 16:21:22.751] [svulkan2] [error] OIDN Error: invalid handle
[2026-10-09 16:21:22.751] [svulkan2] [error] OIDN Error: invalid handle
[2026-10-09 16:21:22.799] [svulkan2] [error] OIDN Error: invalid handle
[2026-10-09 16:21:22.799] [svulkan2] [error] OIDN Error: invalid handle
[2026-10-09 16:21:22.799] [svulkan2] [error] OIDN Error: invalid handle
[2026-10-09 16:21:22.799] [svulkan2] [error] OIDN Error: invalid handle
[2026-10-09 16:21:22.848] [svulkan2] [error] OIDN Error: invalid handle
[2026-10-09 16:21:22.848] [svulkan2] [error] OIDN Error: invalid handle
[2026-10-09 16:21:22.848] [svulkan2] [error] OIDN Error: invalid handle
[2026-10-09 16:21:22.849] [svulkan2] [error] OIDN Error: invalid handle
[2026-10-09 16:21:22.897] [svulkan2] [error] OIDN Error: invalid handle
[2026-10-09 16:21:22.897] [svulkan2] [error] OIDN Error: invalid handle
[2026-10-09 16:21:22.898] [svulkan2] [error] OIDN Error: invalid handle
[2026-10-09 16:21:22.898] [svulkan2] [error] OIDN Error: invalid handle
[2026-10-09 16:21:22.947] [svulkan2] [error] OIDN Error: invalid handle
[2026-10-09 16:21:22.947] [svulkan2] [error] OIDN Error: invalid handle
[2026-10-09 16:21:22.947] [svulkan2] [error] OIDN Error: invalid handle
[2026-10-09 16:21:22.947] [svulkan2] [error] OIDN Error: invalid handle
[2026-10-09 16:21:22.996] [svulkan2] [error] OIDN Error: invalid handle
[2026-10-09 16:21:22.996] [svulkan2] [error] OIDN Error: invalid handle
[2026-10-09 16:21:22.996] [svulkan2] [error] OIDN Error: invalid handle
[2026-10-09 16:21:22.996] [svulkan2] [error] OIDN Error: invalid handle
[2026-10-09 16:21:23.045] [svulkan2] [error] OIDN Error: invalid handle
[2026-10-09 16:21:23.047] [svulkan2] [error] OIDN Error: invalid handle
[2026-10-09 16:21:23.047] [svulkan2] [error] OIDN Error: invalid handle
[2026-10-09 16:21:23.047] [svulkan2] [error] OIDN Error: invalid handle
[2026-10-09 16:21:23.094] [svulkan2] [error] OIDN Error: invalid handle
[2026-10-09 16:21:23.094] [svulkan2] [error] OIDN Error: invalid handle
[2026-10-09 16:21:23.094] [svulkan2] [error] OIDN Error: invalid handle
[2026-10-09 16:21:23.094] [svulkan2] [error] OIDN Error: invalid handle
[2026-10-09 16:21:23.145] [svulkan2] [error] OIDN Error: invalid handle
[2026-10-09 16:21:23.145] [svulkan2] [error] OIDN Error: invalid handle
[2026-10-09 16:21:23.145] [svulkan2] [error] OIDN Error: invalid handle
[2026-10-09 16:21:23.145] [svulkan2] [error] OIDN Error: invalid handle
[2026-10-09 16:21:23.195] [svulkan2] [error] OIDN Error: invalid handle
[2026-10-09 16:21:23.195] [svulkan2] [error] OIDN Error: invalid handle
[2026-10-09 16:21:23.195] [svulkan2] [error] OIDN Error: invalid handle
[2026-10-09 16:21:23.195] [svulkan2] [error] OIDN Error: invalid handle
[2026-10-09 16:21:23.246] [svulkan2] [error] OIDN Error: invalid handle
[2026-10-09 16:21:23.247] [svulkan2] [error] OIDN Error: invalid handle
[2026-10-09 16:21:23.247] [svulkan2] [error] OIDN Error: invalid handle
[2026-10-09 16:21:23.247] [svulkan2] [error] OIDN Error: invalid handle
[2026-10-09 16:21:23.295] [svulkan2] [error] OIDN Error: invalid handle
[2026-10-09 16:21:23.295] [svulkan2] [error] OIDN Error: invalid handle
[2026-10-09 16:21:23.295] [svulkan2] [error] OIDN Error: invalid handle
[2026-10-09 16:21:23.295] [svulkan2] [error] OIDN Error: invalid handle
[2026-10-09 16:21:23.345] [svulkan2] [error] OIDN Error: invalid handle
[2026-10-09 16:21:23.345] [svulkan2] [error] OIDN Error: invalid handle
[2026-10-09 16:21:23.345] [svulkan2] [error] OIDN Error: invalid handle
[2026-10-09 16:21:23.345] [svulkan2] [error] OIDN Error: invalid handle
[2026-10-09 16:21:23.394] [svulkan2] [error] OIDN Error: invalid handle
[2026-10-09 16:21:23.394] [svulkan2] [error] OIDN Error: invalid handle
[2026-10-09 16:21:23.394] [svulkan2] [error] OIDN Error: invalid handle
[2026-10-09 16:21:23.394] [svulkan2] [error] OIDN Error: invalid handle
[2026-10-09 16:21:23.443] [svulkan2] [error] OIDN Error: invalid handle
[2026-10-09 16:21:23.443] [svulkan2] [error] OIDN Error: invalid handle
[2026-10-09 16:21:23.443] [svulkan2] [error] OIDN Error: invalid handle
[2026-10-09 16:21:23.443] [svulkan2] [error] OIDN Error: invalid handle
[2026-10-09 16:21:23.493] [svulkan2] [error] OIDN Error: invalid handle
[2026-10-09 16:21:23.493] [svulkan2] [error] OIDN Error: invalid handle
[2026-10-09 16:21:23.493] [svulkan2] [error] OIDN Error: invalid handle
[2026-10-09 16:21:23.493] [svulkan2] [error] OIDN Error: invalid handle
[2026-10-09 16:21:23.543] [svulkan2] [error] OIDN Error: invalid handle
[2026-10-09 16:21:23.543] [svulkan2] [error] OIDN Error: invalid handle
[2026-10-09 16:21:23.543] [svulkan2] [error] OIDN Error: invalid handle
[2026-10-09 16:21:23.543] [svulkan2] [error] OIDN Error: invalid handle
[2026-10-09 16:21:23.592] [svulkan2] [error] OIDN Error: invalid handle
[2026-10-09 16:21:23.592] [svulkan2] [error] OIDN Error: invalid handle
[2026-10-09 16:21:23.592] [svulkan2] [error] OIDN Error: invalid handle
[2026-10-09 16:21:23.592] [svulkan2] [error] OIDN Error: invalid handle
[2026-10-09 16:21:23.641] [svulkan2] [error] OIDN Error: invalid handle
[2026-10-09 16:21:23.642] [svulkan2] [error] OIDN Error: invalid handle
[2026-10-09 16:21:23.642] [svulkan2] [error] OIDN Error: invalid handle
[2026-10-09 16:21:23.642] [svulkan2] [error] OIDN Error: invalid handle
[2026-10-09 16:21:23.691] [svulkan2] [error] OIDN Error: invalid handle
[2026-10-09 16:21:23.691] [svulkan2] [error] OIDN Error: invalid handle
[2026-10-09 16:21:23.691] [svulkan2] [error] OIDN Error: invalid handle
[2026-10-09 16:21:23.691] [svulkan2] [error] OIDN Error: invalid handle
[2026-10-09 16:21:23.741] [svulkan2] [error] OIDN Error: invalid handle
[2026-10-09 16:21:23.741] [svulkan2] [error] OIDN Error: invalid handle
[2026-10-09 16:21:23.741] [svulkan2] [error] OIDN Error: invalid handle
[2026-10-09 16:21:23.741] [svulkan2] [error] OIDN Error: invalid handle
[2026-10-09 16:21:23.790] [svulkan2] [error] OIDN Error: invalid handle
[2026-10-09 16:21:23.790] [svulkan2] [error] OIDN Error: invalid handle
[2026-10-09 16:21:23.790] [svulkan2] [error] OIDN Error: invalid handle
[2026-10-09 16:21:23.790] [svulkan2] [error] OIDN Error: invalid handle
[2026-10-09 16:21:23.839] [svulkan2] [error] OIDN Error: invalid handle
[2026-10-09 16:21:23.839] [svulkan2] [error] OIDN Error: invalid handle
[2026-10-09 16:21:23.839] [svulkan2] [error] OIDN Error: invalid handle
[2026-10-09 16:21:23.839] [svulkan2] [error] OIDN Error: invalid handle
[2026-10-09 16:21:23.888] [svulkan2] [error] OIDN Error: invalid handle
[2026-10-09 16:21:23.888] [svulkan2] [error] OIDN Error: invalid handle
[2026-10-09 16:21:23.888] [svulkan2] [error] OIDN Error: invalid handle
[2026-10-09 16:21:23.888] [svulkan2] [error] OIDN Error: invalid handle
[2026-10-09 16:21:23.937] [svulkan2] [error] OIDN Error: invalid handle
[2026-10-09 16:21:23.938] [svulkan2] [error] OIDN Error: invalid handle
[2026-10-09 16:21:23.938] [svulkan2] [error] OIDN Error: invalid handle
[2026-10-09 16:21:23.938] [svulkan2] [error] OIDN Error: invalid handle
[2026-10-09 16:21:23.987] [svulkan2] [error] OIDN Error: invalid handle
[2026-10-09 16:21:23.988] [svulkan2] [error] OIDN Error: invalid handle
[2026-10-09 16:21:23.988] [svulkan2] [error] OIDN Error: invalid handle
[2026-10-09 16:21:23.988] [svulkan2] [error] OIDN Error: invalid handle
[2026-10-09 16:21:24.037] [svulkan2] [error] OIDN Error: invalid handle
[2026-10-09 16:21:24.037] [svulkan2] [error] OIDN Error: invalid handle
[2026-10-09 16:21:24.037] [svulkan2] [error] OIDN Error: invalid handle
[2026-10-09 16:21:24.037] [svulkan2] [error] OIDN Error: invalid handle
[2026-10-09 16:21:24.087] [svulkan2] [error] OIDN Error: invalid handle
[2026-10-09 16:21:24.087] [svulkan2] [error] OIDN Error: invalid handle
[2026-10-09 16:21:24.087] [svulkan2] [error] OIDN Error: invalid handle
[2026-10-09 16:21:24.087] [svulkan2] [error] OIDN Error: invalid handle
[2026-10-09 16:21:24.137] [svulkan2] [error] OIDN Error: invalid handle
[2026-10-09 16:21:24.137] [svulkan2] [error] OIDN Error: invalid handle
[2026-10-09 16:21:24.137] [svulkan2] [error] OIDN Error: invalid handle
[2026-10-09 16:21:24.137] [svulkan2] [error] OIDN Error: invalid handle
[2026-10-09 16:21:24.188] [svulkan2] [error] OIDN Error: invalid handle
[2026-10-09 16:21:24.188] [svulkan2] [error] OIDN Error: invalid handle
[2026-10-09 16:21:24.188] [svulkan2] [error] OIDN Error: invalid handle
[2026-10-09 16:21:24.188] [svulkan2] [error] OIDN Error: invalid handle
[2026-10-09 16:21:24.239] [svulkan2] [error] OIDN Error: invalid handle
[2026-10-09 16:21:24.239] [svulkan2] [error] OIDN Error: invalid handle
[2026-10-09 16:21:24.239] [svulkan2] [error] OIDN Error: invalid handle
[2026-10-09 16:21:24.239] [svulkan2] [error] OIDN Error: invalid handle
[2026-10-09 16:21:24.290] [svulkan2] [error] OIDN Error: invalid handle
[2026-10-09 16:21:24.290] [svulkan2] [error] OIDN Error: invalid handle
[2026-10-09 16:21:24.290] [svulkan2] [error] OIDN Error: invalid handle
[2026-10-09 16:21:24.290] [svulkan2] [error] OIDN Error: invalid handle
[2026-10-09 16:21:24.342] [svulkan2] [error] OIDN Error: invalid handle
[2026-10-09 16:21:24.342] [svulkan2] [error] OIDN Error: invalid handle
[2026-10-09 16:21:24.342] [svulkan2] [error] OIDN Error: invalid handle
[2026-10-09 16:21:24.342] [svulkan2] [error] OIDN Error: invalid handle
[2026-10-09 16:21:24.399] [svulkan2] [error] OIDN Error: invalid handle
[2026-10-09 16:21:24.399] [svulkan2] [error] OIDN Error: invalid handle
[2026-10-09 16:21:24.399] [svulkan2] [error] OIDN Error: invalid handle
[2026-10-09 16:21:24.399] [svulkan2] [error] OIDN Error: invalid handle
[2026-10-09 16:21:24.451] [svulkan2] [error] OIDN Error: invalid handle
[2026-10-09 16:21:24.451] [svulkan2] [error] OIDN Error: invalid handle
[2026-10-09 16:21:24.451] [svulkan2] [error] OIDN Error: invalid handle
[2026-10-09 16:21:24.451] [svulkan2] [error] OIDN Error: invalid handle
[2026-10-09 16:21:24.503] [svulkan2] [error] OIDN Error: invalid handle
[2026-10-09 16:21:24.503] [svulkan2] [error] OIDN Error: invalid handle
[2026-10-09 16:21:24.503] [svulkan2] [error] OIDN Error: invalid handle
[2026-10-09 16:21:24.503] [svulkan2] [error] OIDN Error: invalid handle
[2026-10-09 16:21:24.555] [svulkan2] [error] OIDN Error: invalid handle
[2026-10-09 16:21:24.555] [svulkan2] [error] OIDN Error: invalid handle
[2026-10-09 16:21:24.555] [svulkan2] [error] OIDN Error: invalid handle
[2026-10-09 16:21:24.555] [svulkan2] [error] OIDN Error: invalid handle
[2026-10-09 16:21:24.608] [svulkan2] [error] OIDN Error: invalid handle
[2026-10-09 16:21:24.608] [svulkan2] [error] OIDN Error: invalid handle
[2026-10-09 16:21:24.608] [svulkan2] [error] OIDN Error: invalid handle
[2026-10-09 16:21:24.608] [svulkan2] [error] OIDN Error: invalid handle
[2026-10-09 16:21:24.659] [svulkan2] [error] OIDN Error: invalid handle
[2026-10-09 16:21:24.659] [svulkan2] [error] OIDN Error: invalid handle
[2026-10-09 16:21:24.660] [svulkan2] [error] OIDN Error: invalid handle
[2026-10-09 16:21:24.660] [svulkan2] [error] OIDN Error: invalid handle
[2026-10-09 16:21:24.711] [svulkan2] [error] OIDN Error: invalid handle
[2026-10-09 16:21:24.711] [svulkan2] [error] OIDN Error: invalid handle
[2026-10-09 16:21:24.711] [svulkan2] [error] OIDN Error: invalid handle
[2026-10-09 16:21:24.711] [svulkan2] [error] OIDN Error: invalid handle
[2026-10-09 16:21:24.763] [svulkan2] [error] OIDN Error: invalid handle
[2026-10-09 16:21:24.763] [svulkan2] [error] OIDN Error: invalid handle
[2026-10-09 16:21:24.763] [svulkan2] [error] OIDN Error: invalid handle
[2026-10-09 16:21:24.763] [svulkan2] [error] OIDN Error: invalid handle
[2026-10-09 16:21:24.816] [svulkan2] [error] OIDN Error: invalid handle
[2026-10-09 16:21:24.816] [svulkan2] [error] OIDN Error: invalid handle
[2026-10-09 16:21:24.816] [svulkan2] [error] OIDN Error: invalid handle
[2026-10-09 16:21:24.816] [svulkan2] [error] OIDN Error: invalid handle
[2026-10-09 16:21:24.869] [svulkan2] [error] OIDN Error: invalid handle
[2026-10-09 16:21:24.869] [svulkan2] [error] OIDN Error: invalid handle
[2026-10-09 16:21:24.869] [svulkan2] [error] OIDN Error: invalid handle
[2026-10-09 16:21:24.871] [svulkan2] [error] OIDN Error: invalid handle
[2026-10-09 16:21:24.921] [svulkan2] [error] OIDN Error: invalid handle
[2026-10-09 16:21:24.921] [svulkan2] [error] OIDN Error: invalid handle
[2026-10-09 16:21:24.921] [svulkan2] [error] OIDN Error: invalid handle
[2026-10-09 16:21:24.921] [svulkan2] [error] OIDN Error: invalid handle
[2026-10-09 16:21:24.974] [svulkan2] [error] OIDN Error: invalid handle
[2026-10-09 16:21:24.974] [svulkan2] [error] OIDN Error: invalid handle
[2026-10-09 16:21:24.975] [svulkan2] [error] OIDN Error: invalid handle
[2026-10-09 16:21:24.975] [svulkan2] [error] OIDN Error: invalid handle
[2026-10-09 16:21:25.028] [svulkan2] [error] OIDN Error: invalid handle
[2026-10-09 16:21:25.028] [svulkan2] [error] OIDN Error: invalid handle
[2026-10-09 16:21:25.028] [svulkan2] [error] OIDN Error: invalid handle
[2026-10-09 16:21:25.028] [svulkan2] [error] OIDN Error: invalid handle
[2026-10-09 16:21:25.081] [svulkan2] [error] OIDN Error: invalid handle
[2026-10-09 16:21:25.081] [svulkan2] [error] OIDN Error: invalid handle
[2026-10-09 16:21:25.081] [svulkan2] [error] OIDN Error: invalid handle
[2026-10-09 16:21:25.081] [svulkan2] [error] OIDN Error: invalid handle
[2026-10-09 16:21:25.134] [svulkan2] [error] OIDN Error: invalid handle
[2026-10-09 16:21:25.134] [svulkan2] [error] OIDN Error: invalid handle
[2026-10-09 16:21:25.134] [svulkan2] [error] OIDN Error: invalid handle
[2026-10-09 16:21:25.134] [svulkan2] [error] OIDN Error: invalid handle
[2026-10-09 16:21:25.188] [svulkan2] [error] OIDN Error: invalid handle
[2026-10-09 16:21:25.188] [svulkan2] [error] OIDN Error: invalid handle
[2026-10-09 16:21:25.188] [svulkan2] [error] OIDN Error: invalid handle
[2026-10-09 16:21:25.188] [svulkan2] [error] OIDN Error: invalid handle
[2026-10-09 16:21:25.241] [svulkan2] [error] OIDN Error: invalid handle
[2026-10-09 16:21:25.241] [svulkan2] [error] OIDN Error: invalid handle
[2026-10-09 16:21:25.241] [svulkan2] [error] OIDN Error: invalid handle
[2026-10-09 16:21:25.242] [svulkan2] [error] OIDN Error: invalid handle
[2026-10-09 16:21:25.295] [svulkan2] [error] OIDN Error: invalid handle
[2026-10-09 16:21:25.295] [svulkan2] [error] OIDN Error: invalid handle
[2026-10-09 16:21:25.295] [svulkan2] [error] OIDN Error: invalid handle
[2026-10-09 16:21:25.295] [svulkan2] [error] OIDN Error: invalid handle
[2026-10-09 16:21:25.350] [svulkan2] [error] OIDN Error: invalid handle
[2026-10-09 16:21:25.350] [svulkan2] [error] OIDN Error: invalid handle
[2026-10-09 16:21:25.350] [svulkan2] [error] OIDN Error: invalid handle
[2026-10-09 16:21:25.350] [svulkan2] [error] OIDN Error: invalid handle
[2026-10-09 16:21:25.408] [svulkan2] [error] OIDN Error: invalid handle
[2026-10-09 16:21:25.408] [svulkan2] [error] OIDN Error: invalid handle
[2026-10-09 16:21:25.408] [svulkan2] [error] OIDN Error: invalid handle
[2026-10-09 16:21:25.408] [svulkan2] [error] OIDN Error: invalid handle
[2026-10-09 16:21:25.461] [svulkan2] [error] OIDN Error: invalid handle
[2026-10-09 16:21:25.462] [svulkan2] [error] OIDN Error: invalid handle
[2026-10-09 16:21:25.462] [svulkan2] [error] OIDN Error: invalid handle
[2026-10-09 16:21:25.462] [svulkan2] [error] OIDN Error: invalid handle
[2026-10-09 16:21:25.516] [svulkan2] [error] OIDN Error: invalid handle
[2026-10-09 16:21:25.516] [svulkan2] [error] OIDN Error: invalid handle
[2026-10-09 16:21:25.516] [svulkan2] [error] OIDN Error: invalid handle
[2026-10-09 16:21:25.516] [svulkan2] [error] OIDN Error: invalid handle
[2026-10-09 16:21:25.570] [svulkan2] [error] OIDN Error: invalid handle
[2026-10-09 16:21:25.570] [svulkan2] [error] OIDN Error: invalid handle
[2026-10-09 16:21:25.570] [svulkan2] [error] OIDN Error: invalid handle
[2026-10-09 16:21:25.570] [svulkan2] [error] OIDN Error: invalid handle
[2026-10-09 16:21:25.624] [svulkan2] [error] OIDN Error: invalid handle
[2026-10-09 16:21:25.624] [svulkan2] [error] OIDN Error: invalid handle
[2026-10-09 16:21:25.624] [svulkan2] [error] OIDN Error: invalid handle
[2026-10-09 16:21:25.624] [svulkan2] [error] OIDN Error: invalid handle
[2026-10-09 16:21:25.677] [svulkan2] [error] OIDN Error: invalid handle
[2026-10-09 16:21:25.677] [svulkan2] [error] OIDN Error: invalid handle
[2026-10-09 16:21:25.677] [svulkan2] [error] OIDN Error: invalid handle
[2026-10-09 16:21:25.677] [svulkan2] [error] OIDN Error: invalid handle
[2026-10-09 16:21:25.729] [svulkan2] [error] OIDN Error: invalid handle
[2026-10-09 16:21:25.729] [svulkan2] [error] OIDN Error: invalid handle
[2026-10-09 16:21:25.729] [svulkan2] [error] OIDN Error: invalid handle
[2026-10-09 16:21:25.729] [svulkan2] [error] OIDN Error: invalid handle
[2026-10-09 16:21:25.782] [svulkan2] [error] OIDN Error: invalid handle
[2026-10-09 16:21:25.782] [svulkan2] [error] OIDN Error: invalid handle
[2026-10-09 16:21:25.782] [svulkan2] [error] OIDN Error: invalid handle
[2026-10-09 16:21:25.782] [svulkan2] [error] OIDN Error: invalid handle
[2026-10-09 16:21:25.836] [svulkan2] [error] OIDN Error: invalid handle
[2026-10-09 16:21:25.836] [svulkan2] [error] OIDN Error: invalid handle
[2026-10-09 16:21:25.836] [svulkan2] [error] OIDN Error: invalid handle
[2026-10-09 16:21:25.836] [svulkan2] [error] OIDN Error: invalid handle
[2026-10-09 16:21:25.886] [svulkan2] [error] OIDN Error: invalid handle
[2026-10-09 16:21:25.886] [svulkan2] [error] OIDN Error: invalid handle
[2026-10-09 16:21:25.887] [svulkan2] [error] OIDN Error: invalid handle
[2026-10-09 16:21:25.887] [svulkan2] [error] OIDN Error: invalid handle
step: [92m3 / 400[0m{"attempt": 1, "decision": 2, "id": 3, "motions": 3, "left": "pos [-0.16, -0.04, 0.96] quat [0.5, -0.5, 0.5, 0.5] grip 1.00", "right": "pos [0.16, -0.04, 0.96] quat [0.5, -0.5, 0.5, 0.5] grip 1.00", "planner": {"left": "Success", "right": "Success"}, "success": false, "calls_total": 3, "latency_s": 23.92}
[2026-10-09 16:21:56.248] [svulkan2] [error] OIDN Error: invalid handle
[2026-10-09 16:21:56.248] [svulkan2] [error] OIDN Error: invalid handle
[2026-10-09 16:21:56.248] [svulkan2] [error] OIDN Error: invalid handle
[2026-10-09 16:21:56.248] [svulkan2] [error] OIDN Error: invalid handle
[2026-10-09 16:21:56.300] [svulkan2] [error] OIDN Error: invalid handle
[2026-10-09 16:21:56.300] [svulkan2] [error] OIDN Error: invalid handle
[2026-10-09 16:21:56.300] [svulkan2] [error] OIDN Error: invalid handle
[2026-10-09 16:21:56.300] [svulkan2] [error] OIDN Error: invalid handle
[2026-10-09 16:21:56.352] [svulkan2] [error] OIDN Error: invalid handle
[2026-10-09 16:21:56.352] [svulkan2] [error] OIDN Error: invalid handle
[2026-10-09 16:21:56.352] [svulkan2] [error] OIDN Error: invalid handle
[2026-10-09 16:21:56.352] [svulkan2] [error] OIDN Error: invalid handle
[2026-10-09 16:21:56.405] [svulkan2] [error] OIDN Error: invalid handle
[2026-10-09 16:21:56.405] [svulkan2] [error] OIDN Error: invalid handle
[2026-10-09 16:21:56.405] [svulkan2] [error] OIDN Error: invalid handle
[2026-10-09 16:21:56.405] [svulkan2] [error] OIDN Error: invalid handle
[2026-10-09 16:21:56.458] [svulkan2] [error] OIDN Error: invalid handle
[2026-10-09 16:21:56.458] [svulkan2] [error] OIDN Error: invalid handle
[2026-10-09 16:21:56.458] [svulkan2] [error] OIDN Error: invalid handle
[2026-10-09 16:21:56.458] [svulkan2] [error] OIDN Error: invalid handle
[2026-10-09 16:21:56.511] [svulkan2] [error] OIDN Error: invalid handle
[2026-10-09 16:21:56.511] [svulkan2] [error] OIDN Error: invalid handle
[2026-10-09 16:21:56.511] [svulkan2] [error] OIDN Error: invalid handle
[2026-10-09 16:21:56.511] [svulkan2] [error] OIDN Error: invalid handle
[2026-10-09 16:21:56.564] [svulkan2] [error] OIDN Error: invalid handle
[2026-10-09 16:21:56.564] [svulkan2] [error] OIDN Error: invalid handle
[2026-10-09 16:21:56.564] [svulkan2] [error] OIDN Error: invalid handle
[2026-10-09 16:21:56.564] [svulkan2] [error] OIDN Error: invalid handle
[2026-10-09 16:21:56.617] [svulkan2] [error] OIDN Error: invalid handle
[2026-10-09 16:21:56.617] [svulkan2] [error] OIDN Error: invalid handle
[2026-10-09 16:21:56.617] [svulkan2] [error] OIDN Error: invalid handle
[2026-10-09 16:21:56.617] [svulkan2] [error] OIDN Error: invalid handle
[2026-10-09 16:21:56.670] [svulkan2] [error] OIDN Error: invalid handle
[2026-10-09 16:21:56.670] [svulkan2] [error] OIDN Error: invalid handle
[2026-10-09 16:21:56.670] [svulkan2] [error] OIDN Error: invalid handle
[2026-10-09 16:21:56.670] [svulkan2] [error] OIDN Error: invalid handle
[2026-10-09 16:21:56.723] [svulkan2] [error] OIDN Error: invalid handle
[2026-10-09 16:21:56.724] [svulkan2] [error] OIDN Error: invalid handle
[2026-10-09 16:21:56.724] [svulkan2] [error] OIDN Error: invalid handle
[2026-10-09 16:21:56.724] [svulkan2] [error] OIDN Error: invalid handle
[2026-10-09 16:21:56.777] [svulkan2] [error] OIDN Error: invalid handle
[2026-10-09 16:21:56.777] [svulkan2] [error] OIDN Error: invalid handle
[2026-10-09 16:21:56.777] [svulkan2] [error] OIDN Error: invalid handle
[2026-10-09 16:21:56.777] [svulkan2] [error] OIDN Error: invalid handle
[2026-10-09 16:21:56.831] [svulkan2] [error] OIDN Error: invalid handle
[2026-10-09 16:21:56.831] [svulkan2] [error] OIDN Error: invalid handle
[2026-10-09 16:21:56.831] [svulkan2] [error] OIDN Error: invalid handle
[2026-10-09 16:21:56.831] [svulkan2] [error] OIDN Error: invalid handle
[2026-10-09 16:21:56.885] [svulkan2] [error] OIDN Error: invalid handle
[2026-10-09 16:21:56.885] [svulkan2] [error] OIDN Error: invalid handle
[2026-10-09 16:21:56.885] [svulkan2] [error] OIDN Error: invalid handle
[2026-10-09 16:21:56.885] [svulkan2] [error] OIDN Error: invalid handle
[2026-10-09 16:21:56.939] [svulkan2] [error] OIDN Error: invalid handle
[2026-10-09 16:21:56.939] [svulkan2] [error] OIDN Error: invalid handle
[2026-10-09 16:21:56.939] [svulkan2] [error] OIDN Error: invalid handle
[2026-10-09 16:21:56.939] [svulkan2] [error] OIDN Error: invalid handle
[2026-10-09 16:21:56.993] [svulkan2] [error] OIDN Error: invalid handle
[2026-10-09 16:21:56.993] [svulkan2] [error] OIDN Error: invalid handle
[2026-10-09 16:21:56.993] [svulkan2] [error] OIDN Error: invalid handle
[2026-10-09 16:21:56.994] [svulkan2] [error] OIDN Error: invalid handle
[2026-10-09 16:21:57.049] [svulkan2] [error] OIDN Error: invalid handle
[2026-10-09 16:21:57.049] [svulkan2] [error] OIDN Error: invalid handle
[2026-10-09 16:21:57.049] [svulkan2] [error] OIDN Error: invalid handle
[2026-10-09 16:21:57.049] [svulkan2] [error] OIDN Error: invalid handle
[2026-10-09 16:21:57.104] [svulkan2] [error] OIDN Error: invalid handle
[2026-10-09 16:21:57.106] [svulkan2] [error] OIDN Error: invalid handle
[2026-10-09 16:21:57.106] [svulkan2] [error] OIDN Error: invalid handle
[2026-10-09 16:21:57.106] [svulkan2] [error] OIDN Error: invalid handle
[2026-10-09 16:21:57.162] [svulkan2] [error] OIDN Error: invalid handle
[2026-10-09 16:21:57.162] [svulkan2] [error] OIDN Error: invalid handle
[2026-10-09 16:21:57.162] [svulkan2] [error] OIDN Error: invalid handle
[2026-10-09 16:21:57.162] [svulkan2] [error] OIDN Error: invalid handle
[2026-10-09 16:21:57.219] [svulkan2] [error] OIDN Error: invalid handle
[2026-10-09 16:21:57.219] [svulkan2] [error] OIDN Error: invalid handle
[2026-10-09 16:21:57.219] [svulkan2] [error] OIDN Error: invalid handle
[2026-10-09 16:21:57.219] [svulkan2] [error] OIDN Error: invalid handle
[2026-10-09 16:21:57.276] [svulkan2] [error] OIDN Error: invalid handle
[2026-10-09 16:21:57.276] [svulkan2] [error] OIDN Error: invalid handle
[2026-10-09 16:21:57.276] [svulkan2] [error] OIDN Error: invalid handle
[2026-10-09 16:21:57.277] [svulkan2] [error] OIDN Error: invalid handle
[2026-10-09 16:21:57.334] [svulkan2] [error] OIDN Error: invalid handle
[2026-10-09 16:21:57.334] [svulkan2] [error] OIDN Error: invalid handle
[2026-10-09 16:21:57.335] [svulkan2] [error] OIDN Error: invalid handle
[2026-10-09 16:21:57.335] [svulkan2] [error] OIDN Error: invalid handle
[2026-10-09 16:21:57.392] [svulkan2] [error] OIDN Error: invalid handle
[2026-10-09 16:21:57.392] [svulkan2] [error] OIDN Error: invalid handle
[2026-10-09 16:21:57.392] [svulkan2] [error] OIDN Error: invalid handle
[2026-10-09 16:21:57.392] [svulkan2] [error] OIDN Error: invalid handle
[2026-10-09 16:21:57.450] [svulkan2] [error] OIDN Error: invalid handle
[2026-10-09 16:21:57.451] [svulkan2] [error] OIDN Error: invalid handle
[2026-10-09 16:21:57.451] [svulkan2] [error] OIDN Error: invalid handle
[2026-10-09 16:21:57.451] [svulkan2] [error] OIDN Error: invalid handle
[2026-10-09 16:21:57.509] [svulkan2] [error] OIDN Error: invalid handle
[2026-10-09 16:21:57.509] [svulkan2] [error] OIDN Error: invalid handle
[2026-10-09 16:21:57.509] [svulkan2] [error] OIDN Error: invalid handle
[2026-10-09 16:21:57.509] [svulkan2] [error] OIDN Error: invalid handle
[2026-10-09 16:21:57.567] [svulkan2] [error] OIDN Error: invalid handle
[2026-10-09 16:21:57.567] [svulkan2] [error] OIDN Error: invalid handle
[2026-10-09 16:21:57.567] [svulkan2] [error] OIDN Error: invalid handle
[2026-10-09 16:21:57.567] [svulkan2] [error] OIDN Error: invalid handle
[2026-10-09 16:21:57.626] [svulkan2] [error] OIDN Error: invalid handle
[2026-10-09 16:21:57.626] [svulkan2] [error] OIDN Error: invalid handle
[2026-10-09 16:21:57.626] [svulkan2] [error] OIDN Error: invalid handle
[2026-10-09 16:21:57.626] [svulkan2] [error] OIDN Error: invalid handle
[2026-10-09 16:21:57.687] [svulkan2] [error] OIDN Error: invalid handle
[2026-10-09 16:21:57.687] [svulkan2] [error] OIDN Error: invalid handle
[2026-10-09 16:21:57.687] [svulkan2] [error] OIDN Error: invalid handle
[2026-10-09 16:21:57.687] [svulkan2] [error] OIDN Error: invalid handle
[2026-10-09 16:21:57.748] [svulkan2] [error] OIDN Error: invalid handle
[2026-10-09 16:21:57.749] [svulkan2] [error] OIDN Error: invalid handle
[2026-10-09 16:21:57.749] [svulkan2] [error] OIDN Error: invalid handle
[2026-10-09 16:21:57.749] [svulkan2] [error] OIDN Error: invalid handle
[2026-10-09 16:21:57.808] [svulkan2] [error] OIDN Error: invalid handle
[2026-10-09 16:21:57.809] [svulkan2] [error] OIDN Error: invalid handle
[2026-10-09 16:21:57.809] [svulkan2] [error] OIDN Error: invalid handle
[2026-10-09 16:21:57.809] [svulkan2] [error] OIDN Error: invalid handle
[2026-10-09 16:21:57.869] [svulkan2] [error] OIDN Error: invalid handle
[2026-10-09 16:21:57.869] [svulkan2] [error] OIDN Error: invalid handle
[2026-10-09 16:21:57.869] [svulkan2] [error] OIDN Error: invalid handle
[2026-10-09 16:21:57.870] [svulkan2] [error] OIDN Error: invalid handle
[2026-10-09 16:21:57.929] [svulkan2] [error] OIDN Error: invalid handle
[2026-10-09 16:21:57.929] [svulkan2] [error] OIDN Error: invalid handle
[2026-10-09 16:21:57.929] [svulkan2] [error] OIDN Error: invalid handle
[2026-10-09 16:21:57.930] [svulkan2] [error] OIDN Error: invalid handle
[2026-10-09 16:21:57.990] [svulkan2] [error] OIDN Error: invalid handle
[2026-10-09 16:21:57.990] [svulkan2] [error] OIDN Error: invalid handle
[2026-10-09 16:21:57.990] [svulkan2] [error] OIDN Error: invalid handle
[2026-10-09 16:21:57.990] [svulkan2] [error] OIDN Error: invalid handle
[2026-10-09 16:21:58.049] [svulkan2] [error] OIDN Error: invalid handle
[2026-10-09 16:21:58.049] [svulkan2] [error] OIDN Error: invalid handle
[2026-10-09 16:21:58.049] [svulkan2] [error] OIDN Error: invalid handle
[2026-10-09 16:21:58.049] [svulkan2] [error] OIDN Error: invalid handle
[2026-10-09 16:21:58.109] [svulkan2] [error] OIDN Error: invalid handle
[2026-10-09 16:21:58.110] [svulkan2] [error] OIDN Error: invalid handle
[2026-10-09 16:21:58.110] [svulkan2] [error] OIDN Error: invalid handle
[2026-10-09 16:21:58.110] [svulkan2] [error] OIDN Error: invalid handle
[2026-10-09 16:21:58.170] [svulkan2] [error] OIDN Error: invalid handle
[2026-10-09 16:21:58.170] [svulkan2] [error] OIDN Error: invalid handle
[2026-10-09 16:21:58.170] [svulkan2] [error] OIDN Error: invalid handle
[2026-10-09 16:21:58.170] [svulkan2] [error] OIDN Error: invalid handle
[2026-10-09 16:21:58.230] [svulkan2] [error] OIDN Error: invalid handle
[2026-10-09 16:21:58.230] [svulkan2] [error] OIDN Error: invalid handle
[2026-10-09 16:21:58.230] [svulkan2] [error] OIDN Error: invalid handle
[2026-10-09 16:21:58.230] [svulkan2] [error] OIDN Error: invalid handle
[2026-10-09 16:21:58.290] [svulkan2] [error] OIDN Error: invalid handle
[2026-10-09 16:21:58.290] [svulkan2] [error] OIDN Error: invalid handle
[2026-10-09 16:21:58.290] [svulkan2] [error] OIDN Error: invalid handle
[2026-10-09 16:21:58.290] [svulkan2] [error] OIDN Error: invalid handle
[2026-10-09 16:21:58.349] [svulkan2] [error] OIDN Error: invalid handle
[2026-10-09 16:21:58.350] [svulkan2] [error] OIDN Error: invalid handle
[2026-10-09 16:21:58.350] [svulkan2] [error] OIDN Error: invalid handle
[2026-10-09 16:21:58.350] [svulkan2] [error] OIDN Error: invalid handle
[2026-10-09 16:21:58.409] [svulkan2] [error] OIDN Error: invalid handle
[2026-10-09 16:21:58.409] [svulkan2] [error] OIDN Error: invalid handle
[2026-10-09 16:21:58.409] [svulkan2] [error] OIDN Error: invalid handle
[2026-10-09 16:21:58.409] [svulkan2] [error] OIDN Error: invalid handle
[2026-10-09 16:21:58.469] [svulkan2] [error] OIDN Error: invalid handle
[2026-10-09 16:21:58.470] [svulkan2] [error] OIDN Error: invalid handle
[2026-10-09 16:21:58.470] [svulkan2] [error] OIDN Error: invalid handle
[2026-10-09 16:21:58.470] [svulkan2] [error] OIDN Error: invalid handle
[2026-10-09 16:21:58.530] [svulkan2] [error] OIDN Error: invalid handle
[2026-10-09 16:21:58.530] [svulkan2] [error] OIDN Error: invalid handle
[2026-10-09 16:21:58.530] [svulkan2] [error] OIDN Error: invalid handle
[2026-10-09 16:21:58.530] [svulkan2] [error] OIDN Error: invalid handle
[2026-10-09 16:21:58.590] [svulkan2] [error] OIDN Error: invalid handle
[2026-10-09 16:21:58.590] [svulkan2] [error] OIDN Error: invalid handle
[2026-10-09 16:21:58.590] [svulkan2] [error] OIDN Error: invalid handle
[2026-10-09 16:21:58.590] [svulkan2] [error] OIDN Error: invalid handle
step: [92m4 / 400[0m{"attempt": 1, "decision": 3, "id": 4, "motions": 4, "left": "pos [-0.11, -0.04, 0.985] quat [0.5, -0.5, 0.5, 0.5] grip 1.00", "right": "pos [0.07, 0.01, 0.985] quat [0.5, -0.5, 0.5, 0.5] grip 1.00", "planner": {"left": "Success", "right": "Success"}, "success": false, "calls_total": 4, "latency_s": 29.69}
[2026-10-09 16:22:24.411] [svulkan2] [error] OIDN Error: invalid handle
[2026-10-09 16:22:24.411] [svulkan2] [error] OIDN Error: invalid handle
[2026-10-09 16:22:24.411] [svulkan2] [error] OIDN Error: invalid handle
[2026-10-09 16:22:24.412] [svulkan2] [error] OIDN Error: invalid handle
[2026-10-09 16:22:24.471] [svulkan2] [error] OIDN Error: invalid handle
[2026-10-09 16:22:24.471] [svulkan2] [error] OIDN Error: invalid handle
[2026-10-09 16:22:24.471] [svulkan2] [error] OIDN Error: invalid handle
[2026-10-09 16:22:24.471] [svulkan2] [error] OIDN Error: invalid handle
[2026-10-09 16:22:24.530] [svulkan2] [error] OIDN Error: invalid handle
[2026-10-09 16:22:24.530] [svulkan2] [error] OIDN Error: invalid handle
[2026-10-09 16:22:24.530] [svulkan2] [error] OIDN Error: invalid handle
[2026-10-09 16:22:24.530] [svulkan2] [error] OIDN Error: invalid handle
[2026-10-09 16:22:24.590] [svulkan2] [error] OIDN Error: invalid handle
[2026-10-09 16:22:24.590] [svulkan2] [error] OIDN Error: invalid handle
[2026-10-09 16:22:24.590] [svulkan2] [error] OIDN Error: invalid handle
[2026-10-09 16:22:24.590] [svulkan2] [error] OIDN Error: invalid handle
[2026-10-09 16:22:24.650] [svulkan2] [error] OIDN Error: invalid handle
[2026-10-09 16:22:24.650] [svulkan2] [error] OIDN Error: invalid handle
[2026-10-09 16:22:24.650] [svulkan2] [error] OIDN Error: invalid handle
[2026-10-09 16:22:24.650] [svulkan2] [error] OIDN Error: invalid handle
[2026-10-09 16:22:24.711] [svulkan2] [error] OIDN Error: invalid handle
[2026-10-09 16:22:24.711] [svulkan2] [error] OIDN Error: invalid handle
[2026-10-09 16:22:24.711] [svulkan2] [error] OIDN Error: invalid handle
[2026-10-09 16:22:24.711] [svulkan2] [error] OIDN Error: invalid handle
[2026-10-09 16:22:24.771] [svulkan2] [error] OIDN Error: invalid handle
[2026-10-09 16:22:24.771] [svulkan2] [error] OIDN Error: invalid handle
[2026-10-09 16:22:24.771] [svulkan2] [error] OIDN Error: invalid handle
[2026-10-09 16:22:24.771] [svulkan2] [error] OIDN Error: invalid handle
[2026-10-09 16:22:24.832] [svulkan2] [error] OIDN Error: invalid handle
[2026-10-09 16:22:24.832] [svulkan2] [error] OIDN Error: invalid handle
[2026-10-09 16:22:24.832] [svulkan2] [error] OIDN Error: invalid handle
[2026-10-09 16:22:24.832] [svulkan2] [error] OIDN Error: invalid handle
[2026-10-09 16:22:24.893] [svulkan2] [error] OIDN Error: invalid handle
[2026-10-09 16:22:24.893] [svulkan2] [error] OIDN Error: invalid handle
[2026-10-09 16:22:24.893] [svulkan2] [error] OIDN Error: invalid handle
[2026-10-09 16:22:24.893] [svulkan2] [error] OIDN Error: invalid handle
[2026-10-09 16:22:24.954] [svulkan2] [error] OIDN Error: invalid handle
[2026-10-09 16:22:24.954] [svulkan2] [error] OIDN Error: invalid handle
[2026-10-09 16:22:24.954] [svulkan2] [error] OIDN Error: invalid handle
[2026-10-09 16:22:24.954] [svulkan2] [error] OIDN Error: invalid handle
[2026-10-09 16:22:25.017] [svulkan2] [error] OIDN Error: invalid handle
[2026-10-09 16:22:25.019] [svulkan2] [error] OIDN Error: invalid handle
[2026-10-09 16:22:25.019] [svulkan2] [error] OIDN Error: invalid handle
[2026-10-09 16:22:25.019] [svulkan2] [error] OIDN Error: invalid handle
[2026-10-09 16:22:25.079] [svulkan2] [error] OIDN Error: invalid handle
[2026-10-09 16:22:25.079] [svulkan2] [error] OIDN Error: invalid handle
[2026-10-09 16:22:25.079] [svulkan2] [error] OIDN Error: invalid handle
[2026-10-09 16:22:25.079] [svulkan2] [error] OIDN Error: invalid handle
[2026-10-09 16:22:25.141] [svulkan2] [error] OIDN Error: invalid handle
[2026-10-09 16:22:25.141] [svulkan2] [error] OIDN Error: invalid handle
[2026-10-09 16:22:25.141] [svulkan2] [error] OIDN Error: invalid handle
[2026-10-09 16:22:25.141] [svulkan2] [error] OIDN Error: invalid handle
[2026-10-09 16:22:25.203] [svulkan2] [error] OIDN Error: invalid handle
[2026-10-09 16:22:25.203] [svulkan2] [error] OIDN Error: invalid handle
[2026-10-09 16:22:25.203] [svulkan2] [error] OIDN Error: invalid handle
[2026-10-09 16:22:25.203] [svulkan2] [error] OIDN Error: invalid handle
[2026-10-09 16:22:25.264] [svulkan2] [error] OIDN Error: invalid handle
[2026-10-09 16:22:25.264] [svulkan2] [error] OIDN Error: invalid handle
[2026-10-09 16:22:25.264] [svulkan2] [error] OIDN Error: invalid handle
[2026-10-09 16:22:25.264] [svulkan2] [error] OIDN Error: invalid handle
[2026-10-09 16:22:25.327] [svulkan2] [error] OIDN Error: invalid handle
[2026-10-09 16:22:25.327] [svulkan2] [error] OIDN Error: invalid handle
[2026-10-09 16:22:25.327] [svulkan2] [error] OIDN Error: invalid handle
[2026-10-09 16:22:25.327] [svulkan2] [error] OIDN Error: invalid handle
[2026-10-09 16:22:25.389] [svulkan2] [error] OIDN Error: invalid handle
[2026-10-09 16:22:25.389] [svulkan2] [error] OIDN Error: invalid handle
[2026-10-09 16:22:25.389] [svulkan2] [error] OIDN Error: invalid handle
[2026-10-09 16:22:25.389] [svulkan2] [error] OIDN Error: invalid handle
[2026-10-09 16:22:25.451] [svulkan2] [error] OIDN Error: invalid handle
[2026-10-09 16:22:25.451] [svulkan2] [error] OIDN Error: invalid handle
[2026-10-09 16:22:25.451] [svulkan2] [error] OIDN Error: invalid handle
[2026-10-09 16:22:25.451] [svulkan2] [error] OIDN Error: invalid handle
[2026-10-09 16:22:25.513] [svulkan2] [error] OIDN Error: invalid handle
[2026-10-09 16:22:25.513] [svulkan2] [error] OIDN Error: invalid handle
[2026-10-09 16:22:25.513] [svulkan2] [error] OIDN Error: invalid handle
[2026-10-09 16:22:25.513] [svulkan2] [error] OIDN Error: invalid handle
[2026-10-09 16:22:25.574] [svulkan2] [error] OIDN Error: invalid handle
[2026-10-09 16:22:25.574] [svulkan2] [error] OIDN Error: invalid handle
[2026-10-09 16:22:25.574] [svulkan2] [error] OIDN Error: invalid handle
[2026-10-09 16:22:25.574] [svulkan2] [error] OIDN Error: invalid handle
[2026-10-09 16:22:25.635] [svulkan2] [error] OIDN Error: invalid handle
[2026-10-09 16:22:25.635] [svulkan2] [error] OIDN Error: invalid handle
[2026-10-09 16:22:25.635] [svulkan2] [error] OIDN Error: invalid handle
[2026-10-09 16:22:25.635] [svulkan2] [error] OIDN Error: invalid handle
[2026-10-09 16:22:25.697] [svulkan2] [error] OIDN Error: invalid handle
[2026-10-09 16:22:25.697] [svulkan2] [error] OIDN Error: invalid handle
[2026-10-09 16:22:25.697] [svulkan2] [error] OIDN Error: invalid handle
[2026-10-09 16:22:25.697] [svulkan2] [error] OIDN Error: invalid handle
[2026-10-09 16:22:25.755] [svulkan2] [error] OIDN Error: invalid handle
[2026-10-09 16:22:25.755] [svulkan2] [error] OIDN Error: invalid handle
[2026-10-09 16:22:25.755] [svulkan2] [error] OIDN Error: invalid handle
[2026-10-09 16:22:25.755] [svulkan2] [error] OIDN Error: invalid handle
step: [92m5 / 400[0m{"attempt": 1, "decision": 4, "id": 5, "motions": 5, "left": "pos [-0.11, -0.04, 0.945] quat [0.5, -0.5, 0.5, 0.5] grip 1.00", "right": "pos [0.07, 0.01, 0.945] quat [0.5, -0.5, 0.5, 0.5] grip 1.00", "planner": {"left": "Success", "right": "Success"}, "success": false, "calls_total": 5, "latency_s": 25.14}
[2026-10-09 16:22:49.073] [svulkan2] [error] OIDN Error: invalid handle
[2026-10-09 16:22:49.073] [svulkan2] [error] OIDN Error: invalid handle
[2026-10-09 16:22:49.073] [svulkan2] [error] OIDN Error: invalid handle
[2026-10-09 16:22:49.073] [svulkan2] [error] OIDN Error: invalid handle
[2026-10-09 16:22:49.133] [svulkan2] [error] OIDN Error: invalid handle
[2026-10-09 16:22:49.133] [svulkan2] [error] OIDN Error: invalid handle
[2026-10-09 16:22:49.133] [svulkan2] [error] OIDN Error: invalid handle
[2026-10-09 16:22:49.133] [svulkan2] [error] OIDN Error: invalid handle
[2026-10-09 16:22:49.192] [svulkan2] [error] OIDN Error: invalid handle
[2026-10-09 16:22:49.192] [svulkan2] [error] OIDN Error: invalid handle
[2026-10-09 16:22:49.192] [svulkan2] [error] OIDN Error: invalid handle
[2026-10-09 16:22:49.192] [svulkan2] [error] OIDN Error: invalid handle
[2026-10-09 16:22:49.252] [svulkan2] [error] OIDN Error: invalid handle
[2026-10-09 16:22:49.252] [svulkan2] [error] OIDN Error: invalid handle
[2026-10-09 16:22:49.252] [svulkan2] [error] OIDN Error: invalid handle
[2026-10-09 16:22:49.252] [svulkan2] [error] OIDN Error: invalid handle
[2026-10-09 16:22:49.313] [svulkan2] [error] OIDN Error: invalid handle
[2026-10-09 16:22:49.313] [svulkan2] [error] OIDN Error: invalid handle
[2026-10-09 16:22:49.313] [svulkan2] [error] OIDN Error: invalid handle
[2026-10-09 16:22:49.313] [svulkan2] [error] OIDN Error: invalid handle
[2026-10-09 16:22:49.373] [svulkan2] [error] OIDN Error: invalid handle
[2026-10-09 16:22:49.373] [svulkan2] [error] OIDN Error: invalid handle
[2026-10-09 16:22:49.373] [svulkan2] [error] OIDN Error: invalid handle
[2026-10-09 16:22:49.373] [svulkan2] [error] OIDN Error: invalid handle
[2026-10-09 16:22:49.435] [svulkan2] [error] OIDN Error: invalid handle
[2026-10-09 16:22:49.435] [svulkan2] [error] OIDN Error: invalid handle
[2026-10-09 16:22:49.435] [svulkan2] [error] OIDN Error: invalid handle
[2026-10-09 16:22:49.435] [svulkan2] [error] OIDN Error: invalid handle
[2026-10-09 16:22:49.496] [svulkan2] [error] OIDN Error: invalid handle
[2026-10-09 16:22:49.496] [svulkan2] [error] OIDN Error: invalid handle
[2026-10-09 16:22:49.496] [svulkan2] [error] OIDN Error: invalid handle
[2026-10-09 16:22:49.496] [svulkan2] [error] OIDN Error: invalid handle
[2026-10-09 16:22:49.558] [svulkan2] [error] OIDN Error: invalid handle
[2026-10-09 16:22:49.558] [svulkan2] [error] OIDN Error: invalid handle
[2026-10-09 16:22:49.558] [svulkan2] [error] OIDN Error: invalid handle
[2026-10-09 16:22:49.558] [svulkan2] [error] OIDN Error: invalid handle
[2026-10-09 16:22:49.619] [svulkan2] [error] OIDN Error: invalid handle
[2026-10-09 16:22:49.619] [svulkan2] [error] OIDN Error: invalid handle
[2026-10-09 16:22:49.619] [svulkan2] [error] OIDN Error: invalid handle
[2026-10-09 16:22:49.619] [svulkan2] [error] OIDN Error: invalid handle
[2026-10-09 16:22:49.680] [svulkan2] [error] OIDN Error: invalid handle
[2026-10-09 16:22:49.680] [svulkan2] [error] OIDN Error: invalid handle
[2026-10-09 16:22:49.680] [svulkan2] [error] OIDN Error: invalid handle
[2026-10-09 16:22:49.680] [svulkan2] [error] OIDN Error: invalid handle
[2026-10-09 16:22:49.741] [svulkan2] [error] OIDN Error: invalid handle
[2026-10-09 16:22:49.741] [svulkan2] [error] OIDN Error: invalid handle
[2026-10-09 16:22:49.741] [svulkan2] [error] OIDN Error: invalid handle
[2026-10-09 16:22:49.741] [svulkan2] [error] OIDN Error: invalid handle
[2026-10-09 16:22:49.803] [svulkan2] [error] OIDN Error: invalid handle
[2026-10-09 16:22:49.803] [svulkan2] [error] OIDN Error: invalid handle
[2026-10-09 16:22:49.803] [svulkan2] [error] OIDN Error: invalid handle
[2026-10-09 16:22:49.803] [svulkan2] [error] OIDN Error: invalid handle
[2026-10-09 16:22:49.864] [svulkan2] [error] OIDN Error: invalid handle
[2026-10-09 16:22:49.864] [svulkan2] [error] OIDN Error: invalid handle
[2026-10-09 16:22:49.864] [svulkan2] [error] OIDN Error: invalid handle
[2026-10-09 16:22:49.864] [svulkan2] [error] OIDN Error: invalid handle
[2026-10-09 16:22:49.925] [svulkan2] [error] OIDN Error: invalid handle
[2026-10-09 16:22:49.925] [svulkan2] [error] OIDN Error: invalid handle
[2026-10-09 16:22:49.926] [svulkan2] [error] OIDN Error: invalid handle
[2026-10-09 16:22:49.926] [svulkan2] [error] OIDN Error: invalid handle
[2026-10-09 16:22:49.987] [svulkan2] [error] OIDN Error: invalid handle
[2026-10-09 16:22:49.987] [svulkan2] [error] OIDN Error: invalid handle
[2026-10-09 16:22:49.987] [svulkan2] [error] OIDN Error: invalid handle
[2026-10-09 16:22:49.987] [svulkan2] [error] OIDN Error: invalid handle
[2026-10-09 16:22:50.049] [svulkan2] [error] OIDN Error: invalid handle
[2026-10-09 16:22:50.049] [svulkan2] [error] OIDN Error: invalid handle
[2026-10-09 16:22:50.049] [svulkan2] [error] OIDN Error: invalid handle
[2026-10-09 16:22:50.049] [svulkan2] [error] OIDN Error: invalid handle
[2026-10-09 16:22:50.110] [svulkan2] [error] OIDN Error: invalid handle
[2026-10-09 16:22:50.110] [svulkan2] [error] OIDN Error: invalid handle
[2026-10-09 16:22:50.110] [svulkan2] [error] OIDN Error: invalid handle
[2026-10-09 16:22:50.110] [svulkan2] [error] OIDN Error: invalid handle
[2026-10-09 16:22:50.171] [svulkan2] [error] OIDN Error: invalid handle
[2026-10-09 16:22:50.172] [svulkan2] [error] OIDN Error: invalid handle
[2026-10-09 16:22:50.172] [svulkan2] [error] OIDN Error: invalid handle
[2026-10-09 16:22:50.172] [svulkan2] [error] OIDN Error: invalid handle
[2026-10-09 16:22:50.233] [svulkan2] [error] OIDN Error: invalid handle
[2026-10-09 16:22:50.233] [svulkan2] [error] OIDN Error: invalid handle
[2026-10-09 16:22:50.233] [svulkan2] [error] OIDN Error: invalid handle
[2026-10-09 16:22:50.233] [svulkan2] [error] OIDN Error: invalid handle
[2026-10-09 16:22:50.295] [svulkan2] [error] OIDN Error: invalid handle
[2026-10-09 16:22:50.295] [svulkan2] [error] OIDN Error: invalid handle
[2026-10-09 16:22:50.295] [svulkan2] [error] OIDN Error: invalid handle
[2026-10-09 16:22:50.295] [svulkan2] [error] OIDN Error: invalid handle
[2026-10-09 16:22:50.357] [svulkan2] [error] OIDN Error: invalid handle
[2026-10-09 16:22:50.357] [svulkan2] [error] OIDN Error: invalid handle
[2026-10-09 16:22:50.357] [svulkan2] [error] OIDN Error: invalid handle
[2026-10-09 16:22:50.357] [svulkan2] [error] OIDN Error: invalid handle
[2026-10-09 16:22:50.417] [svulkan2] [error] OIDN Error: invalid handle
[2026-10-09 16:22:50.417] [svulkan2] [error] OIDN Error: invalid handle
[2026-10-09 16:22:50.417] [svulkan2] [error] OIDN Error: invalid handle
[2026-10-09 16:22:50.417] [svulkan2] [error] OIDN Error: invalid handle
[2026-10-09 16:22:50.478] [svulkan2] [error] OIDN Error: invalid handle
[2026-10-09 16:22:50.480] [svulkan2] [error] OIDN Error: invalid handle
[2026-10-09 16:22:50.480] [svulkan2] [error] OIDN Error: invalid handle
[2026-10-09 16:22:50.480] [svulkan2] [error] OIDN Error: invalid handle
[2026-10-09 16:22:50.539] [svulkan2] [error] OIDN Error: invalid handle
[2026-10-09 16:22:50.539] [svulkan2] [error] OIDN Error: invalid handle
[2026-10-09 16:22:50.539] [svulkan2] [error] OIDN Error: invalid handle
[2026-10-09 16:22:50.539] [svulkan2] [error] OIDN Error: invalid handle
[2026-10-09 16:22:50.599] [svulkan2] [error] OIDN Error: invalid handle
[2026-10-09 16:22:50.600] [svulkan2] [error] OIDN Error: invalid handle
[2026-10-09 16:22:50.600] [svulkan2] [error] OIDN Error: invalid handle
[2026-10-09 16:22:50.600] [svulkan2] [error] OIDN Error: invalid handle
[2026-10-09 16:22:50.661] [svulkan2] [error] OIDN Error: invalid handle
[2026-10-09 16:22:50.661] [svulkan2] [error] OIDN Error: invalid handle
[2026-10-09 16:22:50.661] [svulkan2] [error] OIDN Error: invalid handle
[2026-10-09 16:22:50.661] [svulkan2] [error] OIDN Error: invalid handle
[2026-10-09 16:22:50.723] [svulkan2] [error] OIDN Error: invalid handle
[2026-10-09 16:22:50.723] [svulkan2] [error] OIDN Error: invalid handle
[2026-10-09 16:22:50.723] [svulkan2] [error] OIDN Error: invalid handle
[2026-10-09 16:22:50.723] [svulkan2] [error] OIDN Error: invalid handle
[2026-10-09 16:22:50.784] [svulkan2] [error] OIDN Error: invalid handle
[2026-10-09 16:22:50.784] [svulkan2] [error] OIDN Error: invalid handle
[2026-10-09 16:22:50.784] [svulkan2] [error] OIDN Error: invalid handle
[2026-10-09 16:22:50.784] [svulkan2] [error] OIDN Error: invalid handle
[2026-10-09 16:22:50.844] [svulkan2] [error] OIDN Error: invalid handle
[2026-10-09 16:22:50.844] [svulkan2] [error] OIDN Error: invalid handle
[2026-10-09 16:22:50.844] [svulkan2] [error] OIDN Error: invalid handle
[2026-10-09 16:22:50.844] [svulkan2] [error] OIDN Error: invalid handle
[2026-10-09 16:22:50.905] [svulkan2] [error] OIDN Error: invalid handle
[2026-10-09 16:22:50.905] [svulkan2] [error] OIDN Error: invalid handle
[2026-10-09 16:22:50.905] [svulkan2] [error] OIDN Error: invalid handle
[2026-10-09 16:22:50.905] [svulkan2] [error] OIDN Error: invalid handle
[2026-10-09 16:22:50.966] [svulkan2] [error] OIDN Error: invalid handle
[2026-10-09 16:22:50.967] [svulkan2] [error] OIDN Error: invalid handle
[2026-10-09 16:22:50.967] [svulkan2] [error] OIDN Error: invalid handle
[2026-10-09 16:22:50.967] [svulkan2] [error] OIDN Error: invalid handle
[2026-10-09 16:22:51.028] [svulkan2] [error] OIDN Error: invalid handle
[2026-10-09 16:22:51.028] [svulkan2] [error] OIDN Error: invalid handle
[2026-10-09 16:22:51.028] [svulkan2] [error] OIDN Error: invalid handle
[2026-10-09 16:22:51.028] [svulkan2] [error] OIDN Error: invalid handle
[2026-10-09 16:22:51.089] [svulkan2] [error] OIDN Error: invalid handle
[2026-10-09 16:22:51.089] [svulkan2] [error] OIDN Error: invalid handle
[2026-10-09 16:22:51.089] [svulkan2] [error] OIDN Error: invalid handle
[2026-10-09 16:22:51.090] [svulkan2] [error] OIDN Error: invalid handle
[2026-10-09 16:22:51.150] [svulkan2] [error] OIDN Error: invalid handle
[2026-10-09 16:22:51.150] [svulkan2] [error] OIDN Error: invalid handle
[2026-10-09 16:22:51.150] [svulkan2] [error] OIDN Error: invalid handle
[2026-10-09 16:22:51.150] [svulkan2] [error] OIDN Error: invalid handle
[2026-10-09 16:22:51.211] [svulkan2] [error] OIDN Error: invalid handle
[2026-10-09 16:22:51.211] [svulkan2] [error] OIDN Error: invalid handle
[2026-10-09 16:22:51.211] [svulkan2] [error] OIDN Error: invalid handle
[2026-10-09 16:22:51.211] [svulkan2] [error] OIDN Error: invalid handle
[2026-10-09 16:22:51.271] [svulkan2] [error] OIDN Error: invalid handle
[2026-10-09 16:22:51.271] [svulkan2] [error] OIDN Error: invalid handle
[2026-10-09 16:22:51.271] [svulkan2] [error] OIDN Error: invalid handle
[2026-10-09 16:22:51.271] [svulkan2] [error] OIDN Error: invalid handle
[2026-10-09 16:22:51.332] [svulkan2] [error] OIDN Error: invalid handle
[2026-10-09 16:22:51.332] [svulkan2] [error] OIDN Error: invalid handle
[2026-10-09 16:22:51.332] [svulkan2] [error] OIDN Error: invalid handle
[2026-10-09 16:22:51.332] [svulkan2] [error] OIDN Error: invalid handle
[2026-10-09 16:22:51.393] [svulkan2] [error] OIDN Error: invalid handle
[2026-10-09 16:22:51.393] [svulkan2] [error] OIDN Error: invalid handle
[2026-10-09 16:22:51.393] [svulkan2] [error] OIDN Error: invalid handle
[2026-10-09 16:22:51.393] [svulkan2] [error] OIDN Error: invalid handle
[2026-10-09 16:22:51.452] [svulkan2] [error] OIDN Error: invalid handle
[2026-10-09 16:22:51.452] [svulkan2] [error] OIDN Error: invalid handle
[2026-10-09 16:22:51.452] [svulkan2] [error] OIDN Error: invalid handle
[2026-10-09 16:22:51.452] [svulkan2] [error] OIDN Error: invalid handle
[2026-10-09 16:22:51.513] [svulkan2] [error] OIDN Error: invalid handle
[2026-10-09 16:22:51.513] [svulkan2] [error] OIDN Error: invalid handle
[2026-10-09 16:22:51.513] [svulkan2] [error] OIDN Error: invalid handle
[2026-10-09 16:22:51.513] [svulkan2] [error] OIDN Error: invalid handle
[2026-10-09 16:22:51.574] [svulkan2] [error] OIDN Error: invalid handle
[2026-10-09 16:22:51.574] [svulkan2] [error] OIDN Error: invalid handle
[2026-10-09 16:22:51.574] [svulkan2] [error] OIDN Error: invalid handle
[2026-10-09 16:22:51.574] [svulkan2] [error] OIDN Error: invalid handle
[2026-10-09 16:22:51.634] [svulkan2] [error] OIDN Error: invalid handle
[2026-10-09 16:22:51.634] [svulkan2] [error] OIDN Error: invalid handle
[2026-10-09 16:22:51.634] [svulkan2] [error] OIDN Error: invalid handle
[2026-10-09 16:22:51.634] [svulkan2] [error] OIDN Error: invalid handle
[2026-10-09 16:22:51.694] [svulkan2] [error] OIDN Error: invalid handle
[2026-10-09 16:22:51.694] [svulkan2] [error] OIDN Error: invalid handle
[2026-10-09 16:22:51.694] [svulkan2] [error] OIDN Error: invalid handle
[2026-10-09 16:22:51.694] [svulkan2] [error] OIDN Error: invalid handle
[2026-10-09 16:22:51.754] [svulkan2] [error] OIDN Error: invalid handle
[2026-10-09 16:22:51.754] [svulkan2] [error] OIDN Error: invalid handle
[2026-10-09 16:22:51.754] [svulkan2] [error] OIDN Error: invalid handle
[2026-10-09 16:22:51.754] [svulkan2] [error] OIDN Error: invalid handle
[2026-10-09 16:22:51.814] [svulkan2] [error] OIDN Error: invalid handle
[2026-10-09 16:22:51.814] [svulkan2] [error] OIDN Error: invalid handle
[2026-10-09 16:22:51.814] [svulkan2] [error] OIDN Error: invalid handle
[2026-10-09 16:22:51.814] [svulkan2] [error] OIDN Error: invalid handle
[2026-10-09 16:22:51.874] [svulkan2] [error] OIDN Error: invalid handle
[2026-10-09 16:22:51.874] [svulkan2] [error] OIDN Error: invalid handle
[2026-10-09 16:22:51.874] [svulkan2] [error] OIDN Error: invalid handle
[2026-10-09 16:22:51.874] [svulkan2] [error] OIDN Error: invalid handle
[2026-10-09 16:22:51.933] [svulkan2] [error] OIDN Error: invalid handle
[2026-10-09 16:22:51.933] [svulkan2] [error] OIDN Error: invalid handle
[2026-10-09 16:22:51.933] [svulkan2] [error] OIDN Error: invalid handle
[2026-10-09 16:22:51.933] [svulkan2] [error] OIDN Error: invalid handle
[2026-10-09 16:22:51.992] [svulkan2] [error] OIDN Error: invalid handle
[2026-10-09 16:22:51.992] [svulkan2] [error] OIDN Error: invalid handle
[2026-10-09 16:22:51.992] [svulkan2] [error] OIDN Error: invalid handle
[2026-10-09 16:22:51.992] [svulkan2] [error] OIDN Error: invalid handle
[2026-10-09 16:22:52.051] [svulkan2] [error] OIDN Error: invalid handle
[2026-10-09 16:22:52.051] [svulkan2] [error] OIDN Error: invalid handle
[2026-10-09 16:22:52.051] [svulkan2] [error] OIDN Error: invalid handle
[2026-10-09 16:22:52.051] [svulkan2] [error] OIDN Error: invalid handle
[2026-10-09 16:22:52.109] [svulkan2] [error] OIDN Error: invalid handle
[2026-10-09 16:22:52.109] [svulkan2] [error] OIDN Error: invalid handle
[2026-10-09 16:22:52.109] [svulkan2] [error] OIDN Error: invalid handle
[2026-10-09 16:22:52.109] [svulkan2] [error] OIDN Error: invalid handle
[2026-10-09 16:22:52.169] [svulkan2] [error] OIDN Error: invalid handle
[2026-10-09 16:22:52.169] [svulkan2] [error] OIDN Error: invalid handle
[2026-10-09 16:22:52.169] [svulkan2] [error] OIDN Error: invalid handle
[2026-10-09 16:22:52.169] [svulkan2] [error] OIDN Error: invalid handle
[2026-10-09 16:22:52.228] [svulkan2] [error] OIDN Error: invalid handle
[2026-10-09 16:22:52.228] [svulkan2] [error] OIDN Error: invalid handle
[2026-10-09 16:22:52.228] [svulkan2] [error] OIDN Error: invalid handle
[2026-10-09 16:22:52.228] [svulkan2] [error] OIDN Error: invalid handle
[2026-10-09 16:22:52.287] [svulkan2] [error] OIDN Error: invalid handle
[2026-10-09 16:22:52.288] [svulkan2] [error] OIDN Error: invalid handle
[2026-10-09 16:22:52.288] [svulkan2] [error] OIDN Error: invalid handle
[2026-10-09 16:22:52.288] [svulkan2] [error] OIDN Error: invalid handle
[2026-10-09 16:22:52.348] [svulkan2] [error] OIDN Error: invalid handle
[2026-10-09 16:22:52.348] [svulkan2] [error] OIDN Error: invalid handle
[2026-10-09 16:22:52.348] [svulkan2] [error] OIDN Error: invalid handle
[2026-10-09 16:22:52.348] [svulkan2] [error] OIDN Error: invalid handle
[2026-10-09 16:22:52.408] [svulkan2] [error] OIDN Error: invalid handle
[2026-10-09 16:22:52.408] [svulkan2] [error] OIDN Error: invalid handle
[2026-10-09 16:22:52.408] [svulkan2] [error] OIDN Error: invalid handle
[2026-10-09 16:22:52.408] [svulkan2] [error] OIDN Error: invalid handle
[2026-10-09 16:22:52.469] [svulkan2] [error] OIDN Error: invalid handle
[2026-10-09 16:22:52.469] [svulkan2] [error] OIDN Error: invalid handle
[2026-10-09 16:22:52.469] [svulkan2] [error] OIDN Error: invalid handle
[2026-10-09 16:22:52.469] [svulkan2] [error] OIDN Error: invalid handle
[2026-10-09 16:22:52.528] [svulkan2] [error] OIDN Error: invalid handle
[2026-10-09 16:22:52.528] [svulkan2] [error] OIDN Error: invalid handle
[2026-10-09 16:22:52.528] [svulkan2] [error] OIDN Error: invalid handle
[2026-10-09 16:22:52.528] [svulkan2] [error] OIDN Error: invalid handle
[2026-10-09 16:22:52.586] [svulkan2] [error] OIDN Error: invalid handle
[2026-10-09 16:22:52.586] [svulkan2] [error] OIDN Error: invalid handle
[2026-10-09 16:22:52.586] [svulkan2] [error] OIDN Error: invalid handle
[2026-10-09 16:22:52.587] [svulkan2] [error] OIDN Error: invalid handle
[2026-10-09 16:22:52.646] [svulkan2] [error] OIDN Error: invalid handle
[2026-10-09 16:22:52.646] [svulkan2] [error] OIDN Error: invalid handle
[2026-10-09 16:22:52.646] [svulkan2] [error] OIDN Error: invalid handle
[2026-10-09 16:22:52.648] [svulkan2] [error] OIDN Error: invalid handle
[2026-10-09 16:22:52.706] [svulkan2] [error] OIDN Error: invalid handle
[2026-10-09 16:22:52.706] [svulkan2] [error] OIDN Error: invalid handle
[2026-10-09 16:22:52.706] [svulkan2] [error] OIDN Error: invalid handle
[2026-10-09 16:22:52.706] [svulkan2] [error] OIDN Error: invalid handle
[2026-10-09 16:22:52.761] [svulkan2] [error] OIDN Error: invalid handle
[2026-10-09 16:22:52.762] [svulkan2] [error] OIDN Error: invalid handle
[2026-10-09 16:22:52.762] [svulkan2] [error] OIDN Error: invalid handle
[2026-10-09 16:22:52.762] [svulkan2] [error] OIDN Error: invalid handle
step: [92m6 / 400[0m{"attempt": 1, "decision": 5, "id": 6, "motions": 6, "left": "pos [-0.12, -0.04, 0.995] quat [0.0, -0.71, 0.0, 0.71] grip 1.00", "right": "pos [0.08, 0.01, 0.995] quat [0.0, -0.71, 0.0, 0.71] grip 1.00", "planner": {"left": "Success", "right": "Success"}, "success": false, "calls_total": 6, "latency_s": 22.65}
[2026-10-09 16:23:09.390] [svulkan2] [error] OIDN Error: invalid handle
[2026-10-09 16:23:09.390] [svulkan2] [error] OIDN Error: invalid handle
[2026-10-09 16:23:09.390] [svulkan2] [error] OIDN Error: invalid handle
[2026-10-09 16:23:09.390] [svulkan2] [error] OIDN Error: invalid handle
[2026-10-09 16:23:09.448] [svulkan2] [error] OIDN Error: invalid handle
[2026-10-09 16:23:09.448] [svulkan2] [error] OIDN Error: invalid handle
[2026-10-09 16:23:09.448] [svulkan2] [error] OIDN Error: invalid handle
[2026-10-09 16:23:09.449] [svulkan2] [error] OIDN Error: invalid handle
[2026-10-09 16:23:09.507] [svulkan2] [error] OIDN Error: invalid handle
[2026-10-09 16:23:09.507] [svulkan2] [error] OIDN Error: invalid handle
[2026-10-09 16:23:09.507] [svulkan2] [error] OIDN Error: invalid handle
[2026-10-09 16:23:09.507] [svulkan2] [error] OIDN Error: invalid handle
[2026-10-09 16:23:09.566] [svulkan2] [error] OIDN Error: invalid handle
[2026-10-09 16:23:09.566] [svulkan2] [error] OIDN Error: invalid handle
[2026-10-09 16:23:09.566] [svulkan2] [error] OIDN Error: invalid handle
[2026-10-09 16:23:09.566] [svulkan2] [error] OIDN Error: invalid handle
[2026-10-09 16:23:09.626] [svulkan2] [error] OIDN Error: invalid handle
[2026-10-09 16:23:09.626] [svulkan2] [error] OIDN Error: invalid handle
[2026-10-09 16:23:09.626] [svulkan2] [error] OIDN Error: invalid handle
[2026-10-09 16:23:09.626] [svulkan2] [error] OIDN Error: invalid handle
[2026-10-09 16:23:09.685] [svulkan2] [error] OIDN Error: invalid handle
[2026-10-09 16:23:09.685] [svulkan2] [error] OIDN Error: invalid handle
[2026-10-09 16:23:09.685] [svulkan2] [error] OIDN Error: invalid handle
[2026-10-09 16:23:09.685] [svulkan2] [error] OIDN Error: invalid handle
[2026-10-09 16:23:09.744] [svulkan2] [error] OIDN Error: invalid handle
[2026-10-09 16:23:09.744] [svulkan2] [error] OIDN Error: invalid handle
[2026-10-09 16:23:09.744] [svulkan2] [error] OIDN Error: invalid handle
[2026-10-09 16:23:09.744] [svulkan2] [error] OIDN Error: invalid handle
[2026-10-09 16:23:09.803] [svulkan2] [error] OIDN Error: invalid handle
[2026-10-09 16:23:09.803] [svulkan2] [error] OIDN Error: invalid handle
[2026-10-09 16:23:09.803] [svulkan2] [error] OIDN Error: invalid handle
[2026-10-09 16:23:09.803] [svulkan2] [error] OIDN Error: invalid handle
[2026-10-09 16:23:09.862] [svulkan2] [error] OIDN Error: invalid handle
[2026-10-09 16:23:09.862] [svulkan2] [error] OIDN Error: invalid handle
[2026-10-09 16:23:09.863] [svulkan2] [error] OIDN Error: invalid handle
[2026-10-09 16:23:09.863] [svulkan2] [error] OIDN Error: invalid handle
[2026-10-09 16:23:09.923] [svulkan2] [error] OIDN Error: invalid handle
[2026-10-09 16:23:09.923] [svulkan2] [error] OIDN Error: invalid handle
[2026-10-09 16:23:09.923] [svulkan2] [error] OIDN Error: invalid handle
[2026-10-09 16:23:09.923] [svulkan2] [error] OIDN Error: invalid handle
[2026-10-09 16:23:09.983] [svulkan2] [error] OIDN Error: invalid handle
[2026-10-09 16:23:09.983] [svulkan2] [error] OIDN Error: invalid handle
[2026-10-09 16:23:09.983] [svulkan2] [error] OIDN Error: invalid handle
[2026-10-09 16:23:09.983] [svulkan2] [error] OIDN Error: invalid handle
[2026-10-09 16:23:10.043] [svulkan2] [error] OIDN Error: invalid handle
[2026-10-09 16:23:10.043] [svulkan2] [error] OIDN Error: invalid handle
[2026-10-09 16:23:10.043] [svulkan2] [error] OIDN Error: invalid handle
[2026-10-09 16:23:10.043] [svulkan2] [error] OIDN Error: invalid handle
[2026-10-09 16:23:10.103] [svulkan2] [error] OIDN Error: invalid handle
[2026-10-09 16:23:10.103] [svulkan2] [error] OIDN Error: invalid handle
[2026-10-09 16:23:10.103] [svulkan2] [error] OIDN Error: invalid handle
[2026-10-09 16:23:10.103] [svulkan2] [error] OIDN Error: invalid handle
[2026-10-09 16:23:10.162] [svulkan2] [error] OIDN Error: invalid handle
[2026-10-09 16:23:10.163] [svulkan2] [error] OIDN Error: invalid handle
[2026-10-09 16:23:10.163] [svulkan2] [error] OIDN Error: invalid handle
[2026-10-09 16:23:10.163] [svulkan2] [error] OIDN Error: invalid handle
[2026-10-09 16:23:10.223] [svulkan2] [error] OIDN Error: invalid handle
[2026-10-09 16:23:10.223] [svulkan2] [error] OIDN Error: invalid handle
[2026-10-09 16:23:10.223] [svulkan2] [error] OIDN Error: invalid handle
[2026-10-09 16:23:10.223] [svulkan2] [error] OIDN Error: invalid handle
[2026-10-09 16:23:10.283] [svulkan2] [error] OIDN Error: invalid handle
[2026-10-09 16:23:10.283] [svulkan2] [error] OIDN Error: invalid handle
[2026-10-09 16:23:10.283] [svulkan2] [error] OIDN Error: invalid handle
[2026-10-09 16:23:10.283] [svulkan2] [error] OIDN Error: invalid handle
[2026-10-09 16:23:10.342] [svulkan2] [error] OIDN Error: invalid handle
[2026-10-09 16:23:10.342] [svulkan2] [error] OIDN Error: invalid handle
[2026-10-09 16:23:10.342] [svulkan2] [error] OIDN Error: invalid handle
[2026-10-09 16:23:10.342] [svulkan2] [error] OIDN Error: invalid handle
[2026-10-09 16:23:10.403] [svulkan2] [error] OIDN Error: invalid handle
[2026-10-09 16:23:10.403] [svulkan2] [error] OIDN Error: invalid handle
[2026-10-09 16:23:10.403] [svulkan2] [error] OIDN Error: invalid handle
[2026-10-09 16:23:10.403] [svulkan2] [error] OIDN Error: invalid handle
[2026-10-09 16:23:10.463] [svulkan2] [error] OIDN Error: invalid handle
[2026-10-09 16:23:10.463] [svulkan2] [error] OIDN Error: invalid handle
[2026-10-09 16:23:10.463] [svulkan2] [error] OIDN Error: invalid handle
[2026-10-09 16:23:10.463] [svulkan2] [error] OIDN Error: invalid handle
[2026-10-09 16:23:10.524] [svulkan2] [error] OIDN Error: invalid handle
[2026-10-09 16:23:10.524] [svulkan2] [error] OIDN Error: invalid handle
[2026-10-09 16:23:10.524] [svulkan2] [error] OIDN Error: invalid handle
[2026-10-09 16:23:10.524] [svulkan2] [error] OIDN Error: invalid handle
[2026-10-09 16:23:10.586] [svulkan2] [error] OIDN Error: invalid handle
[2026-10-09 16:23:10.586] [svulkan2] [error] OIDN Error: invalid handle
[2026-10-09 16:23:10.586] [svulkan2] [error] OIDN Error: invalid handle
[2026-10-09 16:23:10.586] [svulkan2] [error] OIDN Error: invalid handle
[2026-10-09 16:23:10.647] [svulkan2] [error] OIDN Error: invalid handle
[2026-10-09 16:23:10.647] [svulkan2] [error] OIDN Error: invalid handle
[2026-10-09 16:23:10.647] [svulkan2] [error] OIDN Error: invalid handle
[2026-10-09 16:23:10.647] [svulkan2] [error] OIDN Error: invalid handle
[2026-10-09 16:23:10.709] [svulkan2] [error] OIDN Error: invalid handle
[2026-10-09 16:23:10.709] [svulkan2] [error] OIDN Error: invalid handle
[2026-10-09 16:23:10.709] [svulkan2] [error] OIDN Error: invalid handle
[2026-10-09 16:23:10.709] [svulkan2] [error] OIDN Error: invalid handle
[2026-10-09 16:23:10.770] [svulkan2] [error] OIDN Error: invalid handle
[2026-10-09 16:23:10.770] [svulkan2] [error] OIDN Error: invalid handle
[2026-10-09 16:23:10.770] [svulkan2] [error] OIDN Error: invalid handle
[2026-10-09 16:23:10.770] [svulkan2] [error] OIDN Error: invalid handle
[2026-10-09 16:23:10.828] [svulkan2] [error] OIDN Error: invalid handle
[2026-10-09 16:23:10.828] [svulkan2] [error] OIDN Error: invalid handle
[2026-10-09 16:23:10.828] [svulkan2] [error] OIDN Error: invalid handle
[2026-10-09 16:23:10.828] [svulkan2] [error] OIDN Error: invalid handle
step: [92m7 / 400[0m{"attempt": 1, "decision": 6, "id": 7, "motions": 7, "left": "pos [-0.12, -0.04, 0.945] quat [0.0, -0.71, 0.0, 0.71] grip 1.00", "right": "pos [0.08, 0.01, 0.945] quat [0.0, -0.71, 0.0, 0.71] grip 1.00", "planner": {"left": "Success", "right": "Success"}, "success": false, "calls_total": 7, "latency_s": 15.94}
[2026-10-09 16:23:28.368] [svulkan2] [error] OIDN Error: invalid handle
[2026-10-09 16:23:28.368] [svulkan2] [error] OIDN Error: invalid handle
[2026-10-09 16:23:28.368] [svulkan2] [error] OIDN Error: invalid handle
[2026-10-09 16:23:28.368] [svulkan2] [error] OIDN Error: invalid handle
[2026-10-09 16:23:28.431] [svulkan2] [error] OIDN Error: invalid handle
[2026-10-09 16:23:28.432] [svulkan2] [error] OIDN Error: invalid handle
[2026-10-09 16:23:28.432] [svulkan2] [error] OIDN Error: invalid handle
[2026-10-09 16:23:28.432] [svulkan2] [error] OIDN Error: invalid handle
[2026-10-09 16:23:28.492] [svulkan2] [error] OIDN Error: invalid handle
[2026-10-09 16:23:28.492] [svulkan2] [error] OIDN Error: invalid handle
[2026-10-09 16:23:28.492] [svulkan2] [error] OIDN Error: invalid handle
[2026-10-09 16:23:28.492] [svulkan2] [error] OIDN Error: invalid handle
[2026-10-09 16:23:28.553] [svulkan2] [error] OIDN Error: invalid handle
[2026-10-09 16:23:28.553] [svulkan2] [error] OIDN Error: invalid handle
[2026-10-09 16:23:28.554] [svulkan2] [error] OIDN Error: invalid handle
[2026-10-09 16:23:28.554] [svulkan2] [error] OIDN Error: invalid handle
[2026-10-09 16:23:28.611] [svulkan2] [error] OIDN Error: invalid handle
[2026-10-09 16:23:28.611] [svulkan2] [error] OIDN Error: invalid handle
[2026-10-09 16:23:28.611] [svulkan2] [error] OIDN Error: invalid handle
[2026-10-09 16:23:28.611] [svulkan2] [error] OIDN Error: invalid handle
step: [92m8 / 400[0m{"attempt": 1, "decision": 7, "id": 8, "motions": 8, "left": "hold grip 0.00", "right": "hold grip 0.00", "planner": {"left": "hold", "right": "hold"}, "success": false, "calls_total": 8, "latency_s": 16.95}
[2026-10-09 16:23:43.545] [svulkan2] [error] OIDN Error: invalid handle
[2026-10-09 16:23:43.545] [svulkan2] [error] OIDN Error: invalid handle
[2026-10-09 16:23:43.545] [svulkan2] [error] OIDN Error: invalid handle
[2026-10-09 16:23:43.545] [svulkan2] [error] OIDN Error: invalid handle
[2026-10-09 16:23:43.604] [svulkan2] [error] OIDN Error: invalid handle
[2026-10-09 16:23:43.604] [svulkan2] [error] OIDN Error: invalid handle
[2026-10-09 16:23:43.604] [svulkan2] [error] OIDN Error: invalid handle
[2026-10-09 16:23:43.604] [svulkan2] [error] OIDN Error: invalid handle
[2026-10-09 16:23:43.668] [svulkan2] [error] OIDN Error: invalid handle
[2026-10-09 16:23:43.668] [svulkan2] [error] OIDN Error: invalid handle
[2026-10-09 16:23:43.668] [svulkan2] [error] OIDN Error: invalid handle
[2026-10-09 16:23:43.670] [svulkan2] [error] OIDN Error: invalid handle
[2026-10-09 16:23:43.729] [svulkan2] [error] OIDN Error: invalid handle
[2026-10-09 16:23:43.729] [svulkan2] [error] OIDN Error: invalid handle
[2026-10-09 16:23:43.729] [svulkan2] [error] OIDN Error: invalid handle
[2026-10-09 16:23:43.729] [svulkan2] [error] OIDN Error: invalid handle
[2026-10-09 16:23:43.790] [svulkan2] [error] OIDN Error: invalid handle
[2026-10-09 16:23:43.790] [svulkan2] [error] OIDN Error: invalid handle
[2026-10-09 16:23:43.790] [svulkan2] [error] OIDN Error: invalid handle
[2026-10-09 16:23:43.790] [svulkan2] [error] OIDN Error: invalid handle
[2026-10-09 16:23:43.851] [svulkan2] [error] OIDN Error: invalid handle
[2026-10-09 16:23:43.851] [svulkan2] [error] OIDN Error: invalid handle
[2026-10-09 16:23:43.851] [svulkan2] [error] OIDN Error: invalid handle
[2026-10-09 16:23:43.851] [svulkan2] [error] OIDN Error: invalid handle
[2026-10-09 16:23:43.912] [svulkan2] [error] OIDN Error: invalid handle
[2026-10-09 16:23:43.912] [svulkan2] [error] OIDN Error: invalid handle
[2026-10-09 16:23:43.912] [svulkan2] [error] OIDN Error: invalid handle
[2026-10-09 16:23:43.912] [svulkan2] [error] OIDN Error: invalid handle
[2026-10-09 16:23:43.973] [svulkan2] [error] OIDN Error: invalid handle
[2026-10-09 16:23:43.973] [svulkan2] [error] OIDN Error: invalid handle
[2026-10-09 16:23:43.973] [svulkan2] [error] OIDN Error: invalid handle
[2026-10-09 16:23:43.973] [svulkan2] [error] OIDN Error: invalid handle
[2026-10-09 16:23:44.034] [svulkan2] [error] OIDN Error: invalid handle
[2026-10-09 16:23:44.034] [svulkan2] [error] OIDN Error: invalid handle
[2026-10-09 16:23:44.034] [svulkan2] [error] OIDN Error: invalid handle
[2026-10-09 16:23:44.034] [svulkan2] [error] OIDN Error: invalid handle
[2026-10-09 16:23:44.096] [svulkan2] [error] OIDN Error: invalid handle
[2026-10-09 16:23:44.096] [svulkan2] [error] OIDN Error: invalid handle
[2026-10-09 16:23:44.096] [svulkan2] [error] OIDN Error: invalid handle
[2026-10-09 16:23:44.096] [svulkan2] [error] OIDN Error: invalid handle
[2026-10-09 16:23:44.158] [svulkan2] [error] OIDN Error: invalid handle
[2026-10-09 16:23:44.158] [svulkan2] [error] OIDN Error: invalid handle
[2026-10-09 16:23:44.158] [svulkan2] [error] OIDN Error: invalid handle
[2026-10-09 16:23:44.158] [svulkan2] [error] OIDN Error: invalid handle
[2026-10-09 16:23:44.219] [svulkan2] [error] OIDN Error: invalid handle
[2026-10-09 16:23:44.219] [svulkan2] [error] OIDN Error: invalid handle
[2026-10-09 16:23:44.219] [svulkan2] [error] OIDN Error: invalid handle
[2026-10-09 16:23:44.220] [svulkan2] [error] OIDN Error: invalid handle
[2026-10-09 16:23:44.280] [svulkan2] [error] OIDN Error: invalid handle
[2026-10-09 16:23:44.281] [svulkan2] [error] OIDN Error: invalid handle
[2026-10-09 16:23:44.281] [svulkan2] [error] OIDN Error: invalid handle
[2026-10-09 16:23:44.281] [svulkan2] [error] OIDN Error: invalid handle
[2026-10-09 16:23:44.343] [svulkan2] [error] OIDN Error: invalid handle
[2026-10-09 16:23:44.343] [svulkan2] [error] OIDN Error: invalid handle
[2026-10-09 16:23:44.343] [svulkan2] [error] OIDN Error: invalid handle
[2026-10-09 16:23:44.343] [svulkan2] [error] OIDN Error: invalid handle
[2026-10-09 16:23:44.405] [svulkan2] [error] OIDN Error: invalid handle
[2026-10-09 16:23:44.405] [svulkan2] [error] OIDN Error: invalid handle
[2026-10-09 16:23:44.405] [svulkan2] [error] OIDN Error: invalid handle
[2026-10-09 16:23:44.405] [svulkan2] [error] OIDN Error: invalid handle
[2026-10-09 16:23:44.466] [svulkan2] [error] OIDN Error: invalid handle
[2026-10-09 16:23:44.466] [svulkan2] [error] OIDN Error: invalid handle
[2026-10-09 16:23:44.466] [svulkan2] [error] OIDN Error: invalid handle
[2026-10-09 16:23:44.466] [svulkan2] [error] OIDN Error: invalid handle
[2026-10-09 16:23:44.528] [svulkan2] [error] OIDN Error: invalid handle
[2026-10-09 16:23:44.528] [svulkan2] [error] OIDN Error: invalid handle
[2026-10-09 16:23:44.528] [svulkan2] [error] OIDN Error: invalid handle
[2026-10-09 16:23:44.528] [svulkan2] [error] OIDN Error: invalid handle
[2026-10-09 16:23:44.590] [svulkan2] [error] OIDN Error: invalid handle
[2026-10-09 16:23:44.590] [svulkan2] [error] OIDN Error: invalid handle
[2026-10-09 16:23:44.591] [svulkan2] [error] OIDN Error: invalid handle
[2026-10-09 16:23:44.591] [svulkan2] [error] OIDN Error: invalid handle
[2026-10-09 16:23:44.653] [svulkan2] [error] OIDN Error: invalid handle
[2026-10-09 16:23:44.653] [svulkan2] [error] OIDN Error: invalid handle
[2026-10-09 16:23:44.653] [svulkan2] [error] OIDN Error: invalid handle
[2026-10-09 16:23:44.653] [svulkan2] [error] OIDN Error: invalid handle
[2026-10-09 16:23:44.716] [svulkan2] [error] OIDN Error: invalid handle
[2026-10-09 16:23:44.716] [svulkan2] [error] OIDN Error: invalid handle
[2026-10-09 16:23:44.716] [svulkan2] [error] OIDN Error: invalid handle
[2026-10-09 16:23:44.716] [svulkan2] [error] OIDN Error: invalid handle
[2026-10-09 16:23:44.776] [svulkan2] [error] OIDN Error: invalid handle
[2026-10-09 16:23:44.776] [svulkan2] [error] OIDN Error: invalid handle
[2026-10-09 16:23:44.776] [svulkan2] [error] OIDN Error: invalid handle
[2026-10-09 16:23:44.776] [svulkan2] [error] OIDN Error: invalid handle
step: [92m9 / 400[0m{"attempt": 1, "decision": 8, "id": 9, "motions": 9, "left": "pos [-0.122, -0.041, 0.987] quat [0.0, -0.71, 0.0, 0.71] grip 0.00", "right": "pos [0.082, 0.01, 0.986] quat [0.0, -0.71, 0.0, 0.71] grip 0.00", "planner": {"left": "Success", "right": "Success"}, "success": false, "calls_total": 9, "latency_s": 14.27}
[2026-10-09 16:25:04.993] [svulkan2] [error] OIDN Error: invalid handle
[2026-10-09 16:25:04.993] [svulkan2] [error] OIDN Error: invalid handle
[2026-10-09 16:25:04.993] [svulkan2] [error] OIDN Error: invalid handle
[2026-10-09 16:25:04.993] [svulkan2] [error] OIDN Error: invalid handle
[2026-10-09 16:25:05.055] [svulkan2] [error] OIDN Error: invalid handle
[2026-10-09 16:25:05.055] [svulkan2] [error] OIDN Error: invalid handle
[2026-10-09 16:25:05.055] [svulkan2] [error] OIDN Error: invalid handle
[2026-10-09 16:25:05.055] [svulkan2] [error] OIDN Error: invalid handle
[2026-10-09 16:25:05.116] [svulkan2] [error] OIDN Error: invalid handle
[2026-10-09 16:25:05.116] [svulkan2] [error] OIDN Error: invalid handle
[2026-10-09 16:25:05.116] [svulkan2] [error] OIDN Error: invalid handle
[2026-10-09 16:25:05.116] [svulkan2] [error] OIDN Error: invalid handle
[2026-10-09 16:25:05.177] [svulkan2] [error] OIDN Error: invalid handle
[2026-10-09 16:25:05.177] [svulkan2] [error] OIDN Error: invalid handle
[2026-10-09 16:25:05.177] [svulkan2] [error] OIDN Error: invalid handle
[2026-10-09 16:25:05.177] [svulkan2] [error] OIDN Error: invalid handle
[2026-10-09 16:25:05.239] [svulkan2] [error] OIDN Error: invalid handle
[2026-10-09 16:25:05.239] [svulkan2] [error] OIDN Error: invalid handle
[2026-10-09 16:25:05.239] [svulkan2] [error] OIDN Error: invalid handle
[2026-10-09 16:25:05.239] [svulkan2] [error] OIDN Error: invalid handle
[2026-10-09 16:25:05.301] [svulkan2] [error] OIDN Error: invalid handle
[2026-10-09 16:25:05.301] [svulkan2] [error] OIDN Error: invalid handle
[2026-10-09 16:25:05.301] [svulkan2] [error] OIDN Error: invalid handle
[2026-10-09 16:25:05.301] [svulkan2] [error] OIDN Error: invalid handle
[2026-10-09 16:25:05.363] [svulkan2] [error] OIDN Error: invalid handle
[2026-10-09 16:25:05.363] [svulkan2] [error] OIDN Error: invalid handle
[2026-10-09 16:25:05.363] [svulkan2] [error] OIDN Error: invalid handle
[2026-10-09 16:25:05.363] [svulkan2] [error] OIDN Error: invalid handle
[2026-10-09 16:25:05.424] [svulkan2] [error] OIDN Error: invalid handle
[2026-10-09 16:25:05.424] [svulkan2] [error] OIDN Error: invalid handle
[2026-10-09 16:25:05.424] [svulkan2] [error] OIDN Error: invalid handle
[2026-10-09 16:25:05.424] [svulkan2] [error] OIDN Error: invalid handle
[2026-10-09 16:25:05.486] [svulkan2] [error] OIDN Error: invalid handle
[2026-10-09 16:25:05.486] [svulkan2] [error] OIDN Error: invalid handle
[2026-10-09 16:25:05.486] [svulkan2] [error] OIDN Error: invalid handle
[2026-10-09 16:25:05.486] [svulkan2] [error] OIDN Error: invalid handle
[2026-10-09 16:25:05.547] [svulkan2] [error] OIDN Error: invalid handle
[2026-10-09 16:25:05.547] [svulkan2] [error] OIDN Error: invalid handle
[2026-10-09 16:25:05.547] [svulkan2] [error] OIDN Error: invalid handle
[2026-10-09 16:25:05.547] [svulkan2] [error] OIDN Error: invalid handle
[2026-10-09 16:25:05.608] [svulkan2] [error] OIDN Error: invalid handle
[2026-10-09 16:25:05.608] [svulkan2] [error] OIDN Error: invalid handle
[2026-10-09 16:25:05.608] [svulkan2] [error] OIDN Error: invalid handle
[2026-10-09 16:25:05.608] [svulkan2] [error] OIDN Error: invalid handle
[2026-10-09 16:25:05.670] [svulkan2] [error] OIDN Error: invalid handle
[2026-10-09 16:25:05.670] [svulkan2] [error] OIDN Error: invalid handle
[2026-10-09 16:25:05.670] [svulkan2] [error] OIDN Error: invalid handle
[2026-10-09 16:25:05.671] [svulkan2] [error] OIDN Error: invalid handle
[2026-10-09 16:25:05.732] [svulkan2] [error] OIDN Error: invalid handle
[2026-10-09 16:25:05.732] [svulkan2] [error] OIDN Error: invalid handle
[2026-10-09 16:25:05.732] [svulkan2] [error] OIDN Error: invalid handle
[2026-10-09 16:25:05.732] [svulkan2] [error] OIDN Error: invalid handle
[2026-10-09 16:25:05.792] [svulkan2] [error] OIDN Error: invalid handle
[2026-10-09 16:25:05.792] [svulkan2] [error] OIDN Error: invalid handle
[2026-10-09 16:25:05.792] [svulkan2] [error] OIDN Error: invalid handle
[2026-10-09 16:25:05.792] [svulkan2] [error] OIDN Error: invalid handle
[2026-10-09 16:25:05.853] [svulkan2] [error] OIDN Error: invalid handle
[2026-10-09 16:25:05.853] [svulkan2] [error] OIDN Error: invalid handle
[2026-10-09 16:25:05.853] [svulkan2] [error] OIDN Error: invalid handle
[2026-10-09 16:25:05.853] [svulkan2] [error] OIDN Error: invalid handle
[2026-10-09 16:25:05.913] [svulkan2] [error] OIDN Error: invalid handle
[2026-10-09 16:25:05.913] [svulkan2] [error] OIDN Error: invalid handle
[2026-10-09 16:25:05.913] [svulkan2] [error] OIDN Error: invalid handle
[2026-10-09 16:25:05.913] [svulkan2] [error] OIDN Error: invalid handle
[2026-10-09 16:25:05.975] [svulkan2] [error] OIDN Error: invalid handle
[2026-10-09 16:25:05.975] [svulkan2] [error] OIDN Error: invalid handle
[2026-10-09 16:25:05.975] [svulkan2] [error] OIDN Error: invalid handle
[2026-10-09 16:25:05.975] [svulkan2] [error] OIDN Error: invalid handle
[2026-10-09 16:25:06.037] [svulkan2] [error] OIDN Error: invalid handle
[2026-10-09 16:25:06.039] [svulkan2] [error] OIDN Error: invalid handle
[2026-10-09 16:25:06.039] [svulkan2] [error] OIDN Error: invalid handle
[2026-10-09 16:25:06.039] [svulkan2] [error] OIDN Error: invalid handle
[2026-10-09 16:25:06.100] [svulkan2] [error] OIDN Error: invalid handle
[2026-10-09 16:25:06.100] [svulkan2] [error] OIDN Error: invalid handle
[2026-10-09 16:25:06.100] [svulkan2] [error] OIDN Error: invalid handle
[2026-10-09 16:25:06.100] [svulkan2] [error] OIDN Error: invalid handle
[2026-10-09 16:25:06.161] [svulkan2] [error] OIDN Error: invalid handle
[2026-10-09 16:25:06.161] [svulkan2] [error] OIDN Error: invalid handle
[2026-10-09 16:25:06.161] [svulkan2] [error] OIDN Error: invalid handle
[2026-10-09 16:25:06.161] [svulkan2] [error] OIDN Error: invalid handle
[2026-10-09 16:25:06.222] [svulkan2] [error] OIDN Error: invalid handle
[2026-10-09 16:25:06.222] [svulkan2] [error] OIDN Error: invalid handle
[2026-10-09 16:25:06.222] [svulkan2] [error] OIDN Error: invalid handle
[2026-10-09 16:25:06.222] [svulkan2] [error] OIDN Error: invalid handle
[2026-10-09 16:25:06.283] [svulkan2] [error] OIDN Error: invalid handle
[2026-10-09 16:25:06.283] [svulkan2] [error] OIDN Error: invalid handle
[2026-10-09 16:25:06.283] [svulkan2] [error] OIDN Error: invalid handle
[2026-10-09 16:25:06.283] [svulkan2] [error] OIDN Error: invalid handle
[2026-10-09 16:25:06.344] [svulkan2] [error] OIDN Error: invalid handle
[2026-10-09 16:25:06.344] [svulkan2] [error] OIDN Error: invalid handle
[2026-10-09 16:25:06.344] [svulkan2] [error] OIDN Error: invalid handle
[2026-10-09 16:25:06.344] [svulkan2] [error] OIDN Error: invalid handle
[2026-10-09 16:25:06.405] [svulkan2] [error] OIDN Error: invalid handle
[2026-10-09 16:25:06.405] [svulkan2] [error] OIDN Error: invalid handle
[2026-10-09 16:25:06.405] [svulkan2] [error] OIDN Error: invalid handle
[2026-10-09 16:25:06.405] [svulkan2] [error] OIDN Error: invalid handle
step: [92m10 / 400[0m{"attempt": 1, "decision": 9, "id": 10, "motions": 10, "left": "pos [-0.122, -0.041, 1.046] quat [0.0, -0.71, 0.0, 0.71] grip 0.00", "right": "pos [0.081, 0.01, 1.047] quat [0.0, -0.71, 0.0, 0.71] grip 0.00", "planner": {"left": "Success", "right": "Fail"}, "success": false, "calls_total": 10, "latency_s": 79.51}
[2026-10-09 16:25:24.649] [svulkan2] [error] OIDN Error: invalid handle
[2026-10-09 16:25:24.649] [svulkan2] [error] OIDN Error: invalid handle
[2026-10-09 16:25:24.649] [svulkan2] [error] OIDN Error: invalid handle
[2026-10-09 16:25:24.649] [svulkan2] [error] OIDN Error: invalid handle
[2026-10-09 16:25:24.713] [svulkan2] [error] OIDN Error: invalid handle
[2026-10-09 16:25:24.713] [svulkan2] [error] OIDN Error: invalid handle
[2026-10-09 16:25:24.713] [svulkan2] [error] OIDN Error: invalid handle
[2026-10-09 16:25:24.713] [svulkan2] [error] OIDN Error: invalid handle
[2026-10-09 16:25:24.774] [svulkan2] [error] OIDN Error: invalid handle
[2026-10-09 16:25:24.774] [svulkan2] [error] OIDN Error: invalid handle
[2026-10-09 16:25:24.774] [svulkan2] [error] OIDN Error: invalid handle
[2026-10-09 16:25:24.774] [svulkan2] [error] OIDN Error: invalid handle
[2026-10-09 16:25:24.836] [svulkan2] [error] OIDN Error: invalid handle
[2026-10-09 16:25:24.836] [svulkan2] [error] OIDN Error: invalid handle
[2026-10-09 16:25:24.836] [svulkan2] [error] OIDN Error: invalid handle
[2026-10-09 16:25:24.836] [svulkan2] [error] OIDN Error: invalid handle
[2026-10-09 16:25:24.898] [svulkan2] [error] OIDN Error: invalid handle
[2026-10-09 16:25:24.898] [svulkan2] [error] OIDN Error: invalid handle
[2026-10-09 16:25:24.898] [svulkan2] [error] OIDN Error: invalid handle
[2026-10-09 16:25:24.898] [svulkan2] [error] OIDN Error: invalid handle
[2026-10-09 16:25:24.960] [svulkan2] [error] OIDN Error: invalid handle
[2026-10-09 16:25:24.960] [svulkan2] [error] OIDN Error: invalid handle
[2026-10-09 16:25:24.960] [svulkan2] [error] OIDN Error: invalid handle
[2026-10-09 16:25:24.960] [svulkan2] [error] OIDN Error: invalid handle
[2026-10-09 16:25:25.022] [svulkan2] [error] OIDN Error: invalid handle
[2026-10-09 16:25:25.022] [svulkan2] [error] OIDN Error: invalid handle
[2026-10-09 16:25:25.022] [svulkan2] [error] OIDN Error: invalid handle
[2026-10-09 16:25:25.022] [svulkan2] [error] OIDN Error: invalid handle
[2026-10-09 16:25:25.085] [svulkan2] [error] OIDN Error: invalid handle
[2026-10-09 16:25:25.085] [svulkan2] [error] OIDN Error: invalid handle
[2026-10-09 16:25:25.085] [svulkan2] [error] OIDN Error: invalid handle
[2026-10-09 16:25:25.085] [svulkan2] [error] OIDN Error: invalid handle
[2026-10-09 16:25:25.147] [svulkan2] [error] OIDN Error: invalid handle
[2026-10-09 16:25:25.147] [svulkan2] [error] OIDN Error: invalid handle
[2026-10-09 16:25:25.147] [svulkan2] [error] OIDN Error: invalid handle
[2026-10-09 16:25:25.147] [svulkan2] [error] OIDN Error: invalid handle
[2026-10-09 16:25:25.210] [svulkan2] [error] OIDN Error: invalid handle
[2026-10-09 16:25:25.210] [svulkan2] [error] OIDN Error: invalid handle
[2026-10-09 16:25:25.210] [svulkan2] [error] OIDN Error: invalid handle
[2026-10-09 16:25:25.210] [svulkan2] [error] OIDN Error: invalid handle
[2026-10-09 16:25:25.272] [svulkan2] [error] OIDN Error: invalid handle
[2026-10-09 16:25:25.272] [svulkan2] [error] OIDN Error: invalid handle
[2026-10-09 16:25:25.272] [svulkan2] [error] OIDN Error: invalid handle
[2026-10-09 16:25:25.272] [svulkan2] [error] OIDN Error: invalid handle
[2026-10-09 16:25:25.338] [svulkan2] [error] OIDN Error: invalid handle
[2026-10-09 16:25:25.338] [svulkan2] [error] OIDN Error: invalid handle
[2026-10-09 16:25:25.338] [svulkan2] [error] OIDN Error: invalid handle
[2026-10-09 16:25:25.338] [svulkan2] [error] OIDN Error: invalid handle
[2026-10-09 16:25:25.400] [svulkan2] [error] OIDN Error: invalid handle
[2026-10-09 16:25:25.400] [svulkan2] [error] OIDN Error: invalid handle
[2026-10-09 16:25:25.400] [svulkan2] [error] OIDN Error: invalid handle
[2026-10-09 16:25:25.400] [svulkan2] [error] OIDN Error: invalid handle
[2026-10-09 16:25:25.462] [svulkan2] [error] OIDN Error: invalid handle
[2026-10-09 16:25:25.462] [svulkan2] [error] OIDN Error: invalid handle
[2026-10-09 16:25:25.462] [svulkan2] [error] OIDN Error: invalid handle
[2026-10-09 16:25:25.462] [svulkan2] [error] OIDN Error: invalid handle
[2026-10-09 16:25:25.523] [svulkan2] [error] OIDN Error: invalid handle
[2026-10-09 16:25:25.523] [svulkan2] [error] OIDN Error: invalid handle
[2026-10-09 16:25:25.523] [svulkan2] [error] OIDN Error: invalid handle
[2026-10-09 16:25:25.523] [svulkan2] [error] OIDN Error: invalid handle
[2026-10-09 16:25:25.585] [svulkan2] [error] OIDN Error: invalid handle
[2026-10-09 16:25:25.585] [svulkan2] [error] OIDN Error: invalid handle
[2026-10-09 16:25:25.585] [svulkan2] [error] OIDN Error: invalid handle
[2026-10-09 16:25:25.585] [svulkan2] [error] OIDN Error: invalid handle
[2026-10-09 16:25:25.646] [svulkan2] [error] OIDN Error: invalid handle
[2026-10-09 16:25:25.646] [svulkan2] [error] OIDN Error: invalid handle
[2026-10-09 16:25:25.646] [svulkan2] [error] OIDN Error: invalid handle
[2026-10-09 16:25:25.646] [svulkan2] [error] OIDN Error: invalid handle
[2026-10-09 16:25:25.708] [svulkan2] [error] OIDN Error: invalid handle
[2026-10-09 16:25:25.708] [svulkan2] [error] OIDN Error: invalid handle
[2026-10-09 16:25:25.708] [svulkan2] [error] OIDN Error: invalid handle
[2026-10-09 16:25:25.708] [svulkan2] [error] OIDN Error: invalid handle
[2026-10-09 16:25:25.770] [svulkan2] [error] OIDN Error: invalid handle
[2026-10-09 16:25:25.770] [svulkan2] [error] OIDN Error: invalid handle
[2026-10-09 16:25:25.770] [svulkan2] [error] OIDN Error: invalid handle
[2026-10-09 16:25:25.770] [svulkan2] [error] OIDN Error: invalid handle
[2026-10-09 16:25:25.831] [svulkan2] [error] OIDN Error: invalid handle
[2026-10-09 16:25:25.831] [svulkan2] [error] OIDN Error: invalid handle
[2026-10-09 16:25:25.831] [svulkan2] [error] OIDN Error: invalid handle
[2026-10-09 16:25:25.831] [svulkan2] [error] OIDN Error: invalid handle
[2026-10-09 16:25:25.891] [svulkan2] [error] OIDN Error: invalid handle
[2026-10-09 16:25:25.891] [svulkan2] [error] OIDN Error: invalid handle
[2026-10-09 16:25:25.891] [svulkan2] [error] OIDN Error: invalid handle
[2026-10-09 16:25:25.891] [svulkan2] [error] OIDN Error: invalid handle
[2026-10-09 16:25:25.951] [svulkan2] [error] OIDN Error: invalid handle
[2026-10-09 16:25:25.951] [svulkan2] [error] OIDN Error: invalid handle
[2026-10-09 16:25:25.951] [svulkan2] [error] OIDN Error: invalid handle
[2026-10-09 16:25:25.951] [svulkan2] [error] OIDN Error: invalid handle
[2026-10-09 16:25:26.012] [svulkan2] [error] OIDN Error: invalid handle
[2026-10-09 16:25:26.012] [svulkan2] [error] OIDN Error: invalid handle
[2026-10-09 16:25:26.021] [svulkan2] [error] OIDN Error: invalid handle
[2026-10-09 16:25:26.021] [svulkan2] [error] OIDN Error: invalid handle
[2026-10-09 16:25:26.073] [svulkan2] [error] OIDN Error: invalid handle
[2026-10-09 16:25:26.073] [svulkan2] [error] OIDN Error: invalid handle
[2026-10-09 16:25:26.073] [svulkan2] [error] OIDN Error: invalid handle
[2026-10-09 16:25:26.073] [svulkan2] [error] OIDN Error: invalid handle
[2026-10-09 16:25:26.134] [svulkan2] [error] OIDN Error: invalid handle
[2026-10-09 16:25:26.134] [svulkan2] [error] OIDN Error: invalid handle
[2026-10-09 16:25:26.134] [svulkan2] [error] OIDN Error: invalid handle
[2026-10-09 16:25:26.134] [svulkan2] [error] OIDN Error: invalid handle
[2026-10-09 16:25:26.194] [svulkan2] [error] OIDN Error: invalid handle
[2026-10-09 16:25:26.194] [svulkan2] [error] OIDN Error: invalid handle
[2026-10-09 16:25:26.194] [svulkan2] [error] OIDN Error: invalid handle
[2026-10-09 16:25:26.194] [svulkan2] [error] OIDN Error: invalid handle
step: [92m11 / 400[0m{"attempt": 1, "decision": 10, "id": 11, "motions": 11, "left": "hold grip 0.00", "right": "pos [0.081, 0.01, 1.016] quat [0.0, -0.71, 0.0, 0.71] grip 0.00", "planner": {"left": "hold", "right": "Success"}, "success": false, "calls_total": 11, "latency_s": 17.6}
[2026-10-09 16:25:51.897] [svulkan2] [error] OIDN Error: invalid handle
[2026-10-09 16:25:51.898] [svulkan2] [error] OIDN Error: invalid handle
[2026-10-09 16:25:51.898] [svulkan2] [error] OIDN Error: invalid handle
[2026-10-09 16:25:51.898] [svulkan2] [error] OIDN Error: invalid handle
[2026-10-09 16:25:51.959] [svulkan2] [error] OIDN Error: invalid handle
[2026-10-09 16:25:51.959] [svulkan2] [error] OIDN Error: invalid handle
[2026-10-09 16:25:51.959] [svulkan2] [error] OIDN Error: invalid handle
[2026-10-09 16:25:51.959] [svulkan2] [error] OIDN Error: invalid handle
[2026-10-09 16:25:52.019] [svulkan2] [error] OIDN Error: invalid handle
[2026-10-09 16:25:52.019] [svulkan2] [error] OIDN Error: invalid handle
[2026-10-09 16:25:52.019] [svulkan2] [error] OIDN Error: invalid handle
[2026-10-09 16:25:52.019] [svulkan2] [error] OIDN Error: invalid handle
[2026-10-09 16:25:52.081] [svulkan2] [error] OIDN Error: invalid handle
[2026-10-09 16:25:52.081] [svulkan2] [error] OIDN Error: invalid handle
[2026-10-09 16:25:52.081] [svulkan2] [error] OIDN Error: invalid handle
[2026-10-09 16:25:52.081] [svulkan2] [error] OIDN Error: invalid handle
[2026-10-09 16:25:52.143] [svulkan2] [error] OIDN Error: invalid handle
[2026-10-09 16:25:52.143] [svulkan2] [error] OIDN Error: invalid handle
[2026-10-09 16:25:52.143] [svulkan2] [error] OIDN Error: invalid handle
[2026-10-09 16:25:52.143] [svulkan2] [error] OIDN Error: invalid handle
[2026-10-09 16:25:52.203] [svulkan2] [error] OIDN Error: invalid handle
[2026-10-09 16:25:52.203] [svulkan2] [error] OIDN Error: invalid handle
[2026-10-09 16:25:52.203] [svulkan2] [error] OIDN Error: invalid handle
[2026-10-09 16:25:52.203] [svulkan2] [error] OIDN Error: invalid handle
[2026-10-09 16:25:52.265] [svulkan2] [error] OIDN Error: invalid handle
[2026-10-09 16:25:52.265] [svulkan2] [error] OIDN Error: invalid handle
[2026-10-09 16:25:52.265] [svulkan2] [error] OIDN Error: invalid handle
[2026-10-09 16:25:52.265] [svulkan2] [error] OIDN Error: invalid handle
[2026-10-09 16:25:52.327] [svulkan2] [error] OIDN Error: invalid handle
[2026-10-09 16:25:52.328] [svulkan2] [error] OIDN Error: invalid handle
[2026-10-09 16:25:52.328] [svulkan2] [error] OIDN Error: invalid handle
[2026-10-09 16:25:52.328] [svulkan2] [error] OIDN Error: invalid handle
[2026-10-09 16:25:52.391] [svulkan2] [error] OIDN Error: invalid handle
[2026-10-09 16:25:52.391] [svulkan2] [error] OIDN Error: invalid handle
[2026-10-09 16:25:52.391] [svulkan2] [error] OIDN Error: invalid handle
[2026-10-09 16:25:52.391] [svulkan2] [error] OIDN Error: invalid handle
[2026-10-09 16:25:52.453] [svulkan2] [error] OIDN Error: invalid handle
[2026-10-09 16:25:52.453] [svulkan2] [error] OIDN Error: invalid handle
[2026-10-09 16:25:52.453] [svulkan2] [error] OIDN Error: invalid handle
[2026-10-09 16:25:52.453] [svulkan2] [error] OIDN Error: invalid handle
[2026-10-09 16:25:52.515] [svulkan2] [error] OIDN Error: invalid handle
[2026-10-09 16:25:52.515] [svulkan2] [error] OIDN Error: invalid handle
[2026-10-09 16:25:52.515] [svulkan2] [error] OIDN Error: invalid handle
[2026-10-09 16:25:52.515] [svulkan2] [error] OIDN Error: invalid handle
[2026-10-09 16:25:52.577] [svulkan2] [error] OIDN Error: invalid handle
[2026-10-09 16:25:52.577] [svulkan2] [error] OIDN Error: invalid handle
[2026-10-09 16:25:52.577] [svulkan2] [error] OIDN Error: invalid handle
[2026-10-09 16:25:52.577] [svulkan2] [error] OIDN Error: invalid handle
[2026-10-09 16:25:52.639] [svulkan2] [error] OIDN Error: invalid handle
[2026-10-09 16:25:52.639] [svulkan2] [error] OIDN Error: invalid handle
[2026-10-09 16:25:52.640] [svulkan2] [error] OIDN Error: invalid handle
[2026-10-09 16:25:52.640] [svulkan2] [error] OIDN Error: invalid handle
[2026-10-09 16:25:52.702] [svulkan2] [error] OIDN Error: invalid handle
[2026-10-09 16:25:52.702] [svulkan2] [error] OIDN Error: invalid handle
[2026-10-09 16:25:52.702] [svulkan2] [error] OIDN Error: invalid handle
[2026-10-09 16:25:52.703] [svulkan2] [error] OIDN Error: invalid handle
[2026-10-09 16:25:52.764] [svulkan2] [error] OIDN Error: invalid handle
[2026-10-09 16:25:52.764] [svulkan2] [error] OIDN Error: invalid handle
[2026-10-09 16:25:52.764] [svulkan2] [error] OIDN Error: invalid handle
[2026-10-09 16:25:52.764] [svulkan2] [error] OIDN Error: invalid handle
step: [92m12 / 400[0m{"attempt": 1, "decision": 11, "id": 12, "motions": 12, "left": "hold grip 0.00", "right": "pos [0.055, 0.009, 0.987] quat [0.0, -0.71, 0.0, 0.71] grip 1.00", "planner": {"left": "hold", "right": "Success"}, "success": false, "calls_total": 12, "latency_s": 25.06}
[2026-10-09 16:26:15.112] [svulkan2] [error] OIDN Error: invalid handle
[2026-10-09 16:26:15.113] [svulkan2] [error] OIDN Error: invalid handle
[2026-10-09 16:26:15.113] [svulkan2] [error] OIDN Error: invalid handle
[2026-10-09 16:26:15.113] [svulkan2] [error] OIDN Error: invalid handle
[2026-10-09 16:26:15.175] [svulkan2] [error] OIDN Error: invalid handle
[2026-10-09 16:26:15.175] [svulkan2] [error] OIDN Error: invalid handle
[2026-10-09 16:26:15.175] [svulkan2] [error] OIDN Error: invalid handle
[2026-10-09 16:26:15.175] [svulkan2] [error] OIDN Error: invalid handle
[2026-10-09 16:26:15.238] [svulkan2] [error] OIDN Error: invalid handle
[2026-10-09 16:26:15.238] [svulkan2] [error] OIDN Error: invalid handle
[2026-10-09 16:26:15.238] [svulkan2] [error] OIDN Error: invalid handle
[2026-10-09 16:26:15.238] [svulkan2] [error] OIDN Error: invalid handle
[2026-10-09 16:26:15.300] [svulkan2] [error] OIDN Error: invalid handle
[2026-10-09 16:26:15.300] [svulkan2] [error] OIDN Error: invalid handle
[2026-10-09 16:26:15.301] [svulkan2] [error] OIDN Error: invalid handle
[2026-10-09 16:26:15.301] [svulkan2] [error] OIDN Error: invalid handle
[2026-10-09 16:26:15.363] [svulkan2] [error] OIDN Error: invalid handle
[2026-10-09 16:26:15.363] [svulkan2] [error] OIDN Error: invalid handle
[2026-10-09 16:26:15.363] [svulkan2] [error] OIDN Error: invalid handle
[2026-10-09 16:26:15.363] [svulkan2] [error] OIDN Error: invalid handle
[2026-10-09 16:26:15.425] [svulkan2] [error] OIDN Error: invalid handle
[2026-10-09 16:26:15.425] [svulkan2] [error] OIDN Error: invalid handle
[2026-10-09 16:26:15.425] [svulkan2] [error] OIDN Error: invalid handle
[2026-10-09 16:26:15.425] [svulkan2] [error] OIDN Error: invalid handle
[2026-10-09 16:26:15.487] [svulkan2] [error] OIDN Error: invalid handle
[2026-10-09 16:26:15.487] [svulkan2] [error] OIDN Error: invalid handle
[2026-10-09 16:26:15.487] [svulkan2] [error] OIDN Error: invalid handle
[2026-10-09 16:26:15.487] [svulkan2] [error] OIDN Error: invalid handle
[2026-10-09 16:26:15.549] [svulkan2] [error] OIDN Error: invalid handle
[2026-10-09 16:26:15.549] [svulkan2] [error] OIDN Error: invalid handle
[2026-10-09 16:26:15.550] [svulkan2] [error] OIDN Error: invalid handle
[2026-10-09 16:26:15.550] [svulkan2] [error] OIDN Error: invalid handle
[2026-10-09 16:26:15.613] [svulkan2] [error] OIDN Error: invalid handle
[2026-10-09 16:26:15.613] [svulkan2] [error] OIDN Error: invalid handle
[2026-10-09 16:26:15.613] [svulkan2] [error] OIDN Error: invalid handle
[2026-10-09 16:26:15.613] [svulkan2] [error] OIDN Error: invalid handle
[2026-10-09 16:26:15.675] [svulkan2] [error] OIDN Error: invalid handle
[2026-10-09 16:26:15.675] [svulkan2] [error] OIDN Error: invalid handle
[2026-10-09 16:26:15.675] [svulkan2] [error] OIDN Error: invalid handle
[2026-10-09 16:26:15.675] [svulkan2] [error] OIDN Error: invalid handle
[2026-10-09 16:26:15.737] [svulkan2] [error] OIDN Error: invalid handle
[2026-10-09 16:26:15.737] [svulkan2] [error] OIDN Error: invalid handle
[2026-10-09 16:26:15.738] [svulkan2] [error] OIDN Error: invalid handle
[2026-10-09 16:26:15.738] [svulkan2] [error] OIDN Error: invalid handle
[2026-10-09 16:26:15.799] [svulkan2] [error] OIDN Error: invalid handle
[2026-10-09 16:26:15.800] [svulkan2] [error] OIDN Error: invalid handle
[2026-10-09 16:26:15.800] [svulkan2] [error] OIDN Error: invalid handle
[2026-10-09 16:26:15.800] [svulkan2] [error] OIDN Error: invalid handle
[2026-10-09 16:26:15.862] [svulkan2] [error] OIDN Error: invalid handle
[2026-10-09 16:26:15.862] [svulkan2] [error] OIDN Error: invalid handle
[2026-10-09 16:26:15.862] [svulkan2] [error] OIDN Error: invalid handle
[2026-10-09 16:26:15.862] [svulkan2] [error] OIDN Error: invalid handle
[2026-10-09 16:26:15.924] [svulkan2] [error] OIDN Error: invalid handle
[2026-10-09 16:26:15.925] [svulkan2] [error] OIDN Error: invalid handle
[2026-10-09 16:26:15.925] [svulkan2] [error] OIDN Error: invalid handle
[2026-10-09 16:26:15.925] [svulkan2] [error] OIDN Error: invalid handle
[2026-10-09 16:26:15.989] [svulkan2] [error] OIDN Error: invalid handle
[2026-10-09 16:26:15.989] [svulkan2] [error] OIDN Error: invalid handle
[2026-10-09 16:26:15.989] [svulkan2] [error] OIDN Error: invalid handle
[2026-10-09 16:26:15.989] [svulkan2] [error] OIDN Error: invalid handle
[2026-10-09 16:26:16.052] [svulkan2] [error] OIDN Error: invalid handle
[2026-10-09 16:26:16.052] [svulkan2] [error] OIDN Error: invalid handle
[2026-10-09 16:26:16.052] [svulkan2] [error] OIDN Error: invalid handle
[2026-10-09 16:26:16.053] [svulkan2] [error] OIDN Error: invalid handle
[2026-10-09 16:26:16.114] [svulkan2] [error] OIDN Error: invalid handle
[2026-10-09 16:26:16.114] [svulkan2] [error] OIDN Error: invalid handle
[2026-10-09 16:26:16.114] [svulkan2] [error] OIDN Error: invalid handle
[2026-10-09 16:26:16.114] [svulkan2] [error] OIDN Error: invalid handle
step: [92m13 / 400[0m{"attempt": 1, "decision": 12, "id": 13, "motions": 13, "left": "hold grip 0.00", "right": "pos [0.058, 0.01, 0.977] quat [0.0, -0.71, 0.0, 0.71] grip 1.00", "planner": {"left": "hold", "right": "Success"}, "success": false, "calls_total": 13, "latency_s": 21.72}
[2026-10-09 16:26:32.842] [svulkan2] [error] OIDN Error: invalid handle
[2026-10-09 16:26:32.842] [svulkan2] [error] OIDN Error: invalid handle
[2026-10-09 16:26:32.842] [svulkan2] [error] OIDN Error: invalid handle
[2026-10-09 16:26:32.842] [svulkan2] [error] OIDN Error: invalid handle
[2026-10-09 16:26:32.905] [svulkan2] [error] OIDN Error: invalid handle
[2026-10-09 16:26:32.905] [svulkan2] [error] OIDN Error: invalid handle
[2026-10-09 16:26:32.906] [svulkan2] [error] OIDN Error: invalid handle
[2026-10-09 16:26:32.906] [svulkan2] [error] OIDN Error: invalid handle
[2026-10-09 16:26:32.968] [svulkan2] [error] OIDN Error: invalid handle
[2026-10-09 16:26:32.968] [svulkan2] [error] OIDN Error: invalid handle
[2026-10-09 16:26:32.968] [svulkan2] [error] OIDN Error: invalid handle
[2026-10-09 16:26:32.968] [svulkan2] [error] OIDN Error: invalid handle
[2026-10-09 16:26:33.031] [svulkan2] [error] OIDN Error: invalid handle
[2026-10-09 16:26:33.031] [svulkan2] [error] OIDN Error: invalid handle
[2026-10-09 16:26:33.031] [svulkan2] [error] OIDN Error: invalid handle
[2026-10-09 16:26:33.031] [svulkan2] [error] OIDN Error: invalid handle
[2026-10-09 16:26:33.092] [svulkan2] [error] OIDN Error: invalid handle
[2026-10-09 16:26:33.092] [svulkan2] [error] OIDN Error: invalid handle
[2026-10-09 16:26:33.092] [svulkan2] [error] OIDN Error: invalid handle
[2026-10-09 16:26:33.092] [svulkan2] [error] OIDN Error: invalid handle
step: [92m14 / 400[0m{"attempt": 1, "decision": 13, "id": 14, "motions": 14, "left": "hold grip 0.00", "right": "hold grip 0.00", "planner": {"left": "hold", "right": "hold"}, "success": false, "calls_total": 14, "latency_s": 16.14}
[2026-10-09 16:26:47.327] [svulkan2] [error] OIDN Error: invalid handle
[2026-10-09 16:26:47.327] [svulkan2] [error] OIDN Error: invalid handle
[2026-10-09 16:26:47.327] [svulkan2] [error] OIDN Error: invalid handle
[2026-10-09 16:26:47.328] [svulkan2] [error] OIDN Error: invalid handle
[2026-10-09 16:26:47.390] [svulkan2] [error] OIDN Error: invalid handle
[2026-10-09 16:26:47.390] [svulkan2] [error] OIDN Error: invalid handle
[2026-10-09 16:26:47.390] [svulkan2] [error] OIDN Error: invalid handle
[2026-10-09 16:26:47.392] [svulkan2] [error] OIDN Error: invalid handle
[2026-10-09 16:26:47.453] [svulkan2] [error] OIDN Error: invalid handle
[2026-10-09 16:26:47.453] [svulkan2] [error] OIDN Error: invalid handle
[2026-10-09 16:26:47.453] [svulkan2] [error] OIDN Error: invalid handle
[2026-10-09 16:26:47.453] [svulkan2] [error] OIDN Error: invalid handle
[2026-10-09 16:26:47.515] [svulkan2] [error] OIDN Error: invalid handle
[2026-10-09 16:26:47.515] [svulkan2] [error] OIDN Error: invalid handle
[2026-10-09 16:26:47.515] [svulkan2] [error] OIDN Error: invalid handle
[2026-10-09 16:26:47.515] [svulkan2] [error] OIDN Error: invalid handle
[2026-10-09 16:26:47.578] [svulkan2] [error] OIDN Error: invalid handle
[2026-10-09 16:26:47.578] [svulkan2] [error] OIDN Error: invalid handle
[2026-10-09 16:26:47.578] [svulkan2] [error] OIDN Error: invalid handle
[2026-10-09 16:26:47.578] [svulkan2] [error] OIDN Error: invalid handle
[2026-10-09 16:26:47.641] [svulkan2] [error] OIDN Error: invalid handle
[2026-10-09 16:26:47.641] [svulkan2] [error] OIDN Error: invalid handle
[2026-10-09 16:26:47.641] [svulkan2] [error] OIDN Error: invalid handle
[2026-10-09 16:26:47.641] [svulkan2] [error] OIDN Error: invalid handle
[2026-10-09 16:26:47.705] [svulkan2] [error] OIDN Error: invalid handle
[2026-10-09 16:26:47.705] [svulkan2] [error] OIDN Error: invalid handle
[2026-10-09 16:26:47.705] [svulkan2] [error] OIDN Error: invalid handle
[2026-10-09 16:26:47.705] [svulkan2] [error] OIDN Error: invalid handle
[2026-10-09 16:26:47.767] [svulkan2] [error] OIDN Error: invalid handle
[2026-10-09 16:26:47.767] [svulkan2] [error] OIDN Error: invalid handle
[2026-10-09 16:26:47.767] [svulkan2] [error] OIDN Error: invalid handle
[2026-10-09 16:26:47.767] [svulkan2] [error] OIDN Error: invalid handle
[2026-10-09 16:26:47.830] [svulkan2] [error] OIDN Error: invalid handle
[2026-10-09 16:26:47.830] [svulkan2] [error] OIDN Error: invalid handle
[2026-10-09 16:26:47.830] [svulkan2] [error] OIDN Error: invalid handle
[2026-10-09 16:26:47.830] [svulkan2] [error] OIDN Error: invalid handle
[2026-10-09 16:26:47.894] [svulkan2] [error] OIDN Error: invalid handle
[2026-10-09 16:26:47.894] [svulkan2] [error] OIDN Error: invalid handle
[2026-10-09 16:26:47.894] [svulkan2] [error] OIDN Error: invalid handle
[2026-10-09 16:26:47.894] [svulkan2] [error] OIDN Error: invalid handle
[2026-10-09 16:26:47.957] [svulkan2] [error] OIDN Error: invalid handle
[2026-10-09 16:26:47.957] [svulkan2] [error] OIDN Error: invalid handle
[2026-10-09 16:26:47.957] [svulkan2] [error] OIDN Error: invalid handle
[2026-10-09 16:26:47.957] [svulkan2] [error] OIDN Error: invalid handle
[2026-10-09 16:26:48.019] [svulkan2] [error] OIDN Error: invalid handle
[2026-10-09 16:26:48.019] [svulkan2] [error] OIDN Error: invalid handle
[2026-10-09 16:26:48.019] [svulkan2] [error] OIDN Error: invalid handle
[2026-10-09 16:26:48.020] [svulkan2] [error] OIDN Error: invalid handle
[2026-10-09 16:26:48.082] [svulkan2] [error] OIDN Error: invalid handle
[2026-10-09 16:26:48.082] [svulkan2] [error] OIDN Error: invalid handle
[2026-10-09 16:26:48.082] [svulkan2] [error] OIDN Error: invalid handle
[2026-10-09 16:26:48.082] [svulkan2] [error] OIDN Error: invalid handle
[2026-10-09 16:26:48.144] [svulkan2] [error] OIDN Error: invalid handle
[2026-10-09 16:26:48.144] [svulkan2] [error] OIDN Error: invalid handle
[2026-10-09 16:26:48.144] [svulkan2] [error] OIDN Error: invalid handle
[2026-10-09 16:26:48.144] [svulkan2] [error] OIDN Error: invalid handle
[2026-10-09 16:26:48.207] [svulkan2] [error] OIDN Error: invalid handle
[2026-10-09 16:26:48.207] [svulkan2] [error] OIDN Error: invalid handle
[2026-10-09 16:26:48.207] [svulkan2] [error] OIDN Error: invalid handle
[2026-10-09 16:26:48.207] [svulkan2] [error] OIDN Error: invalid handle
[2026-10-09 16:26:48.270] [svulkan2] [error] OIDN Error: invalid handle
[2026-10-09 16:26:48.270] [svulkan2] [error] OIDN Error: invalid handle
[2026-10-09 16:26:48.270] [svulkan2] [error] OIDN Error: invalid handle
[2026-10-09 16:26:48.271] [svulkan2] [error] OIDN Error: invalid handle
[2026-10-09 16:26:48.333] [svulkan2] [error] OIDN Error: invalid handle
[2026-10-09 16:26:48.333] [svulkan2] [error] OIDN Error: invalid handle
[2026-10-09 16:26:48.333] [svulkan2] [error] OIDN Error: invalid handle
[2026-10-09 16:26:48.333] [svulkan2] [error] OIDN Error: invalid handle
[2026-10-09 16:26:48.395] [svulkan2] [error] OIDN Error: invalid handle
[2026-10-09 16:26:48.395] [svulkan2] [error] OIDN Error: invalid handle
[2026-10-09 16:26:48.395] [svulkan2] [error] OIDN Error: invalid handle
[2026-10-09 16:26:48.395] [svulkan2] [error] OIDN Error: invalid handle
[2026-10-09 16:26:48.458] [svulkan2] [error] OIDN Error: invalid handle
[2026-10-09 16:26:48.458] [svulkan2] [error] OIDN Error: invalid handle
[2026-10-09 16:26:48.458] [svulkan2] [error] OIDN Error: invalid handle
[2026-10-09 16:26:48.458] [svulkan2] [error] OIDN Error: invalid handle
[2026-10-09 16:26:48.521] [svulkan2] [error] OIDN Error: invalid handle
[2026-10-09 16:26:48.522] [svulkan2] [error] OIDN Error: invalid handle
[2026-10-09 16:26:48.522] [svulkan2] [error] OIDN Error: invalid handle
[2026-10-09 16:26:48.522] [svulkan2] [error] OIDN Error: invalid handle
[2026-10-09 16:26:48.585] [svulkan2] [error] OIDN Error: invalid handle
[2026-10-09 16:26:48.585] [svulkan2] [error] OIDN Error: invalid handle
[2026-10-09 16:26:48.585] [svulkan2] [error] OIDN Error: invalid handle
[2026-10-09 16:26:48.585] [svulkan2] [error] OIDN Error: invalid handle
[2026-10-09 16:26:48.650] [svulkan2] [error] OIDN Error: invalid handle
[2026-10-09 16:26:48.650] [svulkan2] [error] OIDN Error: invalid handle
[2026-10-09 16:26:48.650] [svulkan2] [error] OIDN Error: invalid handle
[2026-10-09 16:26:48.650] [svulkan2] [error] OIDN Error: invalid handle
[2026-10-09 16:26:48.714] [svulkan2] [error] OIDN Error: invalid handle
[2026-10-09 16:26:48.714] [svulkan2] [error] OIDN Error: invalid handle
[2026-10-09 16:26:48.714] [svulkan2] [error] OIDN Error: invalid handle
[2026-10-09 16:26:48.714] [svulkan2] [error] OIDN Error: invalid handle
[2026-10-09 16:26:48.778] [svulkan2] [error] OIDN Error: invalid handle
[2026-10-09 16:26:48.778] [svulkan2] [error] OIDN Error: invalid handle
[2026-10-09 16:26:48.778] [svulkan2] [error] OIDN Error: invalid handle
[2026-10-09 16:26:48.778] [svulkan2] [error] OIDN Error: invalid handle
[2026-10-09 16:26:48.843] [svulkan2] [error] OIDN Error: invalid handle
[2026-10-09 16:26:48.843] [svulkan2] [error] OIDN Error: invalid handle
[2026-10-09 16:26:48.843] [svulkan2] [error] OIDN Error: invalid handle
[2026-10-09 16:26:48.843] [svulkan2] [error] OIDN Error: invalid handle
[2026-10-09 16:26:48.907] [svulkan2] [error] OIDN Error: invalid handle
[2026-10-09 16:26:48.907] [svulkan2] [error] OIDN Error: invalid handle
[2026-10-09 16:26:48.907] [svulkan2] [error] OIDN Error: invalid handle
[2026-10-09 16:26:48.907] [svulkan2] [error] OIDN Error: invalid handle
step: [92m15 / 400[0m{"attempt": 1, "decision": 14, "id": 15, "motions": 15, "left": "hold grip 0.00", "right": "pos [0.058, 0.01, 0.996] quat [0.0, -0.71, 0.0, 0.71] grip 0.00", "planner": {"left": "hold", "right": "Success"}, "success": false, "calls_total": 15, "latency_s": 13.61}
[2026-10-09 16:27:10.161] [svulkan2] [error] OIDN Error: invalid handle
[2026-10-09 16:27:10.161] [svulkan2] [error] OIDN Error: invalid handle
[2026-10-09 16:27:10.161] [svulkan2] [error] OIDN Error: invalid handle
[2026-10-09 16:27:10.161] [svulkan2] [error] OIDN Error: invalid handle
[2026-10-09 16:27:10.225] [svulkan2] [error] OIDN Error: invalid handle
[2026-10-09 16:27:10.225] [svulkan2] [error] OIDN Error: invalid handle
[2026-10-09 16:27:10.225] [svulkan2] [error] OIDN Error: invalid handle
[2026-10-09 16:27:10.225] [svulkan2] [error] OIDN Error: invalid handle
[2026-10-09 16:27:10.289] [svulkan2] [error] OIDN Error: invalid handle
[2026-10-09 16:27:10.289] [svulkan2] [error] OIDN Error: invalid handle
[2026-10-09 16:27:10.289] [svulkan2] [error] OIDN Error: invalid handle
[2026-10-09 16:27:10.289] [svulkan2] [error] OIDN Error: invalid handle
[2026-10-09 16:27:10.353] [svulkan2] [error] OIDN Error: invalid handle
[2026-10-09 16:27:10.353] [svulkan2] [error] OIDN Error: invalid handle
[2026-10-09 16:27:10.353] [svulkan2] [error] OIDN Error: invalid handle
[2026-10-09 16:27:10.353] [svulkan2] [error] OIDN Error: invalid handle
[2026-10-09 16:27:10.417] [svulkan2] [error] OIDN Error: invalid handle
[2026-10-09 16:27:10.417] [svulkan2] [error] OIDN Error: invalid handle
[2026-10-09 16:27:10.417] [svulkan2] [error] OIDN Error: invalid handle
[2026-10-09 16:27:10.417] [svulkan2] [error] OIDN Error: invalid handle
[2026-10-09 16:27:10.481] [svulkan2] [error] OIDN Error: invalid handle
[2026-10-09 16:27:10.481] [svulkan2] [error] OIDN Error: invalid handle
[2026-10-09 16:27:10.481] [svulkan2] [error] OIDN Error: invalid handle
[2026-10-09 16:27:10.481] [svulkan2] [error] OIDN Error: invalid handle
[2026-10-09 16:27:10.545] [svulkan2] [error] OIDN Error: invalid handle
[2026-10-09 16:27:10.545] [svulkan2] [error] OIDN Error: invalid handle
[2026-10-09 16:27:10.545] [svulkan2] [error] OIDN Error: invalid handle
[2026-10-09 16:27:10.545] [svulkan2] [error] OIDN Error: invalid handle
[2026-10-09 16:27:10.609] [svulkan2] [error] OIDN Error: invalid handle
[2026-10-09 16:27:10.609] [svulkan2] [error] OIDN Error: invalid handle
[2026-10-09 16:27:10.609] [svulkan2] [error] OIDN Error: invalid handle
[2026-10-09 16:27:10.609] [svulkan2] [error] OIDN Error: invalid handle
[2026-10-09 16:27:10.673] [svulkan2] [error] OIDN Error: invalid handle
[2026-10-09 16:27:10.673] [svulkan2] [error] OIDN Error: invalid handle
[2026-10-09 16:27:10.673] [svulkan2] [error] OIDN Error: invalid handle
[2026-10-09 16:27:10.673] [svulkan2] [error] OIDN Error: invalid handle
[2026-10-09 16:27:10.736] [svulkan2] [error] OIDN Error: invalid handle
[2026-10-09 16:27:10.737] [svulkan2] [error] OIDN Error: invalid handle
[2026-10-09 16:27:10.737] [svulkan2] [error] OIDN Error: invalid handle
[2026-10-09 16:27:10.737] [svulkan2] [error] OIDN Error: invalid handle
[2026-10-09 16:27:10.800] [svulkan2] [error] OIDN Error: invalid handle
[2026-10-09 16:27:10.800] [svulkan2] [error] OIDN Error: invalid handle
[2026-10-09 16:27:10.800] [svulkan2] [error] OIDN Error: invalid handle
[2026-10-09 16:27:10.800] [svulkan2] [error] OIDN Error: invalid handle
[2026-10-09 16:27:10.863] [svulkan2] [error] OIDN Error: invalid handle
[2026-10-09 16:27:10.864] [svulkan2] [error] OIDN Error: invalid handle
[2026-10-09 16:27:10.864] [svulkan2] [error] OIDN Error: invalid handle
[2026-10-09 16:27:10.864] [svulkan2] [error] OIDN Error: invalid handle
[2026-10-09 16:27:10.925] [svulkan2] [error] OIDN Error: invalid handle
[2026-10-09 16:27:10.925] [svulkan2] [error] OIDN Error: invalid handle
[2026-10-09 16:27:10.925] [svulkan2] [error] OIDN Error: invalid handle
[2026-10-09 16:27:10.925] [svulkan2] [error] OIDN Error: invalid handle
[2026-10-09 16:27:10.988] [svulkan2] [error] OIDN Error: invalid handle
[2026-10-09 16:27:10.988] [svulkan2] [error] OIDN Error: invalid handle
[2026-10-09 16:27:10.988] [svulkan2] [error] OIDN Error: invalid handle
[2026-10-09 16:27:10.988] [svulkan2] [error] OIDN Error: invalid handle
[2026-10-09 16:27:11.053] [svulkan2] [error] OIDN Error: invalid handle
[2026-10-09 16:27:11.053] [svulkan2] [error] OIDN Error: invalid handle
[2026-10-09 16:27:11.053] [svulkan2] [error] OIDN Error: invalid handle
[2026-10-09 16:27:11.053] [svulkan2] [error] OIDN Error: invalid handle
[2026-10-09 16:27:11.115] [svulkan2] [error] OIDN Error: invalid handle
[2026-10-09 16:27:11.115] [svulkan2] [error] OIDN Error: invalid handle
[2026-10-09 16:27:11.115] [svulkan2] [error] OIDN Error: invalid handle
[2026-10-09 16:27:11.115] [svulkan2] [error] OIDN Error: invalid handle
[2026-10-09 16:27:11.179] [svulkan2] [error] OIDN Error: invalid handle
[2026-10-09 16:27:11.179] [svulkan2] [error] OIDN Error: invalid handle
[2026-10-09 16:27:11.179] [svulkan2] [error] OIDN Error: invalid handle
[2026-10-09 16:27:11.179] [svulkan2] [error] OIDN Error: invalid handle
[2026-10-09 16:27:11.242] [svulkan2] [error] OIDN Error: invalid handle
[2026-10-09 16:27:11.242] [svulkan2] [error] OIDN Error: invalid handle
[2026-10-09 16:27:11.242] [svulkan2] [error] OIDN Error: invalid handle
[2026-10-09 16:27:11.242] [svulkan2] [error] OIDN Error: invalid handle
[2026-10-09 16:27:11.306] [svulkan2] [error] OIDN Error: invalid handle
[2026-10-09 16:27:11.306] [svulkan2] [error] OIDN Error: invalid handle
[2026-10-09 16:27:11.306] [svulkan2] [error] OIDN Error: invalid handle
[2026-10-09 16:27:11.306] [svulkan2] [error] OIDN Error: invalid handle
[2026-10-09 16:27:11.370] [svulkan2] [error] OIDN Error: invalid handle
[2026-10-09 16:27:11.370] [svulkan2] [error] OIDN Error: invalid handle
[2026-10-09 16:27:11.370] [svulkan2] [error] OIDN Error: invalid handle
[2026-10-09 16:27:11.370] [svulkan2] [error] OIDN Error: invalid handle
[2026-10-09 16:27:11.434] [svulkan2] [error] OIDN Error: invalid handle
[2026-10-09 16:27:11.434] [svulkan2] [error] OIDN Error: invalid handle
[2026-10-09 16:27:11.434] [svulkan2] [error] OIDN Error: invalid handle
[2026-10-09 16:27:11.434] [svulkan2] [error] OIDN Error: invalid handle
[2026-10-09 16:27:11.497] [svulkan2] [error] OIDN Error: invalid handle
[2026-10-09 16:27:11.497] [svulkan2] [error] OIDN Error: invalid handle
[2026-10-09 16:27:11.497] [svulkan2] [error] OIDN Error: invalid handle
[2026-10-09 16:27:11.497] [svulkan2] [error] OIDN Error: invalid handle
[2026-10-09 16:27:11.560] [svulkan2] [error] OIDN Error: invalid handle
[2026-10-09 16:27:11.560] [svulkan2] [error] OIDN Error: invalid handle
[2026-10-09 16:27:11.560] [svulkan2] [error] OIDN Error: invalid handle
[2026-10-09 16:27:11.560] [svulkan2] [error] OIDN Error: invalid handle
[2026-10-09 16:27:11.622] [svulkan2] [error] OIDN Error: invalid handle
[2026-10-09 16:27:11.622] [svulkan2] [error] OIDN Error: invalid handle
[2026-10-09 16:27:11.622] [svulkan2] [error] OIDN Error: invalid handle
[2026-10-09 16:27:11.622] [svulkan2] [error] OIDN Error: invalid handle
[2026-10-09 16:27:11.687] [svulkan2] [error] OIDN Error: invalid handle
[2026-10-09 16:27:11.687] [svulkan2] [error] OIDN Error: invalid handle
[2026-10-09 16:27:11.687] [svulkan2] [error] OIDN Error: invalid handle
[2026-10-09 16:27:11.687] [svulkan2] [error] OIDN Error: invalid handle
[2026-10-09 16:27:11.752] [svulkan2] [error] OIDN Error: invalid handle
[2026-10-09 16:27:11.753] [svulkan2] [error] OIDN Error: invalid handle
[2026-10-09 16:27:11.753] [svulkan2] [error] OIDN Error: invalid handle
[2026-10-09 16:27:11.753] [svulkan2] [error] OIDN Error: invalid handle
[2026-10-09 16:27:11.817] [svulkan2] [error] OIDN Error: invalid handle
[2026-10-09 16:27:11.817] [svulkan2] [error] OIDN Error: invalid handle
[2026-10-09 16:27:11.817] [svulkan2] [error] OIDN Error: invalid handle
[2026-10-09 16:27:11.817] [svulkan2] [error] OIDN Error: invalid handle
[2026-10-09 16:27:11.882] [svulkan2] [error] OIDN Error: invalid handle
[2026-10-09 16:27:11.882] [svulkan2] [error] OIDN Error: invalid handle
[2026-10-09 16:27:11.882] [svulkan2] [error] OIDN Error: invalid handle
[2026-10-09 16:27:11.882] [svulkan2] [error] OIDN Error: invalid handle
[2026-10-09 16:27:11.946] [svulkan2] [error] OIDN Error: invalid handle
[2026-10-09 16:27:11.946] [svulkan2] [error] OIDN Error: invalid handle
[2026-10-09 16:27:11.946] [svulkan2] [error] OIDN Error: invalid handle
[2026-10-09 16:27:11.947] [svulkan2] [error] OIDN Error: invalid handle
[2026-10-09 16:27:12.011] [svulkan2] [error] OIDN Error: invalid handle
[2026-10-09 16:27:12.011] [svulkan2] [error] OIDN Error: invalid handle
[2026-10-09 16:27:12.011] [svulkan2] [error] OIDN Error: invalid handle
[2026-10-09 16:27:12.011] [svulkan2] [error] OIDN Error: invalid handle
[2026-10-09 16:27:12.081] [svulkan2] [error] OIDN Error: invalid handle
[2026-10-09 16:27:12.081] [svulkan2] [error] OIDN Error: invalid handle
[2026-10-09 16:27:12.081] [svulkan2] [error] OIDN Error: invalid handle
[2026-10-09 16:27:12.081] [svulkan2] [error] OIDN Error: invalid handle
[2026-10-09 16:27:12.147] [svulkan2] [error] OIDN Error: invalid handle
[2026-10-09 16:27:12.147] [svulkan2] [error] OIDN Error: invalid handle
[2026-10-09 16:27:12.147] [svulkan2] [error] OIDN Error: invalid handle
[2026-10-09 16:27:12.147] [svulkan2] [error] OIDN Error: invalid handle
[2026-10-09 16:27:12.212] [svulkan2] [error] OIDN Error: invalid handle
[2026-10-09 16:27:12.212] [svulkan2] [error] OIDN Error: invalid handle
[2026-10-09 16:27:12.212] [svulkan2] [error] OIDN Error: invalid handle
[2026-10-09 16:27:12.212] [svulkan2] [error] OIDN Error: invalid handle
[2026-10-09 16:27:12.277] [svulkan2] [error] OIDN Error: invalid handle
[2026-10-09 16:27:12.277] [svulkan2] [error] OIDN Error: invalid handle
[2026-10-09 16:27:12.277] [svulkan2] [error] OIDN Error: invalid handle
[2026-10-09 16:27:12.277] [svulkan2] [error] OIDN Error: invalid handle
[2026-10-09 16:27:12.342] [svulkan2] [error] OIDN Error: invalid handle
[2026-10-09 16:27:12.342] [svulkan2] [error] OIDN Error: invalid handle
[2026-10-09 16:27:12.342] [svulkan2] [error] OIDN Error: invalid handle
[2026-10-09 16:27:12.342] [svulkan2] [error] OIDN Error: invalid handle
[2026-10-09 16:27:12.402] [svulkan2] [error] OIDN Error: invalid handle
[2026-10-09 16:27:12.402] [svulkan2] [error] OIDN Error: invalid handle
[2026-10-09 16:27:12.402] [svulkan2] [error] OIDN Error: invalid handle
[2026-10-09 16:27:12.402] [svulkan2] [error] OIDN Error: invalid handle
step: [92m16 / 400[0m{"attempt": 1, "decision": 15, "id": 16, "motions": 16, "left": "hold grip 0.00", "right": "pos [0.039, -0.011, 0.958] quat [0.0, -0.71, 0.0, 0.71] grip 1.00", "planner": {"left": "hold", "right": "Success"}, "success": false, "calls_total": 16, "latency_s": 20.6}
[2026-10-09 16:27:31.134] [svulkan2] [error] OIDN Error: invalid handle
[2026-10-09 16:27:31.134] [svulkan2] [error] OIDN Error: invalid handle
[2026-10-09 16:27:31.134] [svulkan2] [error] OIDN Error: invalid handle
[2026-10-09 16:27:31.134] [svulkan2] [error] OIDN Error: invalid handle
[2026-10-09 16:27:31.199] [svulkan2] [error] OIDN Error: invalid handle
[2026-10-09 16:27:31.199] [svulkan2] [error] OIDN Error: invalid handle
[2026-10-09 16:27:31.199] [svulkan2] [error] OIDN Error: invalid handle
[2026-10-09 16:27:31.199] [svulkan2] [error] OIDN Error: invalid handle
[2026-10-09 16:27:31.265] [svulkan2] [error] OIDN Error: invalid handle
[2026-10-09 16:27:31.265] [svulkan2] [error] OIDN Error: invalid handle
[2026-10-09 16:27:31.265] [svulkan2] [error] OIDN Error: invalid handle
[2026-10-09 16:27:31.265] [svulkan2] [error] OIDN Error: invalid handle
[2026-10-09 16:27:31.330] [svulkan2] [error] OIDN Error: invalid handle
[2026-10-09 16:27:31.330] [svulkan2] [error] OIDN Error: invalid handle
[2026-10-09 16:27:31.330] [svulkan2] [error] OIDN Error: invalid handle
[2026-10-09 16:27:31.330] [svulkan2] [error] OIDN Error: invalid handle
step: [92m17 / 400[0m{"attempt": 1, "decision": 16, "id": 17, "motions": 17, "left": "hold grip 0.00", "right": "hold grip 0.00", "planner": {"left": "hold", "right": "hold"}, "success": false, "calls_total": 17, "latency_s": 18.13}
[2026-10-09 16:27:48.543] [svulkan2] [error] OIDN Error: invalid handle
[2026-10-09 16:27:48.543] [svulkan2] [error] OIDN Error: invalid handle
[2026-10-09 16:27:48.543] [svulkan2] [error] OIDN Error: invalid handle
[2026-10-09 16:27:48.543] [svulkan2] [error] OIDN Error: invalid handle
[2026-10-09 16:27:48.608] [svulkan2] [error] OIDN Error: invalid handle
[2026-10-09 16:27:48.608] [svulkan2] [error] OIDN Error: invalid handle
[2026-10-09 16:27:48.608] [svulkan2] [error] OIDN Error: invalid handle
[2026-10-09 16:27:48.608] [svulkan2] [error] OIDN Error: invalid handle
[2026-10-09 16:27:48.676] [svulkan2] [error] OIDN Error: invalid handle
[2026-10-09 16:27:48.676] [svulkan2] [error] OIDN Error: invalid handle
[2026-10-09 16:27:48.676] [svulkan2] [error] OIDN Error: invalid handle
[2026-10-09 16:27:48.676] [svulkan2] [error] OIDN Error: invalid handle
[2026-10-09 16:27:48.741] [svulkan2] [error] OIDN Error: invalid handle
[2026-10-09 16:27:48.741] [svulkan2] [error] OIDN Error: invalid handle
[2026-10-09 16:27:48.741] [svulkan2] [error] OIDN Error: invalid handle
[2026-10-09 16:27:48.741] [svulkan2] [error] OIDN Error: invalid handle
[2026-10-09 16:27:48.805] [svulkan2] [error] OIDN Error: invalid handle
[2026-10-09 16:27:48.805] [svulkan2] [error] OIDN Error: invalid handle
[2026-10-09 16:27:48.805] [svulkan2] [error] OIDN Error: invalid handle
[2026-10-09 16:27:48.805] [svulkan2] [error] OIDN Error: invalid handle
step: [92m18 / 400[0m{"attempt": 1, "decision": 17, "id": 18, "motions": 18, "left": "hold grip 0.00", "right": "hold grip 0.00", "planner": {"left": "hold", "right": "hold"}, "success": false, "calls_total": 18, "latency_s": 16.63}
[2026-10-09 16:28:05.811] [svulkan2] [error] OIDN Error: invalid handle
[2026-10-09 16:28:05.811] [svulkan2] [error] OIDN Error: invalid handle
[2026-10-09 16:28:05.811] [svulkan2] [error] OIDN Error: invalid handle
[2026-10-09 16:28:05.812] [svulkan2] [error] OIDN Error: invalid handle
[2026-10-09 16:28:05.877] [svulkan2] [error] OIDN Error: invalid handle
[2026-10-09 16:28:05.877] [svulkan2] [error] OIDN Error: invalid handle
[2026-10-09 16:28:05.877] [svulkan2] [error] OIDN Error: invalid handle
[2026-10-09 16:28:05.878] [svulkan2] [error] OIDN Error: invalid handle
[2026-10-09 16:28:05.942] [svulkan2] [error] OIDN Error: invalid handle
[2026-10-09 16:28:05.942] [svulkan2] [error] OIDN Error: invalid handle
[2026-10-09 16:28:05.942] [svulkan2] [error] OIDN Error: invalid handle
[2026-10-09 16:28:05.942] [svulkan2] [error] OIDN Error: invalid handle
[2026-10-09 16:28:06.007] [svulkan2] [error] OIDN Error: invalid handle
[2026-10-09 16:28:06.007] [svulkan2] [error] OIDN Error: invalid handle
[2026-10-09 16:28:06.007] [svulkan2] [error] OIDN Error: invalid handle
[2026-10-09 16:28:06.007] [svulkan2] [error] OIDN Error: invalid handle
[2026-10-09 16:28:06.072] [svulkan2] [error] OIDN Error: invalid handle
[2026-10-09 16:28:06.073] [svulkan2] [error] OIDN Error: invalid handle
[2026-10-09 16:28:06.073] [svulkan2] [error] OIDN Error: invalid handle
[2026-10-09 16:28:06.073] [svulkan2] [error] OIDN Error: invalid handle
[2026-10-09 16:28:06.137] [svulkan2] [error] OIDN Error: invalid handle
[2026-10-09 16:28:06.137] [svulkan2] [error] OIDN Error: invalid handle
[2026-10-09 16:28:06.137] [svulkan2] [error] OIDN Error: invalid handle
[2026-10-09 16:28:06.137] [svulkan2] [error] OIDN Error: invalid handle
[2026-10-09 16:28:06.200] [svulkan2] [error] OIDN Error: invalid handle
[2026-10-09 16:28:06.201] [svulkan2] [error] OIDN Error: invalid handle
[2026-10-09 16:28:06.201] [svulkan2] [error] OIDN Error: invalid handle
[2026-10-09 16:28:06.201] [svulkan2] [error] OIDN Error: invalid handle
[2026-10-09 16:28:06.263] [svulkan2] [error] OIDN Error: invalid handle
[2026-10-09 16:28:06.264] [svulkan2] [error] OIDN Error: invalid handle
[2026-10-09 16:28:06.264] [svulkan2] [error] OIDN Error: invalid handle
[2026-10-09 16:28:06.264] [svulkan2] [error] OIDN Error: invalid handle
[2026-10-09 16:28:06.327] [svulkan2] [error] OIDN Error: invalid handle
[2026-10-09 16:28:06.327] [svulkan2] [error] OIDN Error: invalid handle
[2026-10-09 16:28:06.327] [svulkan2] [error] OIDN Error: invalid handle
[2026-10-09 16:28:06.327] [svulkan2] [error] OIDN Error: invalid handle
[2026-10-09 16:28:06.392] [svulkan2] [error] OIDN Error: invalid handle
[2026-10-09 16:28:06.392] [svulkan2] [error] OIDN Error: invalid handle
[2026-10-09 16:28:06.392] [svulkan2] [error] OIDN Error: invalid handle
[2026-10-09 16:28:06.392] [svulkan2] [error] OIDN Error: invalid handle
[2026-10-09 16:28:06.456] [svulkan2] [error] OIDN Error: invalid handle
[2026-10-09 16:28:06.456] [svulkan2] [error] OIDN Error: invalid handle
[2026-10-09 16:28:06.456] [svulkan2] [error] OIDN Error: invalid handle
[2026-10-09 16:28:06.456] [svulkan2] [error] OIDN Error: invalid handle
[2026-10-09 16:28:06.519] [svulkan2] [error] OIDN Error: invalid handle
[2026-10-09 16:28:06.519] [svulkan2] [error] OIDN Error: invalid handle
[2026-10-09 16:28:06.519] [svulkan2] [error] OIDN Error: invalid handle
[2026-10-09 16:28:06.519] [svulkan2] [error] OIDN Error: invalid handle
[2026-10-09 16:28:06.584] [svulkan2] [error] OIDN Error: invalid handle
[2026-10-09 16:28:06.584] [svulkan2] [error] OIDN Error: invalid handle
[2026-10-09 16:28:06.584] [svulkan2] [error] OIDN Error: invalid handle
[2026-10-09 16:28:06.584] [svulkan2] [error] OIDN Error: invalid handle
[2026-10-09 16:28:06.647] [svulkan2] [error] OIDN Error: invalid handle
[2026-10-09 16:28:06.647] [svulkan2] [error] OIDN Error: invalid handle
[2026-10-09 16:28:06.647] [svulkan2] [error] OIDN Error: invalid handle
[2026-10-09 16:28:06.647] [svulkan2] [error] OIDN Error: invalid handle
[2026-10-09 16:28:06.712] [svulkan2] [error] OIDN Error: invalid handle
[2026-10-09 16:28:06.713] [svulkan2] [error] OIDN Error: invalid handle
[2026-10-09 16:28:06.713] [svulkan2] [error] OIDN Error: invalid handle
[2026-10-09 16:28:06.713] [svulkan2] [error] OIDN Error: invalid handle
[2026-10-09 16:28:06.772] [svulkan2] [error] OIDN Error: invalid handle
[2026-10-09 16:28:06.772] [svulkan2] [error] OIDN Error: invalid handle
[2026-10-09 16:28:06.772] [svulkan2] [error] OIDN Error: invalid handle
[2026-10-09 16:28:06.772] [svulkan2] [error] OIDN Error: invalid handle
step: [92m19 / 400[0m{"attempt": 1, "decision": 18, "id": 19, "motions": 19, "left": "hold grip 0.00", "right": "pos [0.042, -0.009, 0.976] quat [0.0, -0.71, 0.0, 0.71] grip 0.00", "planner": {"left": "hold", "right": "Success"}, "success": false, "calls_total": 19, "latency_s": 16.38}
[2026-10-09 16:28:27.463] [svulkan2] [error] OIDN Error: invalid handle
[2026-10-09 16:28:27.463] [svulkan2] [error] OIDN Error: invalid handle
[2026-10-09 16:28:27.463] [svulkan2] [error] OIDN Error: invalid handle
[2026-10-09 16:28:27.464] [svulkan2] [error] OIDN Error: invalid handle
[2026-10-09 16:28:27.528] [svulkan2] [error] OIDN Error: invalid handle
[2026-10-09 16:28:27.528] [svulkan2] [error] OIDN Error: invalid handle
[2026-10-09 16:28:27.528] [svulkan2] [error] OIDN Error: invalid handle
[2026-10-09 16:28:27.528] [svulkan2] [error] OIDN Error: invalid handle
[2026-10-09 16:28:27.592] [svulkan2] [error] OIDN Error: invalid handle
[2026-10-09 16:28:27.592] [svulkan2] [error] OIDN Error: invalid handle
[2026-10-09 16:28:27.592] [svulkan2] [error] OIDN Error: invalid handle
[2026-10-09 16:28:27.592] [svulkan2] [error] OIDN Error: invalid handle
[2026-10-09 16:28:27.655] [svulkan2] [error] OIDN Error: invalid handle
[2026-10-09 16:28:27.655] [svulkan2] [error] OIDN Error: invalid handle
[2026-10-09 16:28:27.655] [svulkan2] [error] OIDN Error: invalid handle
[2026-10-09 16:28:27.655] [svulkan2] [error] OIDN Error: invalid handle
[2026-10-09 16:28:27.718] [svulkan2] [error] OIDN Error: invalid handle
[2026-10-09 16:28:27.718] [svulkan2] [error] OIDN Error: invalid handle
[2026-10-09 16:28:27.718] [svulkan2] [error] OIDN Error: invalid handle
[2026-10-09 16:28:27.718] [svulkan2] [error] OIDN Error: invalid handle
[2026-10-09 16:28:27.782] [svulkan2] [error] OIDN Error: invalid handle
[2026-10-09 16:28:27.782] [svulkan2] [error] OIDN Error: invalid handle
[2026-10-09 16:28:27.782] [svulkan2] [error] OIDN Error: invalid handle
[2026-10-09 16:28:27.782] [svulkan2] [error] OIDN Error: invalid handle
[2026-10-09 16:28:27.847] [svulkan2] [error] OIDN Error: invalid handle
[2026-10-09 16:28:27.847] [svulkan2] [error] OIDN Error: invalid handle
[2026-10-09 16:28:27.847] [svulkan2] [error] OIDN Error: invalid handle
[2026-10-09 16:28:27.847] [svulkan2] [error] OIDN Error: invalid handle
[2026-10-09 16:28:27.912] [svulkan2] [error] OIDN Error: invalid handle
[2026-10-09 16:28:27.912] [svulkan2] [error] OIDN Error: invalid handle
[2026-10-09 16:28:27.912] [svulkan2] [error] OIDN Error: invalid handle
[2026-10-09 16:28:27.912] [svulkan2] [error] OIDN Error: invalid handle
[2026-10-09 16:28:27.977] [svulkan2] [error] OIDN Error: invalid handle
[2026-10-09 16:28:27.978] [svulkan2] [error] OIDN Error: invalid handle
[2026-10-09 16:28:27.978] [svulkan2] [error] OIDN Error: invalid handle
[2026-10-09 16:28:27.978] [svulkan2] [error] OIDN Error: invalid handle
[2026-10-09 16:28:28.044] [svulkan2] [error] OIDN Error: invalid handle
[2026-10-09 16:28:28.044] [svulkan2] [error] OIDN Error: invalid handle
[2026-10-09 16:28:28.044] [svulkan2] [error] OIDN Error: invalid handle
[2026-10-09 16:28:28.044] [svulkan2] [error] OIDN Error: invalid handle
[2026-10-09 16:28:28.109] [svulkan2] [error] OIDN Error: invalid handle
[2026-10-09 16:28:28.109] [svulkan2] [error] OIDN Error: invalid handle
[2026-10-09 16:28:28.109] [svulkan2] [error] OIDN Error: invalid handle
[2026-10-09 16:28:28.109] [svulkan2] [error] OIDN Error: invalid handle
[2026-10-09 16:28:28.174] [svulkan2] [error] OIDN Error: invalid handle
[2026-10-09 16:28:28.174] [svulkan2] [error] OIDN Error: invalid handle
[2026-10-09 16:28:28.174] [svulkan2] [error] OIDN Error: invalid handle
[2026-10-09 16:28:28.174] [svulkan2] [error] OIDN Error: invalid handle
[2026-10-09 16:28:28.240] [svulkan2] [error] OIDN Error: invalid handle
[2026-10-09 16:28:28.240] [svulkan2] [error] OIDN Error: invalid handle
[2026-10-09 16:28:28.240] [svulkan2] [error] OIDN Error: invalid handle
[2026-10-09 16:28:28.240] [svulkan2] [error] OIDN Error: invalid handle
[2026-10-09 16:28:28.306] [svulkan2] [error] OIDN Error: invalid handle
[2026-10-09 16:28:28.306] [svulkan2] [error] OIDN Error: invalid handle
[2026-10-09 16:28:28.306] [svulkan2] [error] OIDN Error: invalid handle
[2026-10-09 16:28:28.306] [svulkan2] [error] OIDN Error: invalid handle
step: [92m20 / 400[0m{"attempt": 1, "decision": 19, "id": 20, "motions": 20, "left": "hold grip 0.00", "right": "pos [0.017, -0.009, 0.947] quat [0.0, -0.71, 0.0, 0.71] grip 1.00", "planner": {"left": "hold", "right": "Success"}, "success": false, "calls_total": 20, "latency_s": 20.05}
[2026-10-09 16:28:52.260] [svulkan2] [error] OIDN Error: invalid handle
[2026-10-09 16:28:52.260] [svulkan2] [error] OIDN Error: invalid handle
[2026-10-09 16:28:52.260] [svulkan2] [error] OIDN Error: invalid handle
[2026-10-09 16:28:52.260] [svulkan2] [error] OIDN Error: invalid handle
[2026-10-09 16:28:52.327] [svulkan2] [error] OIDN Error: invalid handle
[2026-10-09 16:28:52.327] [svulkan2] [error] OIDN Error: invalid handle
[2026-10-09 16:28:52.327] [svulkan2] [error] OIDN Error: invalid handle
[2026-10-09 16:28:52.327] [svulkan2] [error] OIDN Error: invalid handle
[2026-10-09 16:28:52.393] [svulkan2] [error] OIDN Error: invalid handle
[2026-10-09 16:28:52.393] [svulkan2] [error] OIDN Error: invalid handle
[2026-10-09 16:28:52.393] [svulkan2] [error] OIDN Error: invalid handle
[2026-10-09 16:28:52.393] [svulkan2] [error] OIDN Error: invalid handle
[2026-10-09 16:28:52.458] [svulkan2] [error] OIDN Error: invalid handle
[2026-10-09 16:28:52.458] [svulkan2] [error] OIDN Error: invalid handle
[2026-10-09 16:28:52.459] [svulkan2] [error] OIDN Error: invalid handle
[2026-10-09 16:28:52.459] [svulkan2] [error] OIDN Error: invalid handle
[2026-10-09 16:28:52.522] [svulkan2] [error] OIDN Error: invalid handle
[2026-10-09 16:28:52.522] [svulkan2] [error] OIDN Error: invalid handle
[2026-10-09 16:28:52.523] [svulkan2] [error] OIDN Error: invalid handle
[2026-10-09 16:28:52.523] [svulkan2] [error] OIDN Error: invalid handle
[2026-10-09 16:28:52.585] [svulkan2] [error] OIDN Error: invalid handle
[2026-10-09 16:28:52.585] [svulkan2] [error] OIDN Error: invalid handle
[2026-10-09 16:28:52.585] [svulkan2] [error] OIDN Error: invalid handle
[2026-10-09 16:28:52.585] [svulkan2] [error] OIDN Error: invalid handle
[2026-10-09 16:28:52.646] [svulkan2] [error] OIDN Error: invalid handle
[2026-10-09 16:28:52.647] [svulkan2] [error] OIDN Error: invalid handle
[2026-10-09 16:28:52.647] [svulkan2] [error] OIDN Error: invalid handle
[2026-10-09 16:28:52.647] [svulkan2] [error] OIDN Error: invalid handle
[2026-10-09 16:28:52.709] [svulkan2] [error] OIDN Error: invalid handle
[2026-10-09 16:28:52.709] [svulkan2] [error] OIDN Error: invalid handle
[2026-10-09 16:28:52.709] [svulkan2] [error] OIDN Error: invalid handle
[2026-10-09 16:28:52.709] [svulkan2] [error] OIDN Error: invalid handle
[2026-10-09 16:28:52.767] [svulkan2] [error] OIDN Error: invalid handle
[2026-10-09 16:28:52.767] [svulkan2] [error] OIDN Error: invalid handle
[2026-10-09 16:28:52.768] [svulkan2] [error] OIDN Error: invalid handle
[2026-10-09 16:28:52.768] [svulkan2] [error] OIDN Error: invalid handle
[2026-10-09 16:28:52.827] [svulkan2] [error] OIDN Error: invalid handle
[2026-10-09 16:28:52.827] [svulkan2] [error] OIDN Error: invalid handle
[2026-10-09 16:28:52.827] [svulkan2] [error] OIDN Error: invalid handle
[2026-10-09 16:28:52.827] [svulkan2] [error] OIDN Error: invalid handle
[2026-10-09 16:28:52.887] [svulkan2] [error] OIDN Error: invalid handle
[2026-10-09 16:28:52.887] [svulkan2] [error] OIDN Error: invalid handle
[2026-10-09 16:28:52.887] [svulkan2] [error] OIDN Error: invalid handle
[2026-10-09 16:28:52.887] [svulkan2] [error] OIDN Error: invalid handle
[2026-10-09 16:28:52.945] [svulkan2] [error] OIDN Error: invalid handle
[2026-10-09 16:28:52.945] [svulkan2] [error] OIDN Error: invalid handle
[2026-10-09 16:28:52.945] [svulkan2] [error] OIDN Error: invalid handle
[2026-10-09 16:28:52.945] [svulkan2] [error] OIDN Error: invalid handle
[2026-10-09 16:28:53.005] [svulkan2] [error] OIDN Error: invalid handle
[2026-10-09 16:28:53.005] [svulkan2] [error] OIDN Error: invalid handle
[2026-10-09 16:28:53.005] [svulkan2] [error] OIDN Error: invalid handle
[2026-10-09 16:28:53.005] [svulkan2] [error] OIDN Error: invalid handle
step: [92m21 / 400[0m{"attempt": 1, "decision": 20, "id": 21, "motions": 21, "left": "hold grip 0.00", "right": "pos [0.02, -0.008, 0.937] quat [0.0, -0.71, 0.0, 0.71] grip 0.00", "planner": {"left": "hold", "right": "Success"}, "success": false, "calls_total": 21, "latency_s": 23.32}
[2026-10-09 16:29:19.202] [svulkan2] [error] OIDN Error: invalid handle
[2026-10-09 16:29:19.202] [svulkan2] [error] OIDN Error: invalid handle
[2026-10-09 16:29:19.202] [svulkan2] [error] OIDN Error: invalid handle
[2026-10-09 16:29:19.202] [svulkan2] [error] OIDN Error: invalid handle
[2026-10-09 16:29:19.261] [svulkan2] [error] OIDN Error: invalid handle
[2026-10-09 16:29:19.261] [svulkan2] [error] OIDN Error: invalid handle
[2026-10-09 16:29:19.262] [svulkan2] [error] OIDN Error: invalid handle
[2026-10-09 16:29:19.262] [svulkan2] [error] OIDN Error: invalid handle
[2026-10-09 16:29:19.319] [svulkan2] [error] OIDN Error: invalid handle
[2026-10-09 16:29:19.319] [svulkan2] [error] OIDN Error: invalid handle
[2026-10-09 16:29:19.319] [svulkan2] [error] OIDN Error: invalid handle
[2026-10-09 16:29:19.319] [svulkan2] [error] OIDN Error: invalid handle
[2026-10-09 16:29:19.376] [svulkan2] [error] OIDN Error: invalid handle
[2026-10-09 16:29:19.376] [svulkan2] [error] OIDN Error: invalid handle
[2026-10-09 16:29:19.376] [svulkan2] [error] OIDN Error: invalid handle
[2026-10-09 16:29:19.376] [svulkan2] [error] OIDN Error: invalid handle
[2026-10-09 16:29:19.436] [svulkan2] [error] OIDN Error: invalid handle
[2026-10-09 16:29:19.436] [svulkan2] [error] OIDN Error: invalid handle
[2026-10-09 16:29:19.436] [svulkan2] [error] OIDN Error: invalid handle
[2026-10-09 16:29:19.436] [svulkan2] [error] OIDN Error: invalid handle
[2026-10-09 16:29:19.496] [svulkan2] [error] OIDN Error: invalid handle
[2026-10-09 16:29:19.496] [svulkan2] [error] OIDN Error: invalid handle
[2026-10-09 16:29:19.496] [svulkan2] [error] OIDN Error: invalid handle
[2026-10-09 16:29:19.496] [svulkan2] [error] OIDN Error: invalid handle
[2026-10-09 16:29:19.557] [svulkan2] [error] OIDN Error: invalid handle
[2026-10-09 16:29:19.557] [svulkan2] [error] OIDN Error: invalid handle
[2026-10-09 16:29:19.557] [svulkan2] [error] OIDN Error: invalid handle
[2026-10-09 16:29:19.557] [svulkan2] [error] OIDN Error: invalid handle
[2026-10-09 16:29:19.618] [svulkan2] [error] OIDN Error: invalid handle
[2026-10-09 16:29:19.618] [svulkan2] [error] OIDN Error: invalid handle
[2026-10-09 16:29:19.618] [svulkan2] [error] OIDN Error: invalid handle
[2026-10-09 16:29:19.618] [svulkan2] [error] OIDN Error: invalid handle
[2026-10-09 16:29:19.679] [svulkan2] [error] OIDN Error: invalid handle
[2026-10-09 16:29:19.679] [svulkan2] [error] OIDN Error: invalid handle
[2026-10-09 16:29:19.679] [svulkan2] [error] OIDN Error: invalid handle
[2026-10-09 16:29:19.679] [svulkan2] [error] OIDN Error: invalid handle
[2026-10-09 16:29:19.741] [svulkan2] [error] OIDN Error: invalid handle
[2026-10-09 16:29:19.741] [svulkan2] [error] OIDN Error: invalid handle
[2026-10-09 16:29:19.741] [svulkan2] [error] OIDN Error: invalid handle
[2026-10-09 16:29:19.741] [svulkan2] [error] OIDN Error: invalid handle
[2026-10-09 16:29:19.802] [svulkan2] [error] OIDN Error: invalid handle
[2026-10-09 16:29:19.802] [svulkan2] [error] OIDN Error: invalid handle
[2026-10-09 16:29:19.802] [svulkan2] [error] OIDN Error: invalid handle
[2026-10-09 16:29:19.802] [svulkan2] [error] OIDN Error: invalid handle
[2026-10-09 16:29:19.863] [svulkan2] [error] OIDN Error: invalid handle
[2026-10-09 16:29:19.863] [svulkan2] [error] OIDN Error: invalid handle
[2026-10-09 16:29:19.863] [svulkan2] [error] OIDN Error: invalid handle
[2026-10-09 16:29:19.863] [svulkan2] [error] OIDN Error: invalid handle
[2026-10-09 16:29:19.924] [svulkan2] [error] OIDN Error: invalid handle
[2026-10-09 16:29:19.925] [svulkan2] [error] OIDN Error: invalid handle
[2026-10-09 16:29:19.925] [svulkan2] [error] OIDN Error: invalid handle
[2026-10-09 16:29:19.925] [svulkan2] [error] OIDN Error: invalid handle
[2026-10-09 16:29:19.986] [svulkan2] [error] OIDN Error: invalid handle
[2026-10-09 16:29:19.986] [svulkan2] [error] OIDN Error: invalid handle
[2026-10-09 16:29:19.986] [svulkan2] [error] OIDN Error: invalid handle
[2026-10-09 16:29:19.986] [svulkan2] [error] OIDN Error: invalid handle
[2026-10-09 16:29:20.048] [svulkan2] [error] OIDN Error: invalid handle
[2026-10-09 16:29:20.048] [svulkan2] [error] OIDN Error: invalid handle
[2026-10-09 16:29:20.048] [svulkan2] [error] OIDN Error: invalid handle
[2026-10-09 16:29:20.048] [svulkan2] [error] OIDN Error: invalid handle
[2026-10-09 16:29:20.109] [svulkan2] [error] OIDN Error: invalid handle
[2026-10-09 16:29:20.109] [svulkan2] [error] OIDN Error: invalid handle
[2026-10-09 16:29:20.110] [svulkan2] [error] OIDN Error: invalid handle
[2026-10-09 16:29:20.110] [svulkan2] [error] OIDN Error: invalid handle
[2026-10-09 16:29:20.173] [svulkan2] [error] OIDN Error: invalid handle
[2026-10-09 16:29:20.174] [svulkan2] [error] OIDN Error: invalid handle
[2026-10-09 16:29:20.174] [svulkan2] [error] OIDN Error: invalid handle
[2026-10-09 16:29:20.174] [svulkan2] [error] OIDN Error: invalid handle
[2026-10-09 16:29:20.235] [svulkan2] [error] OIDN Error: invalid handle
[2026-10-09 16:29:20.235] [svulkan2] [error] OIDN Error: invalid handle
[2026-10-09 16:29:20.235] [svulkan2] [error] OIDN Error: invalid handle
[2026-10-09 16:29:20.235] [svulkan2] [error] OIDN Error: invalid handle
[2026-10-09 16:29:20.295] [svulkan2] [error] OIDN Error: invalid handle
[2026-10-09 16:29:20.295] [svulkan2] [error] OIDN Error: invalid handle
[2026-10-09 16:29:20.295] [svulkan2] [error] OIDN Error: invalid handle
[2026-10-09 16:29:20.295] [svulkan2] [error] OIDN Error: invalid handle
[2026-10-09 16:29:20.356] [svulkan2] [error] OIDN Error: invalid handle
[2026-10-09 16:29:20.356] [svulkan2] [error] OIDN Error: invalid handle
[2026-10-09 16:29:20.356] [svulkan2] [error] OIDN Error: invalid handle
[2026-10-09 16:29:20.356] [svulkan2] [error] OIDN Error: invalid handle
[2026-10-09 16:29:20.417] [svulkan2] [error] OIDN Error: invalid handle
[2026-10-09 16:29:20.417] [svulkan2] [error] OIDN Error: invalid handle
[2026-10-09 16:29:20.417] [svulkan2] [error] OIDN Error: invalid handle
[2026-10-09 16:29:20.417] [svulkan2] [error] OIDN Error: invalid handle
[2026-10-09 16:29:20.477] [svulkan2] [error] OIDN Error: invalid handle
[2026-10-09 16:29:20.477] [svulkan2] [error] OIDN Error: invalid handle
[2026-10-09 16:29:20.477] [svulkan2] [error] OIDN Error: invalid handle
[2026-10-09 16:29:20.477] [svulkan2] [error] OIDN Error: invalid handle
[2026-10-09 16:29:20.537] [svulkan2] [error] OIDN Error: invalid handle
[2026-10-09 16:29:20.537] [svulkan2] [error] OIDN Error: invalid handle
[2026-10-09 16:29:20.537] [svulkan2] [error] OIDN Error: invalid handle
[2026-10-09 16:29:20.537] [svulkan2] [error] OIDN Error: invalid handle
[2026-10-09 16:29:20.597] [svulkan2] [error] OIDN Error: invalid handle
[2026-10-09 16:29:20.597] [svulkan2] [error] OIDN Error: invalid handle
[2026-10-09 16:29:20.597] [svulkan2] [error] OIDN Error: invalid handle
[2026-10-09 16:29:20.597] [svulkan2] [error] OIDN Error: invalid handle
[2026-10-09 16:29:20.658] [svulkan2] [error] OIDN Error: invalid handle
[2026-10-09 16:29:20.658] [svulkan2] [error] OIDN Error: invalid handle
[2026-10-09 16:29:20.658] [svulkan2] [error] OIDN Error: invalid handle
[2026-10-09 16:29:20.658] [svulkan2] [error] OIDN Error: invalid handle
[2026-10-09 16:29:20.715] [svulkan2] [error] OIDN Error: invalid handle
[2026-10-09 16:29:20.716] [svulkan2] [error] OIDN Error: invalid handle
[2026-10-09 16:29:20.716] [svulkan2] [error] OIDN Error: invalid handle
[2026-10-09 16:29:20.716] [svulkan2] [error] OIDN Error: invalid handle
step: [92m22 / 400[0m{"attempt": 1, "decision": 21, "id": 22, "motions": 22, "left": "pos [-0.2, -0.006, 1.06] quat [0.0, -0.71, 0.0, 0.71] grip 1.00", "right": "pos [-0.043, -0.02, 1.06] quat [0.0, -0.71, 0.0, 0.71] grip 1.00", "planner": {"left": "Success", "right": "Fail"}, "success": false, "calls_total": 22, "latency_s": 25.51}
[2026-10-09 16:29:40.002] [svulkan2] [error] OIDN Error: invalid handle
[2026-10-09 16:29:40.002] [svulkan2] [error] OIDN Error: invalid handle
[2026-10-09 16:29:40.002] [svulkan2] [error] OIDN Error: invalid handle
[2026-10-09 16:29:40.002] [svulkan2] [error] OIDN Error: invalid handle
[2026-10-09 16:29:40.062] [svulkan2] [error] OIDN Error: invalid handle
[2026-10-09 16:29:40.062] [svulkan2] [error] OIDN Error: invalid handle
[2026-10-09 16:29:40.062] [svulkan2] [error] OIDN Error: invalid handle
[2026-10-09 16:29:40.062] [svulkan2] [error] OIDN Error: invalid handle
[2026-10-09 16:29:40.121] [svulkan2] [error] OIDN Error: invalid handle
[2026-10-09 16:29:40.121] [svulkan2] [error] OIDN Error: invalid handle
[2026-10-09 16:29:40.121] [svulkan2] [error] OIDN Error: invalid handle
[2026-10-09 16:29:40.121] [svulkan2] [error] OIDN Error: invalid handle
[2026-10-09 16:29:40.180] [svulkan2] [error] OIDN Error: invalid handle
[2026-10-09 16:29:40.180] [svulkan2] [error] OIDN Error: invalid handle
[2026-10-09 16:29:40.180] [svulkan2] [error] OIDN Error: invalid handle
[2026-10-09 16:29:40.180] [svulkan2] [error] OIDN Error: invalid handle
[2026-10-09 16:29:40.241] [svulkan2] [error] OIDN Error: invalid handle
[2026-10-09 16:29:40.241] [svulkan2] [error] OIDN Error: invalid handle
[2026-10-09 16:29:40.241] [svulkan2] [error] OIDN Error: invalid handle
[2026-10-09 16:29:40.241] [svulkan2] [error] OIDN Error: invalid handle
[2026-10-09 16:29:40.299] [svulkan2] [error] OIDN Error: invalid handle
[2026-10-09 16:29:40.299] [svulkan2] [error] OIDN Error: invalid handle
[2026-10-09 16:29:40.299] [svulkan2] [error] OIDN Error: invalid handle
[2026-10-09 16:29:40.299] [svulkan2] [error] OIDN Error: invalid handle
[2026-10-09 16:29:40.356] [svulkan2] [error] OIDN Error: invalid handle
[2026-10-09 16:29:40.356] [svulkan2] [error] OIDN Error: invalid handle
[2026-10-09 16:29:40.356] [svulkan2] [error] OIDN Error: invalid handle
[2026-10-09 16:29:40.356] [svulkan2] [error] OIDN Error: invalid handle
step: [92m23 / 400[0m{"attempt": 1, "decision": 22, "id": 23, "motions": 23, "left": "hold grip 1.00", "right": "pos [0.02, -0.008, 1.04] quat [0.0, -0.71, 0.0, 0.71] grip 1.00", "planner": {"left": "hold", "right": "Fail"}, "success": false, "calls_total": 23, "latency_s": 18.63}
[2026-10-09 16:30:01.030] [svulkan2] [error] OIDN Error: invalid handle
[2026-10-09 16:30:01.030] [svulkan2] [error] OIDN Error: invalid handle
[2026-10-09 16:30:01.030] [svulkan2] [error] OIDN Error: invalid handle
[2026-10-09 16:30:01.030] [svulkan2] [error] OIDN Error: invalid handle
[2026-10-09 16:30:01.088] [svulkan2] [error] OIDN Error: invalid handle
[2026-10-09 16:30:01.088] [svulkan2] [error] OIDN Error: invalid handle
[2026-10-09 16:30:01.088] [svulkan2] [error] OIDN Error: invalid handle
[2026-10-09 16:30:01.088] [svulkan2] [error] OIDN Error: invalid handle
[2026-10-09 16:30:01.146] [svulkan2] [error] OIDN Error: invalid handle
[2026-10-09 16:30:01.146] [svulkan2] [error] OIDN Error: invalid handle
[2026-10-09 16:30:01.146] [svulkan2] [error] OIDN Error: invalid handle
[2026-10-09 16:30:01.146] [svulkan2] [error] OIDN Error: invalid handle
[2026-10-09 16:30:01.205] [svulkan2] [error] OIDN Error: invalid handle
[2026-10-09 16:30:01.205] [svulkan2] [error] OIDN Error: invalid handle
[2026-10-09 16:30:01.205] [svulkan2] [error] OIDN Error: invalid handle
[2026-10-09 16:30:01.205] [svulkan2] [error] OIDN Error: invalid handle
[2026-10-09 16:30:01.263] [svulkan2] [error] OIDN Error: invalid handle
[2026-10-09 16:30:01.263] [svulkan2] [error] OIDN Error: invalid handle
[2026-10-09 16:30:01.263] [svulkan2] [error] OIDN Error: invalid handle
[2026-10-09 16:30:01.263] [svulkan2] [error] OIDN Error: invalid handle
[2026-10-09 16:30:01.320] [svulkan2] [error] OIDN Error: invalid handle
[2026-10-09 16:30:01.320] [svulkan2] [error] OIDN Error: invalid handle
[2026-10-09 16:30:01.320] [svulkan2] [error] OIDN Error: invalid handle
[2026-10-09 16:30:01.320] [svulkan2] [error] OIDN Error: invalid handle
[2026-10-09 16:30:01.377] [svulkan2] [error] OIDN Error: invalid handle
[2026-10-09 16:30:01.377] [svulkan2] [error] OIDN Error: invalid handle
[2026-10-09 16:30:01.377] [svulkan2] [error] OIDN Error: invalid handle
[2026-10-09 16:30:01.377] [svulkan2] [error] OIDN Error: invalid handle
[2026-10-09 16:30:01.433] [svulkan2] [error] OIDN Error: invalid handle
[2026-10-09 16:30:01.433] [svulkan2] [error] OIDN Error: invalid handle
[2026-10-09 16:30:01.433] [svulkan2] [error] OIDN Error: invalid handle
[2026-10-09 16:30:01.433] [svulkan2] [error] OIDN Error: invalid handle
[2026-10-09 16:30:01.488] [svulkan2] [error] OIDN Error: invalid handle
[2026-10-09 16:30:01.489] [svulkan2] [error] OIDN Error: invalid handle
[2026-10-09 16:30:01.489] [svulkan2] [error] OIDN Error: invalid handle
[2026-10-09 16:30:01.489] [svulkan2] [error] OIDN Error: invalid handle
[2026-10-09 16:30:01.545] [svulkan2] [error] OIDN Error: invalid handle
[2026-10-09 16:30:01.545] [svulkan2] [error] OIDN Error: invalid handle
[2026-10-09 16:30:01.545] [svulkan2] [error] OIDN Error: invalid handle
[2026-10-09 16:30:01.545] [svulkan2] [error] OIDN Error: invalid handle
[2026-10-09 16:30:01.601] [svulkan2] [error] OIDN Error: invalid handle
[2026-10-09 16:30:01.601] [svulkan2] [error] OIDN Error: invalid handle
[2026-10-09 16:30:01.601] [svulkan2] [error] OIDN Error: invalid handle
[2026-10-09 16:30:01.601] [svulkan2] [error] OIDN Error: invalid handle
[2026-10-09 16:30:01.656] [svulkan2] [error] OIDN Error: invalid handle
[2026-10-09 16:30:01.656] [svulkan2] [error] OIDN Error: invalid handle
[2026-10-09 16:30:01.657] [svulkan2] [error] OIDN Error: invalid handle
[2026-10-09 16:30:01.657] [svulkan2] [error] OIDN Error: invalid handle
[2026-10-09 16:30:01.711] [svulkan2] [error] OIDN Error: invalid handle
[2026-10-09 16:30:01.711] [svulkan2] [error] OIDN Error: invalid handle
[2026-10-09 16:30:01.711] [svulkan2] [error] OIDN Error: invalid handle
[2026-10-09 16:30:01.711] [svulkan2] [error] OIDN Error: invalid handle
[2026-10-09 16:30:01.766] [svulkan2] [error] OIDN Error: invalid handle
[2026-10-09 16:30:01.766] [svulkan2] [error] OIDN Error: invalid handle
[2026-10-09 16:30:01.766] [svulkan2] [error] OIDN Error: invalid handle
[2026-10-09 16:30:01.766] [svulkan2] [error] OIDN Error: invalid handle
[2026-10-09 16:30:01.818] [svulkan2] [error] OIDN Error: invalid handle
[2026-10-09 16:30:01.818] [svulkan2] [error] OIDN Error: invalid handle
[2026-10-09 16:30:01.818] [svulkan2] [error] OIDN Error: invalid handle
[2026-10-09 16:30:01.818] [svulkan2] [error] OIDN Error: invalid handle
step: [92m24 / 400[0m{"attempt": 1, "decision": 23, "id": 24, "motions": 24, "left": "hold grip 1.00", "right": "pos [0.042, -0.009, 0.976] quat [0.0, -0.71, 0.0, 0.71] grip 1.00", "planner": {"left": "hold", "right": "Success"}, "success": false, "calls_total": 24, "latency_s": 20.07}
[2026-10-09 16:30:27.729] [svulkan2] [error] OIDN Error: invalid handle
[2026-10-09 16:30:27.729] [svulkan2] [error] OIDN Error: invalid handle
[2026-10-09 16:30:27.729] [svulkan2] [error] OIDN Error: invalid handle
[2026-10-09 16:30:27.729] [svulkan2] [error] OIDN Error: invalid handle
[2026-10-09 16:30:27.783] [svulkan2] [error] OIDN Error: invalid handle
[2026-10-09 16:30:27.783] [svulkan2] [error] OIDN Error: invalid handle
[2026-10-09 16:30:27.783] [svulkan2] [error] OIDN Error: invalid handle
[2026-10-09 16:30:27.783] [svulkan2] [error] OIDN Error: invalid handle
[2026-10-09 16:30:27.836] [svulkan2] [error] OIDN Error: invalid handle
[2026-10-09 16:30:27.836] [svulkan2] [error] OIDN Error: invalid handle
[2026-10-09 16:30:27.836] [svulkan2] [error] OIDN Error: invalid handle
[2026-10-09 16:30:27.836] [svulkan2] [error] OIDN Error: invalid handle
[2026-10-09 16:30:27.890] [svulkan2] [error] OIDN Error: invalid handle
[2026-10-09 16:30:27.890] [svulkan2] [error] OIDN Error: invalid handle
[2026-10-09 16:30:27.890] [svulkan2] [error] OIDN Error: invalid handle
[2026-10-09 16:30:27.890] [svulkan2] [error] OIDN Error: invalid handle
[2026-10-09 16:30:27.944] [svulkan2] [error] OIDN Error: invalid handle
[2026-10-09 16:30:27.944] [svulkan2] [error] OIDN Error: invalid handle
[2026-10-09 16:30:27.944] [svulkan2] [error] OIDN Error: invalid handle
[2026-10-09 16:30:27.944] [svulkan2] [error] OIDN Error: invalid handle
[2026-10-09 16:30:27.999] [svulkan2] [error] OIDN Error: invalid handle
[2026-10-09 16:30:27.999] [svulkan2] [error] OIDN Error: invalid handle
[2026-10-09 16:30:27.999] [svulkan2] [error] OIDN Error: invalid handle
[2026-10-09 16:30:27.999] [svulkan2] [error] OIDN Error: invalid handle
[2026-10-09 16:30:28.054] [svulkan2] [error] OIDN Error: invalid handle
[2026-10-09 16:30:28.054] [svulkan2] [error] OIDN Error: invalid handle
[2026-10-09 16:30:28.054] [svulkan2] [error] OIDN Error: invalid handle
[2026-10-09 16:30:28.054] [svulkan2] [error] OIDN Error: invalid handle
[2026-10-09 16:30:28.110] [svulkan2] [error] OIDN Error: invalid handle
[2026-10-09 16:30:28.110] [svulkan2] [error] OIDN Error: invalid handle
[2026-10-09 16:30:28.110] [svulkan2] [error] OIDN Error: invalid handle
[2026-10-09 16:30:28.110] [svulkan2] [error] OIDN Error: invalid handle
[2026-10-09 16:30:28.165] [svulkan2] [error] OIDN Error: invalid handle
[2026-10-09 16:30:28.165] [svulkan2] [error] OIDN Error: invalid handle
[2026-10-09 16:30:28.165] [svulkan2] [error] OIDN Error: invalid handle
[2026-10-09 16:30:28.165] [svulkan2] [error] OIDN Error: invalid handle
[2026-10-09 16:30:28.219] [svulkan2] [error] OIDN Error: invalid handle
[2026-10-09 16:30:28.219] [svulkan2] [error] OIDN Error: invalid handle
[2026-10-09 16:30:28.219] [svulkan2] [error] OIDN Error: invalid handle
[2026-10-09 16:30:28.219] [svulkan2] [error] OIDN Error: invalid handle
[2026-10-09 16:30:28.274] [svulkan2] [error] OIDN Error: invalid handle
[2026-10-09 16:30:28.275] [svulkan2] [error] OIDN Error: invalid handle
[2026-10-09 16:30:28.275] [svulkan2] [error] OIDN Error: invalid handle
[2026-10-09 16:30:28.275] [svulkan2] [error] OIDN Error: invalid handle
[2026-10-09 16:30:28.330] [svulkan2] [error] OIDN Error: invalid handle
[2026-10-09 16:30:28.330] [svulkan2] [error] OIDN Error: invalid handle
[2026-10-09 16:30:28.330] [svulkan2] [error] OIDN Error: invalid handle
[2026-10-09 16:30:28.330] [svulkan2] [error] OIDN Error: invalid handle
[2026-10-09 16:30:28.385] [svulkan2] [error] OIDN Error: invalid handle
[2026-10-09 16:30:28.385] [svulkan2] [error] OIDN Error: invalid handle
[2026-10-09 16:30:28.385] [svulkan2] [error] OIDN Error: invalid handle
[2026-10-09 16:30:28.385] [svulkan2] [error] OIDN Error: invalid handle
[2026-10-09 16:30:28.441] [svulkan2] [error] OIDN Error: invalid handle
[2026-10-09 16:30:28.442] [svulkan2] [error] OIDN Error: invalid handle
[2026-10-09 16:30:28.442] [svulkan2] [error] OIDN Error: invalid handle
[2026-10-09 16:30:28.442] [svulkan2] [error] OIDN Error: invalid handle
[2026-10-09 16:30:28.497] [svulkan2] [error] OIDN Error: invalid handle
[2026-10-09 16:30:28.497] [svulkan2] [error] OIDN Error: invalid handle
[2026-10-09 16:30:28.497] [svulkan2] [error] OIDN Error: invalid handle
[2026-10-09 16:30:28.497] [svulkan2] [error] OIDN Error: invalid handle
[2026-10-09 16:30:28.554] [svulkan2] [error] OIDN Error: invalid handle
[2026-10-09 16:30:28.554] [svulkan2] [error] OIDN Error: invalid handle
[2026-10-09 16:30:28.554] [svulkan2] [error] OIDN Error: invalid handle
[2026-10-09 16:30:28.554] [svulkan2] [error] OIDN Error: invalid handle
[2026-10-09 16:30:28.610] [svulkan2] [error] OIDN Error: invalid handle
[2026-10-09 16:30:28.610] [svulkan2] [error] OIDN Error: invalid handle
[2026-10-09 16:30:28.610] [svulkan2] [error] OIDN Error: invalid handle
[2026-10-09 16:30:28.610] [svulkan2] [error] OIDN Error: invalid handle
[2026-10-09 16:30:28.665] [svulkan2] [error] OIDN Error: invalid handle
[2026-10-09 16:30:28.665] [svulkan2] [error] OIDN Error: invalid handle
[2026-10-09 16:30:28.665] [svulkan2] [error] OIDN Error: invalid handle
[2026-10-09 16:30:28.665] [svulkan2] [error] OIDN Error: invalid handle
[2026-10-09 16:30:28.724] [svulkan2] [error] OIDN Error: invalid handle
[2026-10-09 16:30:28.724] [svulkan2] [error] OIDN Error: invalid handle
[2026-10-09 16:30:28.724] [svulkan2] [error] OIDN Error: invalid handle
[2026-10-09 16:30:28.724] [svulkan2] [error] OIDN Error: invalid handle
[2026-10-09 16:30:28.781] [svulkan2] [error] OIDN Error: invalid handle
[2026-10-09 16:30:28.781] [svulkan2] [error] OIDN Error: invalid handle
[2026-10-09 16:30:28.782] [svulkan2] [error] OIDN Error: invalid handle
[2026-10-09 16:30:28.782] [svulkan2] [error] OIDN Error: invalid handle
[2026-10-09 16:30:28.838] [svulkan2] [error] OIDN Error: invalid handle
[2026-10-09 16:30:28.838] [svulkan2] [error] OIDN Error: invalid handle
[2026-10-09 16:30:28.838] [svulkan2] [error] OIDN Error: invalid handle
[2026-10-09 16:30:28.838] [svulkan2] [error] OIDN Error: invalid handle
[2026-10-09 16:30:28.894] [svulkan2] [error] OIDN Error: invalid handle
[2026-10-09 16:30:28.894] [svulkan2] [error] OIDN Error: invalid handle
[2026-10-09 16:30:28.894] [svulkan2] [error] OIDN Error: invalid handle
[2026-10-09 16:30:28.894] [svulkan2] [error] OIDN Error: invalid handle
[2026-10-09 16:30:28.950] [svulkan2] [error] OIDN Error: invalid handle
[2026-10-09 16:30:28.950] [svulkan2] [error] OIDN Error: invalid handle
[2026-10-09 16:30:28.950] [svulkan2] [error] OIDN Error: invalid handle
[2026-10-09 16:30:28.950] [svulkan2] [error] OIDN Error: invalid handle
[2026-10-09 16:30:29.006] [svulkan2] [error] OIDN Error: invalid handle
[2026-10-09 16:30:29.006] [svulkan2] [error] OIDN Error: invalid handle
[2026-10-09 16:30:29.006] [svulkan2] [error] OIDN Error: invalid handle
[2026-10-09 16:30:29.006] [svulkan2] [error] OIDN Error: invalid handle
step: [92m25 / 400[0m{"attempt": 1, "decision": 24, "id": 25, "motions": 25, "left": "pos [-0.219, 0.005, 1.001] quat [0.0, -0.71, 0.0, 0.71] grip 1.00", "right": "pos [-0.058, 0.02, 0.996] quat [0.0, -0.71, 0.0, 0.71] grip 1.00", "planner": {"left": "Success", "right": "Fail"}, "success": false, "calls_total": 25, "latency_s": 25.21}
[2026-10-09 16:30:55.576] [svulkan2] [error] OIDN Error: invalid handle
[2026-10-09 16:30:55.576] [svulkan2] [error] OIDN Error: invalid handle
[2026-10-09 16:30:55.576] [svulkan2] [error] OIDN Error: invalid handle
[2026-10-09 16:30:55.576] [svulkan2] [error] OIDN Error: invalid handle
[2026-10-09 16:30:55.634] [svulkan2] [error] OIDN Error: invalid handle
[2026-10-09 16:30:55.634] [svulkan2] [error] OIDN Error: invalid handle
[2026-10-09 16:30:55.634] [svulkan2] [error] OIDN Error: invalid handle
[2026-10-09 16:30:55.634] [svulkan2] [error] OIDN Error: invalid handle
[2026-10-09 16:30:55.691] [svulkan2] [error] OIDN Error: invalid handle
[2026-10-09 16:30:55.691] [svulkan2] [error] OIDN Error: invalid handle
[2026-10-09 16:30:55.691] [svulkan2] [error] OIDN Error: invalid handle
[2026-10-09 16:30:55.691] [svulkan2] [error] OIDN Error: invalid handle
[2026-10-09 16:30:55.746] [svulkan2] [error] OIDN Error: invalid handle
[2026-10-09 16:30:55.746] [svulkan2] [error] OIDN Error: invalid handle
[2026-10-09 16:30:55.747] [svulkan2] [error] OIDN Error: invalid handle
[2026-10-09 16:30:55.747] [svulkan2] [error] OIDN Error: invalid handle
[2026-10-09 16:30:55.803] [svulkan2] [error] OIDN Error: invalid handle
[2026-10-09 16:30:55.803] [svulkan2] [error] OIDN Error: invalid handle
[2026-10-09 16:30:55.803] [svulkan2] [error] OIDN Error: invalid handle
[2026-10-09 16:30:55.803] [svulkan2] [error] OIDN Error: invalid handle
[2026-10-09 16:30:55.859] [svulkan2] [error] OIDN Error: invalid handle
[2026-10-09 16:30:55.859] [svulkan2] [error] OIDN Error: invalid handle
[2026-10-09 16:30:55.859] [svulkan2] [error] OIDN Error: invalid handle
[2026-10-09 16:30:55.859] [svulkan2] [error] OIDN Error: invalid handle
[2026-10-09 16:30:55.915] [svulkan2] [error] OIDN Error: invalid handle
[2026-10-09 16:30:55.915] [svulkan2] [error] OIDN Error: invalid handle
[2026-10-09 16:30:55.915] [svulkan2] [error] OIDN Error: invalid handle
[2026-10-09 16:30:55.915] [svulkan2] [error] OIDN Error: invalid handle
[2026-10-09 16:30:55.971] [svulkan2] [error] OIDN Error: invalid handle
[2026-10-09 16:30:55.972] [svulkan2] [error] OIDN Error: invalid handle
[2026-10-09 16:30:55.972] [svulkan2] [error] OIDN Error: invalid handle
[2026-10-09 16:30:55.972] [svulkan2] [error] OIDN Error: invalid handle
[2026-10-09 16:30:56.027] [svulkan2] [error] OIDN Error: invalid handle
[2026-10-09 16:30:56.027] [svulkan2] [error] OIDN Error: invalid handle
[2026-10-09 16:30:56.027] [svulkan2] [error] OIDN Error: invalid handle
[2026-10-09 16:30:56.027] [svulkan2] [error] OIDN Error: invalid handle
[2026-10-09 16:30:56.083] [svulkan2] [error] OIDN Error: invalid handle
[2026-10-09 16:30:56.083] [svulkan2] [error] OIDN Error: invalid handle
[2026-10-09 16:30:56.083] [svulkan2] [error] OIDN Error: invalid handle
[2026-10-09 16:30:56.083] [svulkan2] [error] OIDN Error: invalid handle
[2026-10-09 16:30:56.139] [svulkan2] [error] OIDN Error: invalid handle
[2026-10-09 16:30:56.140] [svulkan2] [error] OIDN Error: invalid handle
[2026-10-09 16:30:56.140] [svulkan2] [error] OIDN Error: invalid handle
[2026-10-09 16:30:56.140] [svulkan2] [error] OIDN Error: invalid handle
[2026-10-09 16:30:56.196] [svulkan2] [error] OIDN Error: invalid handle
[2026-10-09 16:30:56.196] [svulkan2] [error] OIDN Error: invalid handle
[2026-10-09 16:30:56.196] [svulkan2] [error] OIDN Error: invalid handle
[2026-10-09 16:30:56.196] [svulkan2] [error] OIDN Error: invalid handle
[2026-10-09 16:30:56.252] [svulkan2] [error] OIDN Error: invalid handle
[2026-10-09 16:30:56.252] [svulkan2] [error] OIDN Error: invalid handle
[2026-10-09 16:30:56.252] [svulkan2] [error] OIDN Error: invalid handle
[2026-10-09 16:30:56.252] [svulkan2] [error] OIDN Error: invalid handle
[2026-10-09 16:30:56.310] [svulkan2] [error] OIDN Error: invalid handle
[2026-10-09 16:30:56.310] [svulkan2] [error] OIDN Error: invalid handle
[2026-10-09 16:30:56.310] [svulkan2] [error] OIDN Error: invalid handle
[2026-10-09 16:30:56.310] [svulkan2] [error] OIDN Error: invalid handle
[2026-10-09 16:30:56.371] [svulkan2] [error] OIDN Error: invalid handle
[2026-10-09 16:30:56.371] [svulkan2] [error] OIDN Error: invalid handle
[2026-10-09 16:30:56.372] [svulkan2] [error] OIDN Error: invalid handle
[2026-10-09 16:30:56.372] [svulkan2] [error] OIDN Error: invalid handle
[2026-10-09 16:30:56.431] [svulkan2] [error] OIDN Error: invalid handle
[2026-10-09 16:30:56.431] [svulkan2] [error] OIDN Error: invalid handle
[2026-10-09 16:30:56.431] [svulkan2] [error] OIDN Error: invalid handle
[2026-10-09 16:30:56.431] [svulkan2] [error] OIDN Error: invalid handle
[2026-10-09 16:30:56.490] [svulkan2] [error] OIDN Error: invalid handle
[2026-10-09 16:30:56.490] [svulkan2] [error] OIDN Error: invalid handle
[2026-10-09 16:30:56.490] [svulkan2] [error] OIDN Error: invalid handle
[2026-10-09 16:30:56.490] [svulkan2] [error] OIDN Error: invalid handle
[2026-10-09 16:30:56.551] [svulkan2] [error] OIDN Error: invalid handle
[2026-10-09 16:30:56.551] [svulkan2] [error] OIDN Error: invalid handle
[2026-10-09 16:30:56.551] [svulkan2] [error] OIDN Error: invalid handle
[2026-10-09 16:30:56.551] [svulkan2] [error] OIDN Error: invalid handle
[2026-10-09 16:30:56.612] [svulkan2] [error] OIDN Error: invalid handle
[2026-10-09 16:30:56.612] [svulkan2] [error] OIDN Error: invalid handle
[2026-10-09 16:30:56.613] [svulkan2] [error] OIDN Error: invalid handle
[2026-10-09 16:30:56.613] [svulkan2] [error] OIDN Error: invalid handle
[2026-10-09 16:30:56.674] [svulkan2] [error] OIDN Error: invalid handle
[2026-10-09 16:30:56.674] [svulkan2] [error] OIDN Error: invalid handle
[2026-10-09 16:30:56.674] [svulkan2] [error] OIDN Error: invalid handle
[2026-10-09 16:30:56.675] [svulkan2] [error] OIDN Error: invalid handle
[2026-10-09 16:30:56.737] [svulkan2] [error] OIDN Error: invalid handle
[2026-10-09 16:30:56.737] [svulkan2] [error] OIDN Error: invalid handle
[2026-10-09 16:30:56.737] [svulkan2] [error] OIDN Error: invalid handle
[2026-10-09 16:30:56.737] [svulkan2] [error] OIDN Error: invalid handle
[2026-10-09 16:30:56.800] [svulkan2] [error] OIDN Error: invalid handle
[2026-10-09 16:30:56.800] [svulkan2] [error] OIDN Error: invalid handle
[2026-10-09 16:30:56.800] [svulkan2] [error] OIDN Error: invalid handle
[2026-10-09 16:30:56.800] [svulkan2] [error] OIDN Error: invalid handle
[2026-10-09 16:30:56.862] [svulkan2] [error] OIDN Error: invalid handle
[2026-10-09 16:30:56.862] [svulkan2] [error] OIDN Error: invalid handle
[2026-10-09 16:30:56.862] [svulkan2] [error] OIDN Error: invalid handle
[2026-10-09 16:30:56.862] [svulkan2] [error] OIDN Error: invalid handle
[2026-10-09 16:30:56.924] [svulkan2] [error] OIDN Error: invalid handle
[2026-10-09 16:30:56.924] [svulkan2] [error] OIDN Error: invalid handle
[2026-10-09 16:30:56.924] [svulkan2] [error] OIDN Error: invalid handle
[2026-10-09 16:30:56.924] [svulkan2] [error] OIDN Error: invalid handle
[2026-10-09 16:30:56.987] [svulkan2] [error] OIDN Error: invalid handle
[2026-10-09 16:30:56.987] [svulkan2] [error] OIDN Error: invalid handle
[2026-10-09 16:30:56.987] [svulkan2] [error] OIDN Error: invalid handle
[2026-10-09 16:30:56.988] [svulkan2] [error] OIDN Error: invalid handle
[2026-10-09 16:30:57.051] [svulkan2] [error] OIDN Error: invalid handle
[2026-10-09 16:30:57.051] [svulkan2] [error] OIDN Error: invalid handle
[2026-10-09 16:30:57.051] [svulkan2] [error] OIDN Error: invalid handle
[2026-10-09 16:30:57.051] [svulkan2] [error] OIDN Error: invalid handle
[2026-10-09 16:30:57.114] [svulkan2] [error] OIDN Error: invalid handle
[2026-10-09 16:30:57.114] [svulkan2] [error] OIDN Error: invalid handle
[2026-10-09 16:30:57.114] [svulkan2] [error] OIDN Error: invalid handle
[2026-10-09 16:30:57.114] [svulkan2] [error] OIDN Error: invalid handle
[2026-10-09 16:30:57.177] [svulkan2] [error] OIDN Error: invalid handle
[2026-10-09 16:30:57.177] [svulkan2] [error] OIDN Error: invalid handle
[2026-10-09 16:30:57.177] [svulkan2] [error] OIDN Error: invalid handle
[2026-10-09 16:30:57.177] [svulkan2] [error] OIDN Error: invalid handle
[2026-10-09 16:30:57.240] [svulkan2] [error] OIDN Error: invalid handle
[2026-10-09 16:30:57.240] [svulkan2] [error] OIDN Error: invalid handle
[2026-10-09 16:30:57.240] [svulkan2] [error] OIDN Error: invalid handle
[2026-10-09 16:30:57.240] [svulkan2] [error] OIDN Error: invalid handle
[2026-10-09 16:30:57.303] [svulkan2] [error] OIDN Error: invalid handle
[2026-10-09 16:30:57.303] [svulkan2] [error] OIDN Error: invalid handle
[2026-10-09 16:30:57.303] [svulkan2] [error] OIDN Error: invalid handle
[2026-10-09 16:30:57.303] [svulkan2] [error] OIDN Error: invalid handle
[2026-10-09 16:30:57.364] [svulkan2] [error] OIDN Error: invalid handle
[2026-10-09 16:30:57.366] [svulkan2] [error] OIDN Error: invalid handle
[2026-10-09 16:30:57.366] [svulkan2] [error] OIDN Error: invalid handle
[2026-10-09 16:30:57.366] [svulkan2] [error] OIDN Error: invalid handle
step: [92m26 / 400[0m{"attempt": 1, "decision": 25, "id": 26, "motions": 26, "left": "hold grip 1.00", "right": "pos [-0.01, -0.01, 0.942] quat [0.0, -0.71, 0.0, 0.71] grip 1.00", "planner": {"left": "hold", "right": "Success"}, "success": false, "calls_total": 26, "latency_s": 25.94}
[2026-10-09 16:31:22.177] [svulkan2] [error] OIDN Error: invalid handle
[2026-10-09 16:31:22.178] [svulkan2] [error] OIDN Error: invalid handle
[2026-10-09 16:31:22.178] [svulkan2] [error] OIDN Error: invalid handle
[2026-10-09 16:31:22.178] [svulkan2] [error] OIDN Error: invalid handle
[2026-10-09 16:31:22.240] [svulkan2] [error] OIDN Error: invalid handle
[2026-10-09 16:31:22.240] [svulkan2] [error] OIDN Error: invalid handle
[2026-10-09 16:31:22.240] [svulkan2] [error] OIDN Error: invalid handle
[2026-10-09 16:31:22.241] [svulkan2] [error] OIDN Error: invalid handle
[2026-10-09 16:31:22.303] [svulkan2] [error] OIDN Error: invalid handle
[2026-10-09 16:31:22.303] [svulkan2] [error] OIDN Error: invalid handle
[2026-10-09 16:31:22.303] [svulkan2] [error] OIDN Error: invalid handle
[2026-10-09 16:31:22.303] [svulkan2] [error] OIDN Error: invalid handle
[2026-10-09 16:31:22.366] [svulkan2] [error] OIDN Error: invalid handle
[2026-10-09 16:31:22.366] [svulkan2] [error] OIDN Error: invalid handle
[2026-10-09 16:31:22.366] [svulkan2] [error] OIDN Error: invalid handle
[2026-10-09 16:31:22.366] [svulkan2] [error] OIDN Error: invalid handle
[2026-10-09 16:31:22.430] [svulkan2] [error] OIDN Error: invalid handle
[2026-10-09 16:31:22.430] [svulkan2] [error] OIDN Error: invalid handle
[2026-10-09 16:31:22.430] [svulkan2] [error] OIDN Error: invalid handle
[2026-10-09 16:31:22.430] [svulkan2] [error] OIDN Error: invalid handle
[2026-10-09 16:31:22.495] [svulkan2] [error] OIDN Error: invalid handle
[2026-10-09 16:31:22.495] [svulkan2] [error] OIDN Error: invalid handle
[2026-10-09 16:31:22.495] [svulkan2] [error] OIDN Error: invalid handle
[2026-10-09 16:31:22.495] [svulkan2] [error] OIDN Error: invalid handle
[2026-10-09 16:31:22.560] [svulkan2] [error] OIDN Error: invalid handle
[2026-10-09 16:31:22.560] [svulkan2] [error] OIDN Error: invalid handle
[2026-10-09 16:31:22.560] [svulkan2] [error] OIDN Error: invalid handle
[2026-10-09 16:31:22.560] [svulkan2] [error] OIDN Error: invalid handle
[2026-10-09 16:31:22.624] [svulkan2] [error] OIDN Error: invalid handle
[2026-10-09 16:31:22.625] [svulkan2] [error] OIDN Error: invalid handle
[2026-10-09 16:31:22.625] [svulkan2] [error] OIDN Error: invalid handle
[2026-10-09 16:31:22.625] [svulkan2] [error] OIDN Error: invalid handle
[2026-10-09 16:31:22.690] [svulkan2] [error] OIDN Error: invalid handle
[2026-10-09 16:31:22.690] [svulkan2] [error] OIDN Error: invalid handle
[2026-10-09 16:31:22.690] [svulkan2] [error] OIDN Error: invalid handle
[2026-10-09 16:31:22.690] [svulkan2] [error] OIDN Error: invalid handle
[2026-10-09 16:31:22.755] [svulkan2] [error] OIDN Error: invalid handle
[2026-10-09 16:31:22.755] [svulkan2] [error] OIDN Error: invalid handle
[2026-10-09 16:31:22.755] [svulkan2] [error] OIDN Error: invalid handle
[2026-10-09 16:31:22.755] [svulkan2] [error] OIDN Error: invalid handle
[2026-10-09 16:31:22.821] [svulkan2] [error] OIDN Error: invalid handle
[2026-10-09 16:31:22.821] [svulkan2] [error] OIDN Error: invalid handle
[2026-10-09 16:31:22.821] [svulkan2] [error] OIDN Error: invalid handle
[2026-10-09 16:31:22.821] [svulkan2] [error] OIDN Error: invalid handle
[2026-10-09 16:31:22.886] [svulkan2] [error] OIDN Error: invalid handle
[2026-10-09 16:31:22.886] [svulkan2] [error] OIDN Error: invalid handle
[2026-10-09 16:31:22.886] [svulkan2] [error] OIDN Error: invalid handle
[2026-10-09 16:31:22.886] [svulkan2] [error] OIDN Error: invalid handle
[2026-10-09 16:31:22.950] [svulkan2] [error] OIDN Error: invalid handle
[2026-10-09 16:31:22.950] [svulkan2] [error] OIDN Error: invalid handle
[2026-10-09 16:31:22.950] [svulkan2] [error] OIDN Error: invalid handle
[2026-10-09 16:31:22.950] [svulkan2] [error] OIDN Error: invalid handle
[2026-10-09 16:31:23.015] [svulkan2] [error] OIDN Error: invalid handle
[2026-10-09 16:31:23.015] [svulkan2] [error] OIDN Error: invalid handle
[2026-10-09 16:31:23.015] [svulkan2] [error] OIDN Error: invalid handle
[2026-10-09 16:31:23.015] [svulkan2] [error] OIDN Error: invalid handle
[2026-10-09 16:31:23.080] [svulkan2] [error] OIDN Error: invalid handle
[2026-10-09 16:31:23.080] [svulkan2] [error] OIDN Error: invalid handle
[2026-10-09 16:31:23.080] [svulkan2] [error] OIDN Error: invalid handle
[2026-10-09 16:31:23.080] [svulkan2] [error] OIDN Error: invalid handle
[2026-10-09 16:31:23.145] [svulkan2] [error] OIDN Error: invalid handle
[2026-10-09 16:31:23.145] [svulkan2] [error] OIDN Error: invalid handle
[2026-10-09 16:31:23.145] [svulkan2] [error] OIDN Error: invalid handle
[2026-10-09 16:31:23.145] [svulkan2] [error] OIDN Error: invalid handle
[2026-10-09 16:31:23.209] [svulkan2] [error] OIDN Error: invalid handle
[2026-10-09 16:31:23.209] [svulkan2] [error] OIDN Error: invalid handle
[2026-10-09 16:31:23.209] [svulkan2] [error] OIDN Error: invalid handle
[2026-10-09 16:31:23.210] [svulkan2] [error] OIDN Error: invalid handle
[2026-10-09 16:31:23.273] [svulkan2] [error] OIDN Error: invalid handle
[2026-10-09 16:31:23.273] [svulkan2] [error] OIDN Error: invalid handle
[2026-10-09 16:31:23.273] [svulkan2] [error] OIDN Error: invalid handle
[2026-10-09 16:31:23.273] [svulkan2] [error] OIDN Error: invalid handle
[2026-10-09 16:31:23.337] [svulkan2] [error] OIDN Error: invalid handle
[2026-10-09 16:31:23.337] [svulkan2] [error] OIDN Error: invalid handle
[2026-10-09 16:31:23.337] [svulkan2] [error] OIDN Error: invalid handle
[2026-10-09 16:31:23.337] [svulkan2] [error] OIDN Error: invalid handle
[2026-10-09 16:31:23.401] [svulkan2] [error] OIDN Error: invalid handle
[2026-10-09 16:31:23.401] [svulkan2] [error] OIDN Error: invalid handle
[2026-10-09 16:31:23.401] [svulkan2] [error] OIDN Error: invalid handle
[2026-10-09 16:31:23.401] [svulkan2] [error] OIDN Error: invalid handle
[2026-10-09 16:31:23.464] [svulkan2] [error] OIDN Error: invalid handle
[2026-10-09 16:31:23.464] [svulkan2] [error] OIDN Error: invalid handle
[2026-10-09 16:31:23.464] [svulkan2] [error] OIDN Error: invalid handle
[2026-10-09 16:31:23.464] [svulkan2] [error] OIDN Error: invalid handle
[2026-10-09 16:31:23.527] [svulkan2] [error] OIDN Error: invalid handle
[2026-10-09 16:31:23.527] [svulkan2] [error] OIDN Error: invalid handle
[2026-10-09 16:31:23.527] [svulkan2] [error] OIDN Error: invalid handle
[2026-10-09 16:31:23.527] [svulkan2] [error] OIDN Error: invalid handle
[2026-10-09 16:31:23.588] [svulkan2] [error] OIDN Error: invalid handle
[2026-10-09 16:31:23.588] [svulkan2] [error] OIDN Error: invalid handle
[2026-10-09 16:31:23.588] [svulkan2] [error] OIDN Error: invalid handle
[2026-10-09 16:31:23.588] [svulkan2] [error] OIDN Error: invalid handle
step: [92m27 / 400[0m{"attempt": 1, "decision": 26, "id": 27, "motions": 27, "left": "pos [-0.217, 0.004, 0.948] quat [0.0, -0.71, 0.0, 0.71] grip 1.00", "right": "pos [-0.026, 0.004, 0.942] quat [0.0, -0.71, 0.0, 0.71] grip 1.00", "planner": {"left": "Success", "right": "Fail"}, "success": false, "calls_total": 27, "latency_s": 24.1}
[2026-10-09 16:31:44.876] [svulkan2] [error] OIDN Error: invalid handle
[2026-10-09 16:31:44.876] [svulkan2] [error] OIDN Error: invalid handle
[2026-10-09 16:31:44.876] [svulkan2] [error] OIDN Error: invalid handle
[2026-10-09 16:31:44.876] [svulkan2] [error] OIDN Error: invalid handle
[2026-10-09 16:31:44.941] [svulkan2] [error] OIDN Error: invalid handle
[2026-10-09 16:31:44.941] [svulkan2] [error] OIDN Error: invalid handle
[2026-10-09 16:31:44.941] [svulkan2] [error] OIDN Error: invalid handle
[2026-10-09 16:31:44.941] [svulkan2] [error] OIDN Error: invalid handle
[2026-10-09 16:31:45.005] [svulkan2] [error] OIDN Error: invalid handle
[2026-10-09 16:31:45.005] [svulkan2] [error] OIDN Error: invalid handle
[2026-10-09 16:31:45.005] [svulkan2] [error] OIDN Error: invalid handle
[2026-10-09 16:31:45.005] [svulkan2] [error] OIDN Error: invalid handle
[2026-10-09 16:31:45.069] [svulkan2] [error] OIDN Error: invalid handle
[2026-10-09 16:31:45.069] [svulkan2] [error] OIDN Error: invalid handle
[2026-10-09 16:31:45.069] [svulkan2] [error] OIDN Error: invalid handle
[2026-10-09 16:31:45.069] [svulkan2] [error] OIDN Error: invalid handle
step: [92m28 / 400[0m{"attempt": 1, "decision": 27, "id": 28, "motions": 28, "left": "hold grip 0.00", "right": "hold grip 0.00", "planner": {"left": "hold", "right": "hold"}, "success": false, "calls_total": 28, "latency_s": 20.69}
[2026-10-09 16:32:00.910] [svulkan2] [error] OIDN Error: invalid handle
[2026-10-09 16:32:00.910] [svulkan2] [error] OIDN Error: invalid handle
[2026-10-09 16:32:00.910] [svulkan2] [error] OIDN Error: invalid handle
[2026-10-09 16:32:00.910] [svulkan2] [error] OIDN Error: invalid handle
[2026-10-09 16:32:00.973] [svulkan2] [error] OIDN Error: invalid handle
[2026-10-09 16:32:00.973] [svulkan2] [error] OIDN Error: invalid handle
[2026-10-09 16:32:00.973] [svulkan2] [error] OIDN Error: invalid handle
[2026-10-09 16:32:00.973] [svulkan2] [error] OIDN Error: invalid handle
[2026-10-09 16:32:01.035] [svulkan2] [error] OIDN Error: invalid handle
[2026-10-09 16:32:01.035] [svulkan2] [error] OIDN Error: invalid handle
[2026-10-09 16:32:01.035] [svulkan2] [error] OIDN Error: invalid handle
[2026-10-09 16:32:01.035] [svulkan2] [error] OIDN Error: invalid handle
[2026-10-09 16:32:01.098] [svulkan2] [error] OIDN Error: invalid handle
[2026-10-09 16:32:01.098] [svulkan2] [error] OIDN Error: invalid handle
[2026-10-09 16:32:01.098] [svulkan2] [error] OIDN Error: invalid handle
[2026-10-09 16:32:01.098] [svulkan2] [error] OIDN Error: invalid handle
[2026-10-09 16:32:01.162] [svulkan2] [error] OIDN Error: invalid handle
[2026-10-09 16:32:01.162] [svulkan2] [error] OIDN Error: invalid handle
[2026-10-09 16:32:01.162] [svulkan2] [error] OIDN Error: invalid handle
[2026-10-09 16:32:01.162] [svulkan2] [error] OIDN Error: invalid handle
[2026-10-09 16:32:01.228] [svulkan2] [error] OIDN Error: invalid handle
[2026-10-09 16:32:01.228] [svulkan2] [error] OIDN Error: invalid handle
[2026-10-09 16:32:01.228] [svulkan2] [error] OIDN Error: invalid handle
[2026-10-09 16:32:01.228] [svulkan2] [error] OIDN Error: invalid handle
[2026-10-09 16:32:01.293] [svulkan2] [error] OIDN Error: invalid handle
[2026-10-09 16:32:01.293] [svulkan2] [error] OIDN Error: invalid handle
[2026-10-09 16:32:01.293] [svulkan2] [error] OIDN Error: invalid handle
[2026-10-09 16:32:01.293] [svulkan2] [error] OIDN Error: invalid handle
[2026-10-09 16:32:01.357] [svulkan2] [error] OIDN Error: invalid handle
[2026-10-09 16:32:01.357] [svulkan2] [error] OIDN Error: invalid handle
[2026-10-09 16:32:01.357] [svulkan2] [error] OIDN Error: invalid handle
[2026-10-09 16:32:01.359] [svulkan2] [error] OIDN Error: invalid handle
[2026-10-09 16:32:01.421] [svulkan2] [error] OIDN Error: invalid handle
[2026-10-09 16:32:01.421] [svulkan2] [error] OIDN Error: invalid handle
[2026-10-09 16:32:01.421] [svulkan2] [error] OIDN Error: invalid handle
[2026-10-09 16:32:01.421] [svulkan2] [error] OIDN Error: invalid handle
[2026-10-09 16:32:01.486] [svulkan2] [error] OIDN Error: invalid handle
[2026-10-09 16:32:01.486] [svulkan2] [error] OIDN Error: invalid handle
[2026-10-09 16:32:01.486] [svulkan2] [error] OIDN Error: invalid handle
[2026-10-09 16:32:01.486] [svulkan2] [error] OIDN Error: invalid handle
[2026-10-09 16:32:01.552] [svulkan2] [error] OIDN Error: invalid handle
[2026-10-09 16:32:01.552] [svulkan2] [error] OIDN Error: invalid handle
[2026-10-09 16:32:01.552] [svulkan2] [error] OIDN Error: invalid handle
[2026-10-09 16:32:01.552] [svulkan2] [error] OIDN Error: invalid handle
[2026-10-09 16:32:01.617] [svulkan2] [error] OIDN Error: invalid handle
[2026-10-09 16:32:01.617] [svulkan2] [error] OIDN Error: invalid handle
[2026-10-09 16:32:01.617] [svulkan2] [error] OIDN Error: invalid handle
[2026-10-09 16:32:01.617] [svulkan2] [error] OIDN Error: invalid handle
[2026-10-09 16:32:01.682] [svulkan2] [error] OIDN Error: invalid handle
[2026-10-09 16:32:01.683] [svulkan2] [error] OIDN Error: invalid handle
[2026-10-09 16:32:01.683] [svulkan2] [error] OIDN Error: invalid handle
[2026-10-09 16:32:01.683] [svulkan2] [error] OIDN Error: invalid handle
[2026-10-09 16:32:01.749] [svulkan2] [error] OIDN Error: invalid handle
[2026-10-09 16:32:01.749] [svulkan2] [error] OIDN Error: invalid handle
[2026-10-09 16:32:01.749] [svulkan2] [error] OIDN Error: invalid handle
[2026-10-09 16:32:01.749] [svulkan2] [error] OIDN Error: invalid handle
[2026-10-09 16:32:01.815] [svulkan2] [error] OIDN Error: invalid handle
[2026-10-09 16:32:01.815] [svulkan2] [error] OIDN Error: invalid handle
[2026-10-09 16:32:01.815] [svulkan2] [error] OIDN Error: invalid handle
[2026-10-09 16:32:01.815] [svulkan2] [error] OIDN Error: invalid handle
[2026-10-09 16:32:01.881] [svulkan2] [error] OIDN Error: invalid handle
[2026-10-09 16:32:01.881] [svulkan2] [error] OIDN Error: invalid handle
[2026-10-09 16:32:01.881] [svulkan2] [error] OIDN Error: invalid handle
[2026-10-09 16:32:01.881] [svulkan2] [error] OIDN Error: invalid handle
[2026-10-09 16:32:01.944] [svulkan2] [error] OIDN Error: invalid handle
[2026-10-09 16:32:01.944] [svulkan2] [error] OIDN Error: invalid handle
[2026-10-09 16:32:01.944] [svulkan2] [error] OIDN Error: invalid handle
[2026-10-09 16:32:01.944] [svulkan2] [error] OIDN Error: invalid handle
step: [92m29 / 400[0m{"attempt": 1, "decision": 28, "id": 29, "motions": 29, "left": "pos [-0.217, 0.004, 0.977] quat [0.0, -0.71, 0.0, 0.71] grip 0.00", "right": "pos [-0.008, -0.009, 0.965] quat [0.0, -0.71, 0.0, 0.71] grip 0.00", "planner": {"left": "Success", "right": "Fail"}, "success": false, "calls_total": 29, "latency_s": 15.16}
[2026-10-09 16:32:29.423] [svulkan2] [error] OIDN Error: invalid handle
[2026-10-09 16:32:29.423] [svulkan2] [error] OIDN Error: invalid handle
[2026-10-09 16:32:29.423] [svulkan2] [error] OIDN Error: invalid handle
[2026-10-09 16:32:29.423] [svulkan2] [error] OIDN Error: invalid handle
[2026-10-09 16:32:29.489] [svulkan2] [error] OIDN Error: invalid handle
[2026-10-09 16:32:29.490] [svulkan2] [error] OIDN Error: invalid handle
[2026-10-09 16:32:29.490] [svulkan2] [error] OIDN Error: invalid handle
[2026-10-09 16:32:29.490] [svulkan2] [error] OIDN Error: invalid handle
[2026-10-09 16:32:29.560] [svulkan2] [error] OIDN Error: invalid handle
[2026-10-09 16:32:29.560] [svulkan2] [error] OIDN Error: invalid handle
[2026-10-09 16:32:29.560] [svulkan2] [error] OIDN Error: invalid handle
[2026-10-09 16:32:29.560] [svulkan2] [error] OIDN Error: invalid handle
[2026-10-09 16:32:29.626] [svulkan2] [error] OIDN Error: invalid handle
[2026-10-09 16:32:29.626] [svulkan2] [error] OIDN Error: invalid handle
[2026-10-09 16:32:29.626] [svulkan2] [error] OIDN Error: invalid handle
[2026-10-09 16:32:29.626] [svulkan2] [error] OIDN Error: invalid handle
[2026-10-09 16:32:29.692] [svulkan2] [error] OIDN Error: invalid handle
[2026-10-09 16:32:29.692] [svulkan2] [error] OIDN Error: invalid handle
[2026-10-09 16:32:29.693] [svulkan2] [error] OIDN Error: invalid handle
[2026-10-09 16:32:29.693] [svulkan2] [error] OIDN Error: invalid handle
[2026-10-09 16:32:29.758] [svulkan2] [error] OIDN Error: invalid handle
[2026-10-09 16:32:29.759] [svulkan2] [error] OIDN Error: invalid handle
[2026-10-09 16:32:29.759] [svulkan2] [error] OIDN Error: invalid handle
[2026-10-09 16:32:29.759] [svulkan2] [error] OIDN Error: invalid handle
[2026-10-09 16:32:29.824] [svulkan2] [error] OIDN Error: invalid handle
[2026-10-09 16:32:29.824] [svulkan2] [error] OIDN Error: invalid handle
[2026-10-09 16:32:29.824] [svulkan2] [error] OIDN Error: invalid handle
[2026-10-09 16:32:29.824] [svulkan2] [error] OIDN Error: invalid handle
[2026-10-09 16:32:29.890] [svulkan2] [error] OIDN Error: invalid handle
[2026-10-09 16:32:29.890] [svulkan2] [error] OIDN Error: invalid handle
[2026-10-09 16:32:29.890] [svulkan2] [error] OIDN Error: invalid handle
[2026-10-09 16:32:29.890] [svulkan2] [error] OIDN Error: invalid handle
[2026-10-09 16:32:29.955] [svulkan2] [error] OIDN Error: invalid handle
[2026-10-09 16:32:29.955] [svulkan2] [error] OIDN Error: invalid handle
[2026-10-09 16:32:29.955] [svulkan2] [error] OIDN Error: invalid handle
[2026-10-09 16:32:29.955] [svulkan2] [error] OIDN Error: invalid handle
[2026-10-09 16:32:30.019] [svulkan2] [error] OIDN Error: invalid handle
[2026-10-09 16:32:30.019] [svulkan2] [error] OIDN Error: invalid handle
[2026-10-09 16:32:30.019] [svulkan2] [error] OIDN Error: invalid handle
[2026-10-09 16:32:30.019] [svulkan2] [error] OIDN Error: invalid handle
[2026-10-09 16:32:30.084] [svulkan2] [error] OIDN Error: invalid handle
[2026-10-09 16:32:30.084] [svulkan2] [error] OIDN Error: invalid handle
[2026-10-09 16:32:30.084] [svulkan2] [error] OIDN Error: invalid handle
[2026-10-09 16:32:30.084] [svulkan2] [error] OIDN Error: invalid handle
[2026-10-09 16:32:30.149] [svulkan2] [error] OIDN Error: invalid handle
[2026-10-09 16:32:30.149] [svulkan2] [error] OIDN Error: invalid handle
[2026-10-09 16:32:30.149] [svulkan2] [error] OIDN Error: invalid handle
[2026-10-09 16:32:30.149] [svulkan2] [error] OIDN Error: invalid handle
[2026-10-09 16:32:30.214] [svulkan2] [error] OIDN Error: invalid handle
[2026-10-09 16:32:30.214] [svulkan2] [error] OIDN Error: invalid handle
[2026-10-09 16:32:30.215] [svulkan2] [error] OIDN Error: invalid handle
[2026-10-09 16:32:30.215] [svulkan2] [error] OIDN Error: invalid handle
[2026-10-09 16:32:30.283] [svulkan2] [error] OIDN Error: invalid handle
[2026-10-09 16:32:30.284] [svulkan2] [error] OIDN Error: invalid handle
[2026-10-09 16:32:30.284] [svulkan2] [error] OIDN Error: invalid handle
[2026-10-09 16:32:30.284] [svulkan2] [error] OIDN Error: invalid handle
[2026-10-09 16:32:30.349] [svulkan2] [error] OIDN Error: invalid handle
[2026-10-09 16:32:30.349] [svulkan2] [error] OIDN Error: invalid handle
[2026-10-09 16:32:30.349] [svulkan2] [error] OIDN Error: invalid handle
[2026-10-09 16:32:30.349] [svulkan2] [error] OIDN Error: invalid handle
[2026-10-09 16:32:30.415] [svulkan2] [error] OIDN Error: invalid handle
[2026-10-09 16:32:30.415] [svulkan2] [error] OIDN Error: invalid handle
[2026-10-09 16:32:30.415] [svulkan2] [error] OIDN Error: invalid handle
[2026-10-09 16:32:30.415] [svulkan2] [error] OIDN Error: invalid handle
[2026-10-09 16:32:30.479] [svulkan2] [error] OIDN Error: invalid handle
[2026-10-09 16:32:30.479] [svulkan2] [error] OIDN Error: invalid handle
[2026-10-09 16:32:30.479] [svulkan2] [error] OIDN Error: invalid handle
[2026-10-09 16:32:30.479] [svulkan2] [error] OIDN Error: invalid handle
[2026-10-09 16:32:30.544] [svulkan2] [error] OIDN Error: invalid handle
[2026-10-09 16:32:30.544] [svulkan2] [error] OIDN Error: invalid handle
[2026-10-09 16:32:30.544] [svulkan2] [error] OIDN Error: invalid handle
[2026-10-09 16:32:30.544] [svulkan2] [error] OIDN Error: invalid handle
[2026-10-09 16:32:30.608] [svulkan2] [error] OIDN Error: invalid handle
[2026-10-09 16:32:30.608] [svulkan2] [error] OIDN Error: invalid handle
[2026-10-09 16:32:30.608] [svulkan2] [error] OIDN Error: invalid handle
[2026-10-09 16:32:30.608] [svulkan2] [error] OIDN Error: invalid handle
[2026-10-09 16:32:30.672] [svulkan2] [error] OIDN Error: invalid handle
[2026-10-09 16:32:30.672] [svulkan2] [error] OIDN Error: invalid handle
[2026-10-09 16:32:30.672] [svulkan2] [error] OIDN Error: invalid handle
[2026-10-09 16:32:30.672] [svulkan2] [error] OIDN Error: invalid handle
[2026-10-09 16:32:30.738] [svulkan2] [error] OIDN Error: invalid handle
[2026-10-09 16:32:30.738] [svulkan2] [error] OIDN Error: invalid handle
[2026-10-09 16:32:30.738] [svulkan2] [error] OIDN Error: invalid handle
[2026-10-09 16:32:30.738] [svulkan2] [error] OIDN Error: invalid handle
[2026-10-09 16:32:30.801] [svulkan2] [error] OIDN Error: invalid handle
[2026-10-09 16:32:30.801] [svulkan2] [error] OIDN Error: invalid handle
[2026-10-09 16:32:30.801] [svulkan2] [error] OIDN Error: invalid handle
[2026-10-09 16:32:30.801] [svulkan2] [error] OIDN Error: invalid handle
[2026-10-09 16:32:30.864] [svulkan2] [error] OIDN Error: invalid handle
[2026-10-09 16:32:30.864] [svulkan2] [error] OIDN Error: invalid handle
[2026-10-09 16:32:30.864] [svulkan2] [error] OIDN Error: invalid handle
[2026-10-09 16:32:30.864] [svulkan2] [error] OIDN Error: invalid handle
[2026-10-09 16:32:30.926] [svulkan2] [error] OIDN Error: invalid handle
[2026-10-09 16:32:30.926] [svulkan2] [error] OIDN Error: invalid handle
[2026-10-09 16:32:30.926] [svulkan2] [error] OIDN Error: invalid handle
[2026-10-09 16:32:30.926] [svulkan2] [error] OIDN Error: invalid handle
[2026-10-09 16:32:30.989] [svulkan2] [error] OIDN Error: invalid handle
[2026-10-09 16:32:30.989] [svulkan2] [error] OIDN Error: invalid handle
[2026-10-09 16:32:30.989] [svulkan2] [error] OIDN Error: invalid handle
[2026-10-09 16:32:30.989] [svulkan2] [error] OIDN Error: invalid handle
[2026-10-09 16:32:31.052] [svulkan2] [error] OIDN Error: invalid handle
[2026-10-09 16:32:31.052] [svulkan2] [error] OIDN Error: invalid handle
[2026-10-09 16:32:31.052] [svulkan2] [error] OIDN Error: invalid handle
[2026-10-09 16:32:31.052] [svulkan2] [error] OIDN Error: invalid handle
[2026-10-09 16:32:31.114] [svulkan2] [error] OIDN Error: invalid handle
[2026-10-09 16:32:31.116] [svulkan2] [error] OIDN Error: invalid handle
[2026-10-09 16:32:31.116] [svulkan2] [error] OIDN Error: invalid handle
[2026-10-09 16:32:31.116] [svulkan2] [error] OIDN Error: invalid handle
[2026-10-09 16:32:31.177] [svulkan2] [error] OIDN Error: invalid handle
[2026-10-09 16:32:31.177] [svulkan2] [error] OIDN Error: invalid handle
[2026-10-09 16:32:31.177] [svulkan2] [error] OIDN Error: invalid handle
[2026-10-09 16:32:31.177] [svulkan2] [error] OIDN Error: invalid handle
[2026-10-09 16:32:31.239] [svulkan2] [error] OIDN Error: invalid handle
[2026-10-09 16:32:31.239] [svulkan2] [error] OIDN Error: invalid handle
[2026-10-09 16:32:31.239] [svulkan2] [error] OIDN Error: invalid handle
[2026-10-09 16:32:31.239] [svulkan2] [error] OIDN Error: invalid handle
[2026-10-09 16:32:31.308] [svulkan2] [error] OIDN Error: invalid handle
[2026-10-09 16:32:31.308] [svulkan2] [error] OIDN Error: invalid handle
[2026-10-09 16:32:31.308] [svulkan2] [error] OIDN Error: invalid handle
[2026-10-09 16:32:31.308] [svulkan2] [error] OIDN Error: invalid handle
[2026-10-09 16:32:31.369] [svulkan2] [error] OIDN Error: invalid handle
[2026-10-09 16:32:31.369] [svulkan2] [error] OIDN Error: invalid handle
[2026-10-09 16:32:31.369] [svulkan2] [error] OIDN Error: invalid handle
[2026-10-09 16:32:31.369] [svulkan2] [error] OIDN Error: invalid handle
[2026-10-09 16:32:31.431] [svulkan2] [error] OIDN Error: invalid handle
[2026-10-09 16:32:31.431] [svulkan2] [error] OIDN Error: invalid handle
[2026-10-09 16:32:31.431] [svulkan2] [error] OIDN Error: invalid handle
[2026-10-09 16:32:31.431] [svulkan2] [error] OIDN Error: invalid handle
[2026-10-09 16:32:31.489] [svulkan2] [error] OIDN Error: invalid handle
[2026-10-09 16:32:31.489] [svulkan2] [error] OIDN Error: invalid handle
[2026-10-09 16:32:31.489] [svulkan2] [error] OIDN Error: invalid handle
[2026-10-09 16:32:31.489] [svulkan2] [error] OIDN Error: invalid handle
step: [92m30 / 400[0m{"attempt": 1, "decision": 29, "id": 30, "motions": 30, "left": "hold grip 0.00", "right": "pos [0.012, 0.004, 0.96] quat [0.0, -0.54, 0.0, 0.84] grip 1.00", "planner": {"left": "hold", "right": "Success"}, "success": false, "calls_total": 30, "latency_s": 26.83}
[2026-10-09 16:32:52.123] [svulkan2] [error] OIDN Error: invalid handle
[2026-10-09 16:32:52.123] [svulkan2] [error] OIDN Error: invalid handle
[2026-10-09 16:32:52.123] [svulkan2] [error] OIDN Error: invalid handle
[2026-10-09 16:32:52.123] [svulkan2] [error] OIDN Error: invalid handle
[2026-10-09 16:32:52.185] [svulkan2] [error] OIDN Error: invalid handle
[2026-10-09 16:32:52.185] [svulkan2] [error] OIDN Error: invalid handle
[2026-10-09 16:32:52.186] [svulkan2] [error] OIDN Error: invalid handle
[2026-10-09 16:32:52.186] [svulkan2] [error] OIDN Error: invalid handle
[2026-10-09 16:32:52.247] [svulkan2] [error] OIDN Error: invalid handle
[2026-10-09 16:32:52.247] [svulkan2] [error] OIDN Error: invalid handle
[2026-10-09 16:32:52.247] [svulkan2] [error] OIDN Error: invalid handle
[2026-10-09 16:32:52.247] [svulkan2] [error] OIDN Error: invalid handle
[2026-10-09 16:32:52.309] [svulkan2] [error] OIDN Error: invalid handle
[2026-10-09 16:32:52.309] [svulkan2] [error] OIDN Error: invalid handle
[2026-10-09 16:32:52.309] [svulkan2] [error] OIDN Error: invalid handle
[2026-10-09 16:32:52.309] [svulkan2] [error] OIDN Error: invalid handle
[2026-10-09 16:32:52.371] [svulkan2] [error] OIDN Error: invalid handle
[2026-10-09 16:32:52.371] [svulkan2] [error] OIDN Error: invalid handle
[2026-10-09 16:32:52.371] [svulkan2] [error] OIDN Error: invalid handle
[2026-10-09 16:32:52.371] [svulkan2] [error] OIDN Error: invalid handle
[2026-10-09 16:32:52.434] [svulkan2] [error] OIDN Error: invalid handle
[2026-10-09 16:32:52.434] [svulkan2] [error] OIDN Error: invalid handle
[2026-10-09 16:32:52.434] [svulkan2] [error] OIDN Error: invalid handle
[2026-10-09 16:32:52.434] [svulkan2] [error] OIDN Error: invalid handle
[2026-10-09 16:32:52.495] [svulkan2] [error] OIDN Error: invalid handle
[2026-10-09 16:32:52.495] [svulkan2] [error] OIDN Error: invalid handle
[2026-10-09 16:32:52.495] [svulkan2] [error] OIDN Error: invalid handle
[2026-10-09 16:32:52.496] [svulkan2] [error] OIDN Error: invalid handle
[2026-10-09 16:32:52.557] [svulkan2] [error] OIDN Error: invalid handle
[2026-10-09 16:32:52.557] [svulkan2] [error] OIDN Error: invalid handle
[2026-10-09 16:32:52.558] [svulkan2] [error] OIDN Error: invalid handle
[2026-10-09 16:32:52.558] [svulkan2] [error] OIDN Error: invalid handle
[2026-10-09 16:32:52.620] [svulkan2] [error] OIDN Error: invalid handle
[2026-10-09 16:32:52.620] [svulkan2] [error] OIDN Error: invalid handle
[2026-10-09 16:32:52.620] [svulkan2] [error] OIDN Error: invalid handle
[2026-10-09 16:32:52.620] [svulkan2] [error] OIDN Error: invalid handle
[2026-10-09 16:32:52.682] [svulkan2] [error] OIDN Error: invalid handle
[2026-10-09 16:32:52.682] [svulkan2] [error] OIDN Error: invalid handle
[2026-10-09 16:32:52.682] [svulkan2] [error] OIDN Error: invalid handle
[2026-10-09 16:32:52.682] [svulkan2] [error] OIDN Error: invalid handle
[2026-10-09 16:32:52.744] [svulkan2] [error] OIDN Error: invalid handle
[2026-10-09 16:32:52.744] [svulkan2] [error] OIDN Error: invalid handle
[2026-10-09 16:32:52.744] [svulkan2] [error] OIDN Error: invalid handle
[2026-10-09 16:32:52.744] [svulkan2] [error] OIDN Error: invalid handle
[2026-10-09 16:32:52.806] [svulkan2] [error] OIDN Error: invalid handle
[2026-10-09 16:32:52.806] [svulkan2] [error] OIDN Error: invalid handle
[2026-10-09 16:32:52.806] [svulkan2] [error] OIDN Error: invalid handle
[2026-10-09 16:32:52.806] [svulkan2] [error] OIDN Error: invalid handle
[2026-10-09 16:32:52.868] [svulkan2] [error] OIDN Error: invalid handle
[2026-10-09 16:32:52.868] [svulkan2] [error] OIDN Error: invalid handle
[2026-10-09 16:32:52.868] [svulkan2] [error] OIDN Error: invalid handle
[2026-10-09 16:32:52.868] [svulkan2] [error] OIDN Error: invalid handle
[2026-10-09 16:32:52.930] [svulkan2] [error] OIDN Error: invalid handle
[2026-10-09 16:32:52.930] [svulkan2] [error] OIDN Error: invalid handle
[2026-10-09 16:32:52.930] [svulkan2] [error] OIDN Error: invalid handle
[2026-10-09 16:32:52.930] [svulkan2] [error] OIDN Error: invalid handle
[2026-10-09 16:32:52.993] [svulkan2] [error] OIDN Error: invalid handle
[2026-10-09 16:32:52.993] [svulkan2] [error] OIDN Error: invalid handle
[2026-10-09 16:32:52.993] [svulkan2] [error] OIDN Error: invalid handle
[2026-10-09 16:32:52.993] [svulkan2] [error] OIDN Error: invalid handle
[2026-10-09 16:32:53.055] [svulkan2] [error] OIDN Error: invalid handle
[2026-10-09 16:32:53.055] [svulkan2] [error] OIDN Error: invalid handle
[2026-10-09 16:32:53.055] [svulkan2] [error] OIDN Error: invalid handle
[2026-10-09 16:32:53.055] [svulkan2] [error] OIDN Error: invalid handle
[2026-10-09 16:32:53.114] [svulkan2] [error] OIDN Error: invalid handle
[2026-10-09 16:32:53.115] [svulkan2] [error] OIDN Error: invalid handle
[2026-10-09 16:32:53.115] [svulkan2] [error] OIDN Error: invalid handle
[2026-10-09 16:32:53.115] [svulkan2] [error] OIDN Error: invalid handle
step: [92m31 / 400[0m{"attempt": 1, "decision": 30, "id": 31, "motions": 31, "left": "pos [-0.233, 0.004, 0.947] quat [0.0, -0.71, 0.0, 0.71] grip 1.00", "right": "hold grip 0.00", "planner": {"left": "Success", "right": "hold"}, "success": false, "calls_total": 31, "latency_s": 19.98}
[2026-10-09 16:33:17.622] [svulkan2] [error] OIDN Error: invalid handle
[2026-10-09 16:33:17.622] [svulkan2] [error] OIDN Error: invalid handle
[2026-10-09 16:33:17.622] [svulkan2] [error] OIDN Error: invalid handle
[2026-10-09 16:33:17.622] [svulkan2] [error] OIDN Error: invalid handle
[2026-10-09 16:33:17.684] [svulkan2] [error] OIDN Error: invalid handle
[2026-10-09 16:33:17.685] [svulkan2] [error] OIDN Error: invalid handle
[2026-10-09 16:33:17.685] [svulkan2] [error] OIDN Error: invalid handle
[2026-10-09 16:33:17.685] [svulkan2] [error] OIDN Error: invalid handle
[2026-10-09 16:33:17.745] [svulkan2] [error] OIDN Error: invalid handle
[2026-10-09 16:33:17.745] [svulkan2] [error] OIDN Error: invalid handle
[2026-10-09 16:33:17.745] [svulkan2] [error] OIDN Error: invalid handle
[2026-10-09 16:33:17.745] [svulkan2] [error] OIDN Error: invalid handle
[2026-10-09 16:33:17.807] [svulkan2] [error] OIDN Error: invalid handle
[2026-10-09 16:33:17.807] [svulkan2] [error] OIDN Error: invalid handle
[2026-10-09 16:33:17.807] [svulkan2] [error] OIDN Error: invalid handle
[2026-10-09 16:33:17.807] [svulkan2] [error] OIDN Error: invalid handle
[2026-10-09 16:33:17.867] [svulkan2] [error] OIDN Error: invalid handle
[2026-10-09 16:33:17.868] [svulkan2] [error] OIDN Error: invalid handle
[2026-10-09 16:33:17.868] [svulkan2] [error] OIDN Error: invalid handle
[2026-10-09 16:33:17.868] [svulkan2] [error] OIDN Error: invalid handle
[2026-10-09 16:33:17.928] [svulkan2] [error] OIDN Error: invalid handle
[2026-10-09 16:33:17.928] [svulkan2] [error] OIDN Error: invalid handle
[2026-10-09 16:33:17.928] [svulkan2] [error] OIDN Error: invalid handle
[2026-10-09 16:33:17.928] [svulkan2] [error] OIDN Error: invalid handle
[2026-10-09 16:33:17.988] [svulkan2] [error] OIDN Error: invalid handle
[2026-10-09 16:33:17.988] [svulkan2] [error] OIDN Error: invalid handle
[2026-10-09 16:33:17.988] [svulkan2] [error] OIDN Error: invalid handle
[2026-10-09 16:33:17.988] [svulkan2] [error] OIDN Error: invalid handle
[2026-10-09 16:33:18.050] [svulkan2] [error] OIDN Error: invalid handle
[2026-10-09 16:33:18.051] [svulkan2] [error] OIDN Error: invalid handle
[2026-10-09 16:33:18.051] [svulkan2] [error] OIDN Error: invalid handle
[2026-10-09 16:33:18.051] [svulkan2] [error] OIDN Error: invalid handle
[2026-10-09 16:33:18.111] [svulkan2] [error] OIDN Error: invalid handle
[2026-10-09 16:33:18.111] [svulkan2] [error] OIDN Error: invalid handle
[2026-10-09 16:33:18.112] [svulkan2] [error] OIDN Error: invalid handle
[2026-10-09 16:33:18.112] [svulkan2] [error] OIDN Error: invalid handle
[2026-10-09 16:33:18.172] [svulkan2] [error] OIDN Error: invalid handle
[2026-10-09 16:33:18.172] [svulkan2] [error] OIDN Error: invalid handle
[2026-10-09 16:33:18.172] [svulkan2] [error] OIDN Error: invalid handle
[2026-10-09 16:33:18.172] [svulkan2] [error] OIDN Error: invalid handle
[2026-10-09 16:33:18.230] [svulkan2] [error] OIDN Error: invalid handle
[2026-10-09 16:33:18.230] [svulkan2] [error] OIDN Error: invalid handle
[2026-10-09 16:33:18.230] [svulkan2] [error] OIDN Error: invalid handle
[2026-10-09 16:33:18.231] [svulkan2] [error] OIDN Error: invalid handle
[2026-10-09 16:33:18.289] [svulkan2] [error] OIDN Error: invalid handle
[2026-10-09 16:33:18.289] [svulkan2] [error] OIDN Error: invalid handle
[2026-10-09 16:33:18.289] [svulkan2] [error] OIDN Error: invalid handle
[2026-10-09 16:33:18.289] [svulkan2] [error] OIDN Error: invalid handle
[2026-10-09 16:33:18.350] [svulkan2] [error] OIDN Error: invalid handle
[2026-10-09 16:33:18.350] [svulkan2] [error] OIDN Error: invalid handle
[2026-10-09 16:33:18.350] [svulkan2] [error] OIDN Error: invalid handle
[2026-10-09 16:33:18.350] [svulkan2] [error] OIDN Error: invalid handle
[2026-10-09 16:33:18.404] [svulkan2] [error] OIDN Error: invalid handle
[2026-10-09 16:33:18.404] [svulkan2] [error] OIDN Error: invalid handle
[2026-10-09 16:33:18.404] [svulkan2] [error] OIDN Error: invalid handle
[2026-10-09 16:33:18.404] [svulkan2] [error] OIDN Error: invalid handle
step: [92m32 / 400[0m{"attempt": 1, "decision": 31, "id": 32, "motions": 32, "left": "pos [-0.251, 0.012, 0.951] quat [0.0, -0.71, 0.0, 0.71] grip 1.00", "right": "hold grip 0.00", "planner": {"left": "Success", "right": "hold"}, "success": false, "calls_total": 32, "latency_s": 23.88}
[2026-10-09 16:33:42.851] [svulkan2] [error] OIDN Error: invalid handle
[2026-10-09 16:33:42.851] [svulkan2] [error] OIDN Error: invalid handle
[2026-10-09 16:33:42.851] [svulkan2] [error] OIDN Error: invalid handle
[2026-10-09 16:33:42.851] [svulkan2] [error] OIDN Error: invalid handle
[2026-10-09 16:33:42.909] [svulkan2] [error] OIDN Error: invalid handle
[2026-10-09 16:33:42.909] [svulkan2] [error] OIDN Error: invalid handle
[2026-10-09 16:33:42.909] [svulkan2] [error] OIDN Error: invalid handle
[2026-10-09 16:33:42.910] [svulkan2] [error] OIDN Error: invalid handle
[2026-10-09 16:33:42.968] [svulkan2] [error] OIDN Error: invalid handle
[2026-10-09 16:33:42.968] [svulkan2] [error] OIDN Error: invalid handle
[2026-10-09 16:33:42.968] [svulkan2] [error] OIDN Error: invalid handle
[2026-10-09 16:33:42.968] [svulkan2] [error] OIDN Error: invalid handle
[2026-10-09 16:33:43.026] [svulkan2] [error] OIDN Error: invalid handle
[2026-10-09 16:33:43.026] [svulkan2] [error] OIDN Error: invalid handle
[2026-10-09 16:33:43.026] [svulkan2] [error] OIDN Error: invalid handle
[2026-10-09 16:33:43.026] [svulkan2] [error] OIDN Error: invalid handle
[2026-10-09 16:33:43.085] [svulkan2] [error] OIDN Error: invalid handle
[2026-10-09 16:33:43.085] [svulkan2] [error] OIDN Error: invalid handle
[2026-10-09 16:33:43.085] [svulkan2] [error] OIDN Error: invalid handle
[2026-10-09 16:33:43.085] [svulkan2] [error] OIDN Error: invalid handle
[2026-10-09 16:33:43.144] [svulkan2] [error] OIDN Error: invalid handle
[2026-10-09 16:33:43.144] [svulkan2] [error] OIDN Error: invalid handle
[2026-10-09 16:33:43.144] [svulkan2] [error] OIDN Error: invalid handle
[2026-10-09 16:33:43.144] [svulkan2] [error] OIDN Error: invalid handle
[2026-10-09 16:33:43.202] [svulkan2] [error] OIDN Error: invalid handle
[2026-10-09 16:33:43.202] [svulkan2] [error] OIDN Error: invalid handle
[2026-10-09 16:33:43.202] [svulkan2] [error] OIDN Error: invalid handle
[2026-10-09 16:33:43.202] [svulkan2] [error] OIDN Error: invalid handle
[2026-10-09 16:33:43.261] [svulkan2] [error] OIDN Error: invalid handle
[2026-10-09 16:33:43.262] [svulkan2] [error] OIDN Error: invalid handle
[2026-10-09 16:33:43.262] [svulkan2] [error] OIDN Error: invalid handle
[2026-10-09 16:33:43.262] [svulkan2] [error] OIDN Error: invalid handle
[2026-10-09 16:33:43.321] [svulkan2] [error] OIDN Error: invalid handle
[2026-10-09 16:33:43.321] [svulkan2] [error] OIDN Error: invalid handle
[2026-10-09 16:33:43.321] [svulkan2] [error] OIDN Error: invalid handle
[2026-10-09 16:33:43.321] [svulkan2] [error] OIDN Error: invalid handle
[2026-10-09 16:33:43.382] [svulkan2] [error] OIDN Error: invalid handle
[2026-10-09 16:33:43.382] [svulkan2] [error] OIDN Error: invalid handle
[2026-10-09 16:33:43.382] [svulkan2] [error] OIDN Error: invalid handle
[2026-10-09 16:33:43.382] [svulkan2] [error] OIDN Error: invalid handle
[2026-10-09 16:33:43.441] [svulkan2] [error] OIDN Error: invalid handle
[2026-10-09 16:33:43.441] [svulkan2] [error] OIDN Error: invalid handle
[2026-10-09 16:33:43.441] [svulkan2] [error] OIDN Error: invalid handle
[2026-10-09 16:33:43.441] [svulkan2] [error] OIDN Error: invalid handle
[2026-10-09 16:33:43.501] [svulkan2] [error] OIDN Error: invalid handle
[2026-10-09 16:33:43.501] [svulkan2] [error] OIDN Error: invalid handle
[2026-10-09 16:33:43.501] [svulkan2] [error] OIDN Error: invalid handle
[2026-10-09 16:33:43.501] [svulkan2] [error] OIDN Error: invalid handle
[2026-10-09 16:33:43.563] [svulkan2] [error] OIDN Error: invalid handle
[2026-10-09 16:33:43.563] [svulkan2] [error] OIDN Error: invalid handle
[2026-10-09 16:33:43.563] [svulkan2] [error] OIDN Error: invalid handle
[2026-10-09 16:33:43.563] [svulkan2] [error] OIDN Error: invalid handle
[2026-10-09 16:33:43.627] [svulkan2] [error] OIDN Error: invalid handle
[2026-10-09 16:33:43.627] [svulkan2] [error] OIDN Error: invalid handle
[2026-10-09 16:33:43.627] [svulkan2] [error] OIDN Error: invalid handle
[2026-10-09 16:33:43.627] [svulkan2] [error] OIDN Error: invalid handle
[2026-10-09 16:33:43.692] [svulkan2] [error] OIDN Error: invalid handle
[2026-10-09 16:33:43.692] [svulkan2] [error] OIDN Error: invalid handle
[2026-10-09 16:33:43.692] [svulkan2] [error] OIDN Error: invalid handle
[2026-10-09 16:33:43.692] [svulkan2] [error] OIDN Error: invalid handle
[2026-10-09 16:33:43.757] [svulkan2] [error] OIDN Error: invalid handle
[2026-10-09 16:33:43.757] [svulkan2] [error] OIDN Error: invalid handle
[2026-10-09 16:33:43.757] [svulkan2] [error] OIDN Error: invalid handle
[2026-10-09 16:33:43.757] [svulkan2] [error] OIDN Error: invalid handle
[2026-10-09 16:33:43.820] [svulkan2] [error] OIDN Error: invalid handle
[2026-10-09 16:33:43.821] [svulkan2] [error] OIDN Error: invalid handle
[2026-10-09 16:33:43.821] [svulkan2] [error] OIDN Error: invalid handle
[2026-10-09 16:33:43.821] [svulkan2] [error] OIDN Error: invalid handle
[2026-10-09 16:33:43.885] [svulkan2] [error] OIDN Error: invalid handle
[2026-10-09 16:33:43.885] [svulkan2] [error] OIDN Error: invalid handle
[2026-10-09 16:33:43.885] [svulkan2] [error] OIDN Error: invalid handle
[2026-10-09 16:33:43.885] [svulkan2] [error] OIDN Error: invalid handle
[2026-10-09 16:33:43.948] [svulkan2] [error] OIDN Error: invalid handle
[2026-10-09 16:33:43.949] [svulkan2] [error] OIDN Error: invalid handle
[2026-10-09 16:33:43.949] [svulkan2] [error] OIDN Error: invalid handle
[2026-10-09 16:33:43.949] [svulkan2] [error] OIDN Error: invalid handle
[2026-10-09 16:33:44.012] [svulkan2] [error] OIDN Error: invalid handle
[2026-10-09 16:33:44.012] [svulkan2] [error] OIDN Error: invalid handle
[2026-10-09 16:33:44.012] [svulkan2] [error] OIDN Error: invalid handle
[2026-10-09 16:33:44.012] [svulkan2] [error] OIDN Error: invalid handle
[2026-10-09 16:33:44.076] [svulkan2] [error] OIDN Error: invalid handle
[2026-10-09 16:33:44.076] [svulkan2] [error] OIDN Error: invalid handle
[2026-10-09 16:33:44.076] [svulkan2] [error] OIDN Error: invalid handle
[2026-10-09 16:33:44.076] [svulkan2] [error] OIDN Error: invalid handle
[2026-10-09 16:33:44.140] [svulkan2] [error] OIDN Error: invalid handle
[2026-10-09 16:33:44.140] [svulkan2] [error] OIDN Error: invalid handle
[2026-10-09 16:33:44.140] [svulkan2] [error] OIDN Error: invalid handle
[2026-10-09 16:33:44.140] [svulkan2] [error] OIDN Error: invalid handle
[2026-10-09 16:33:44.205] [svulkan2] [error] OIDN Error: invalid handle
[2026-10-09 16:33:44.205] [svulkan2] [error] OIDN Error: invalid handle
[2026-10-09 16:33:44.205] [svulkan2] [error] OIDN Error: invalid handle
[2026-10-09 16:33:44.205] [svulkan2] [error] OIDN Error: invalid handle
[2026-10-09 16:33:44.271] [svulkan2] [error] OIDN Error: invalid handle
[2026-10-09 16:33:44.271] [svulkan2] [error] OIDN Error: invalid handle
[2026-10-09 16:33:44.271] [svulkan2] [error] OIDN Error: invalid handle
[2026-10-09 16:33:44.271] [svulkan2] [error] OIDN Error: invalid handle
[2026-10-09 16:33:44.335] [svulkan2] [error] OIDN Error: invalid handle
[2026-10-09 16:33:44.335] [svulkan2] [error] OIDN Error: invalid handle
[2026-10-09 16:33:44.335] [svulkan2] [error] OIDN Error: invalid handle
[2026-10-09 16:33:44.335] [svulkan2] [error] OIDN Error: invalid handle
[2026-10-09 16:33:44.399] [svulkan2] [error] OIDN Error: invalid handle
[2026-10-09 16:33:44.399] [svulkan2] [error] OIDN Error: invalid handle
[2026-10-09 16:33:44.408] [svulkan2] [error] OIDN Error: invalid handle
[2026-10-09 16:33:44.408] [svulkan2] [error] OIDN Error: invalid handle
[2026-10-09 16:33:44.463] [svulkan2] [error] OIDN Error: invalid handle
[2026-10-09 16:33:44.463] [svulkan2] [error] OIDN Error: invalid handle
[2026-10-09 16:33:44.463] [svulkan2] [error] OIDN Error: invalid handle
[2026-10-09 16:33:44.463] [svulkan2] [error] OIDN Error: invalid handle
[2026-10-09 16:33:44.527] [svulkan2] [error] OIDN Error: invalid handle
[2026-10-09 16:33:44.527] [svulkan2] [error] OIDN Error: invalid handle
[2026-10-09 16:33:44.527] [svulkan2] [error] OIDN Error: invalid handle
[2026-10-09 16:33:44.527] [svulkan2] [error] OIDN Error: invalid handle
step: [92m33 / 400[0m{"attempt": 1, "decision": 32, "id": 33, "motions": 33, "left": "hold grip 0.00", "right": "pos [-0.005, 0.035, 0.965] quat [0.0, -0.42, 0.0, 0.91] grip 1.00", "planner": {"left": "hold", "right": "Success"}, "success": false, "calls_total": 33, "latency_s": 23.82}
[2026-10-09 16:34:08.753] [svulkan2] [error] OIDN Error: invalid handle
[2026-10-09 16:34:08.753] [svulkan2] [error] OIDN Error: invalid handle
[2026-10-09 16:34:08.753] [svulkan2] [error] OIDN Error: invalid handle
[2026-10-09 16:34:08.753] [svulkan2] [error] OIDN Error: invalid handle
[2026-10-09 16:34:08.817] [svulkan2] [error] OIDN Error: invalid handle
[2026-10-09 16:34:08.817] [svulkan2] [error] OIDN Error: invalid handle
[2026-10-09 16:34:08.817] [svulkan2] [error] OIDN Error: invalid handle
[2026-10-09 16:34:08.817] [svulkan2] [error] OIDN Error: invalid handle
[2026-10-09 16:34:08.881] [svulkan2] [error] OIDN Error: invalid handle
[2026-10-09 16:34:08.881] [svulkan2] [error] OIDN Error: invalid handle
[2026-10-09 16:34:08.881] [svulkan2] [error] OIDN Error: invalid handle
[2026-10-09 16:34:08.881] [svulkan2] [error] OIDN Error: invalid handle
[2026-10-09 16:34:08.944] [svulkan2] [error] OIDN Error: invalid handle
[2026-10-09 16:34:08.944] [svulkan2] [error] OIDN Error: invalid handle
[2026-10-09 16:34:08.944] [svulkan2] [error] OIDN Error: invalid handle
[2026-10-09 16:34:08.944] [svulkan2] [error] OIDN Error: invalid handle
[2026-10-09 16:34:09.008] [svulkan2] [error] OIDN Error: invalid handle
[2026-10-09 16:34:09.008] [svulkan2] [error] OIDN Error: invalid handle
[2026-10-09 16:34:09.008] [svulkan2] [error] OIDN Error: invalid handle
[2026-10-09 16:34:09.008] [svulkan2] [error] OIDN Error: invalid handle
[2026-10-09 16:34:09.072] [svulkan2] [error] OIDN Error: invalid handle
[2026-10-09 16:34:09.072] [svulkan2] [error] OIDN Error: invalid handle
[2026-10-09 16:34:09.072] [svulkan2] [error] OIDN Error: invalid handle
[2026-10-09 16:34:09.072] [svulkan2] [error] OIDN Error: invalid handle
[2026-10-09 16:34:09.137] [svulkan2] [error] OIDN Error: invalid handle
[2026-10-09 16:34:09.137] [svulkan2] [error] OIDN Error: invalid handle
[2026-10-09 16:34:09.137] [svulkan2] [error] OIDN Error: invalid handle
[2026-10-09 16:34:09.137] [svulkan2] [error] OIDN Error: invalid handle
step: [92m34 / 400[0m{"attempt": 1, "decision": 33, "id": 34, "motions": 34, "left": "hold grip 0.00", "right": "pos [-0.045, 0.105, 0.986] quat [0.0, -0.42, 0.0, 0.91] grip 1.00", "planner": {"left": "hold", "right": "Fail"}, "success": false, "calls_total": 34, "latency_s": 23.57}
[2026-10-09 16:34:32.720] [svulkan2] [error] OIDN Error: invalid handle
[2026-10-09 16:34:32.721] [svulkan2] [error] OIDN Error: invalid handle
[2026-10-09 16:34:32.721] [svulkan2] [error] OIDN Error: invalid handle
[2026-10-09 16:34:32.721] [svulkan2] [error] OIDN Error: invalid handle
[2026-10-09 16:34:32.783] [svulkan2] [error] OIDN Error: invalid handle
[2026-10-09 16:34:32.783] [svulkan2] [error] OIDN Error: invalid handle
[2026-10-09 16:34:32.783] [svulkan2] [error] OIDN Error: invalid handle
[2026-10-09 16:34:32.783] [svulkan2] [error] OIDN Error: invalid handle
[2026-10-09 16:34:32.844] [svulkan2] [error] OIDN Error: invalid handle
[2026-10-09 16:34:32.844] [svulkan2] [error] OIDN Error: invalid handle
[2026-10-09 16:34:32.844] [svulkan2] [error] OIDN Error: invalid handle
[2026-10-09 16:34:32.844] [svulkan2] [error] OIDN Error: invalid handle
[2026-10-09 16:34:32.906] [svulkan2] [error] OIDN Error: invalid handle
[2026-10-09 16:34:32.906] [svulkan2] [error] OIDN Error: invalid handle
[2026-10-09 16:34:32.906] [svulkan2] [error] OIDN Error: invalid handle
[2026-10-09 16:34:32.906] [svulkan2] [error] OIDN Error: invalid handle
[2026-10-09 16:34:32.968] [svulkan2] [error] OIDN Error: invalid handle
[2026-10-09 16:34:32.968] [svulkan2] [error] OIDN Error: invalid handle
[2026-10-09 16:34:32.968] [svulkan2] [error] OIDN Error: invalid handle
[2026-10-09 16:34:32.968] [svulkan2] [error] OIDN Error: invalid handle
[2026-10-09 16:34:33.030] [svulkan2] [error] OIDN Error: invalid handle
[2026-10-09 16:34:33.031] [svulkan2] [error] OIDN Error: invalid handle
[2026-10-09 16:34:33.031] [svulkan2] [error] OIDN Error: invalid handle
[2026-10-09 16:34:33.031] [svulkan2] [error] OIDN Error: invalid handle
[2026-10-09 16:34:33.093] [svulkan2] [error] OIDN Error: invalid handle
[2026-10-09 16:34:33.094] [svulkan2] [error] OIDN Error: invalid handle
[2026-10-09 16:34:33.094] [svulkan2] [error] OIDN Error: invalid handle
[2026-10-09 16:34:33.094] [svulkan2] [error] OIDN Error: invalid handle
[2026-10-09 16:34:33.157] [svulkan2] [error] OIDN Error: invalid handle
[2026-10-09 16:34:33.157] [svulkan2] [error] OIDN Error: invalid handle
[2026-10-09 16:34:33.157] [svulkan2] [error] OIDN Error: invalid handle
[2026-10-09 16:34:33.157] [svulkan2] [error] OIDN Error: invalid handle
[2026-10-09 16:34:33.218] [svulkan2] [error] OIDN Error: invalid handle
[2026-10-09 16:34:33.219] [svulkan2] [error] OIDN Error: invalid handle
[2026-10-09 16:34:33.219] [svulkan2] [error] OIDN Error: invalid handle
[2026-10-09 16:34:33.219] [svulkan2] [error] OIDN Error: invalid handle
[2026-10-09 16:34:33.281] [svulkan2] [error] OIDN Error: invalid handle
[2026-10-09 16:34:33.281] [svulkan2] [error] OIDN Error: invalid handle
[2026-10-09 16:34:33.281] [svulkan2] [error] OIDN Error: invalid handle
[2026-10-09 16:34:33.281] [svulkan2] [error] OIDN Error: invalid handle
[2026-10-09 16:34:33.345] [svulkan2] [error] OIDN Error: invalid handle
[2026-10-09 16:34:33.345] [svulkan2] [error] OIDN Error: invalid handle
[2026-10-09 16:34:33.345] [svulkan2] [error] OIDN Error: invalid handle
[2026-10-09 16:34:33.345] [svulkan2] [error] OIDN Error: invalid handle
[2026-10-09 16:34:33.406] [svulkan2] [error] OIDN Error: invalid handle
[2026-10-09 16:34:33.406] [svulkan2] [error] OIDN Error: invalid handle
[2026-10-09 16:34:33.406] [svulkan2] [error] OIDN Error: invalid handle
[2026-10-09 16:34:33.406] [svulkan2] [error] OIDN Error: invalid handle
[2026-10-09 16:34:33.467] [svulkan2] [error] OIDN Error: invalid handle
[2026-10-09 16:34:33.468] [svulkan2] [error] OIDN Error: invalid handle
[2026-10-09 16:34:33.468] [svulkan2] [error] OIDN Error: invalid handle
[2026-10-09 16:34:33.468] [svulkan2] [error] OIDN Error: invalid handle
[2026-10-09 16:34:33.529] [svulkan2] [error] OIDN Error: invalid handle
[2026-10-09 16:34:33.529] [svulkan2] [error] OIDN Error: invalid handle
[2026-10-09 16:34:33.529] [svulkan2] [error] OIDN Error: invalid handle
[2026-10-09 16:34:33.529] [svulkan2] [error] OIDN Error: invalid handle
[2026-10-09 16:34:33.590] [svulkan2] [error] OIDN Error: invalid handle
[2026-10-09 16:34:33.590] [svulkan2] [error] OIDN Error: invalid handle
[2026-10-09 16:34:33.590] [svulkan2] [error] OIDN Error: invalid handle
[2026-10-09 16:34:33.590] [svulkan2] [error] OIDN Error: invalid handle
[2026-10-09 16:34:33.651] [svulkan2] [error] OIDN Error: invalid handle
[2026-10-09 16:34:33.651] [svulkan2] [error] OIDN Error: invalid handle
[2026-10-09 16:34:33.651] [svulkan2] [error] OIDN Error: invalid handle
[2026-10-09 16:34:33.651] [svulkan2] [error] OIDN Error: invalid handle
[2026-10-09 16:34:33.713] [svulkan2] [error] OIDN Error: invalid handle
[2026-10-09 16:34:33.713] [svulkan2] [error] OIDN Error: invalid handle
[2026-10-09 16:34:33.713] [svulkan2] [error] OIDN Error: invalid handle
[2026-10-09 16:34:33.713] [svulkan2] [error] OIDN Error: invalid handle
[2026-10-09 16:34:33.773] [svulkan2] [error] OIDN Error: invalid handle
[2026-10-09 16:34:33.773] [svulkan2] [error] OIDN Error: invalid handle
[2026-10-09 16:34:33.773] [svulkan2] [error] OIDN Error: invalid handle
[2026-10-09 16:34:33.773] [svulkan2] [error] OIDN Error: invalid handle
[2026-10-09 16:34:33.835] [svulkan2] [error] OIDN Error: invalid handle
[2026-10-09 16:34:33.835] [svulkan2] [error] OIDN Error: invalid handle
[2026-10-09 16:34:33.835] [svulkan2] [error] OIDN Error: invalid handle
[2026-10-09 16:34:33.835] [svulkan2] [error] OIDN Error: invalid handle
[2026-10-09 16:34:33.897] [svulkan2] [error] OIDN Error: invalid handle
[2026-10-09 16:34:33.897] [svulkan2] [error] OIDN Error: invalid handle
[2026-10-09 16:34:33.897] [svulkan2] [error] OIDN Error: invalid handle
[2026-10-09 16:34:33.897] [svulkan2] [error] OIDN Error: invalid handle
[2026-10-09 16:34:33.958] [svulkan2] [error] OIDN Error: invalid handle
[2026-10-09 16:34:33.958] [svulkan2] [error] OIDN Error: invalid handle
[2026-10-09 16:34:33.959] [svulkan2] [error] OIDN Error: invalid handle
[2026-10-09 16:34:33.959] [svulkan2] [error] OIDN Error: invalid handle
[2026-10-09 16:34:34.020] [svulkan2] [error] OIDN Error: invalid handle
[2026-10-09 16:34:34.020] [svulkan2] [error] OIDN Error: invalid handle
[2026-10-09 16:34:34.020] [svulkan2] [error] OIDN Error: invalid handle
[2026-10-09 16:34:34.020] [svulkan2] [error] OIDN Error: invalid handle
[2026-10-09 16:34:34.080] [svulkan2] [error] OIDN Error: invalid handle
[2026-10-09 16:34:34.080] [svulkan2] [error] OIDN Error: invalid handle
[2026-10-09 16:34:34.080] [svulkan2] [error] OIDN Error: invalid handle
[2026-10-09 16:34:34.080] [svulkan2] [error] OIDN Error: invalid handle
[2026-10-09 16:34:34.142] [svulkan2] [error] OIDN Error: invalid handle
[2026-10-09 16:34:34.142] [svulkan2] [error] OIDN Error: invalid handle
[2026-10-09 16:34:34.142] [svulkan2] [error] OIDN Error: invalid handle
[2026-10-09 16:34:34.142] [svulkan2] [error] OIDN Error: invalid handle
step: [92m35 / 400[0m{"attempt": 1, "decision": 34, "id": 35, "motions": 35, "left": "pos [-0.226, -0.035, 0.966] quat [0.0, -0.71, 0.0, 0.71] grip 1.00", "right": "pos [-0.015, 0.085, 0.98] quat [0.0, -0.3, 0.0, 0.95] grip 1.00", "planner": {"left": "Success", "right": "Fail"}, "success": false, "calls_total": 35, "latency_s": 22.9}
[2026-10-09 16:34:54.459] [svulkan2] [error] OIDN Error: invalid handle
[2026-10-09 16:34:54.459] [svulkan2] [error] OIDN Error: invalid handle
[2026-10-09 16:34:54.459] [svulkan2] [error] OIDN Error: invalid handle
[2026-10-09 16:34:54.459] [svulkan2] [error] OIDN Error: invalid handle
[2026-10-09 16:34:54.519] [svulkan2] [error] OIDN Error: invalid handle
[2026-10-09 16:34:54.519] [svulkan2] [error] OIDN Error: invalid handle
[2026-10-09 16:34:54.519] [svulkan2] [error] OIDN Error: invalid handle
[2026-10-09 16:34:54.519] [svulkan2] [error] OIDN Error: invalid handle
[2026-10-09 16:34:54.579] [svulkan2] [error] OIDN Error: invalid handle
[2026-10-09 16:34:54.579] [svulkan2] [error] OIDN Error: invalid handle
[2026-10-09 16:34:54.579] [svulkan2] [error] OIDN Error: invalid handle
[2026-10-09 16:34:54.579] [svulkan2] [error] OIDN Error: invalid handle
[2026-10-09 16:34:54.642] [svulkan2] [error] OIDN Error: invalid handle
[2026-10-09 16:34:54.642] [svulkan2] [error] OIDN Error: invalid handle
[2026-10-09 16:34:54.642] [svulkan2] [error] OIDN Error: invalid handle
[2026-10-09 16:34:54.642] [svulkan2] [error] OIDN Error: invalid handle
[2026-10-09 16:34:54.703] [svulkan2] [error] OIDN Error: invalid handle
[2026-10-09 16:34:54.703] [svulkan2] [error] OIDN Error: invalid handle
[2026-10-09 16:34:54.703] [svulkan2] [error] OIDN Error: invalid handle
[2026-10-09 16:34:54.703] [svulkan2] [error] OIDN Error: invalid handle
[2026-10-09 16:34:54.764] [svulkan2] [error] OIDN Error: invalid handle
[2026-10-09 16:34:54.764] [svulkan2] [error] OIDN Error: invalid handle
[2026-10-09 16:34:54.764] [svulkan2] [error] OIDN Error: invalid handle
[2026-10-09 16:34:54.764] [svulkan2] [error] OIDN Error: invalid handle
[2026-10-09 16:34:54.825] [svulkan2] [error] OIDN Error: invalid handle
[2026-10-09 16:34:54.825] [svulkan2] [error] OIDN Error: invalid handle
[2026-10-09 16:34:54.825] [svulkan2] [error] OIDN Error: invalid handle
[2026-10-09 16:34:54.825] [svulkan2] [error] OIDN Error: invalid handle
[2026-10-09 16:34:54.887] [svulkan2] [error] OIDN Error: invalid handle
[2026-10-09 16:34:54.887] [svulkan2] [error] OIDN Error: invalid handle
[2026-10-09 16:34:54.887] [svulkan2] [error] OIDN Error: invalid handle
[2026-10-09 16:34:54.887] [svulkan2] [error] OIDN Error: invalid handle
[2026-10-09 16:34:54.948] [svulkan2] [error] OIDN Error: invalid handle
[2026-10-09 16:34:54.948] [svulkan2] [error] OIDN Error: invalid handle
[2026-10-09 16:34:54.948] [svulkan2] [error] OIDN Error: invalid handle
[2026-10-09 16:34:54.949] [svulkan2] [error] OIDN Error: invalid handle
[2026-10-09 16:34:55.010] [svulkan2] [error] OIDN Error: invalid handle
[2026-10-09 16:34:55.010] [svulkan2] [error] OIDN Error: invalid handle
[2026-10-09 16:34:55.010] [svulkan2] [error] OIDN Error: invalid handle
[2026-10-09 16:34:55.010] [svulkan2] [error] OIDN Error: invalid handle
[2026-10-09 16:34:55.071] [svulkan2] [error] OIDN Error: invalid handle
[2026-10-09 16:34:55.071] [svulkan2] [error] OIDN Error: invalid handle
[2026-10-09 16:34:55.071] [svulkan2] [error] OIDN Error: invalid handle
[2026-10-09 16:34:55.072] [svulkan2] [error] OIDN Error: invalid handle
[2026-10-09 16:34:55.135] [svulkan2] [error] OIDN Error: invalid handle
[2026-10-09 16:34:55.135] [svulkan2] [error] OIDN Error: invalid handle
[2026-10-09 16:34:55.135] [svulkan2] [error] OIDN Error: invalid handle
[2026-10-09 16:34:55.135] [svulkan2] [error] OIDN Error: invalid handle
[2026-10-09 16:34:55.197] [svulkan2] [error] OIDN Error: invalid handle
[2026-10-09 16:34:55.197] [svulkan2] [error] OIDN Error: invalid handle
[2026-10-09 16:34:55.197] [svulkan2] [error] OIDN Error: invalid handle
[2026-10-09 16:34:55.197] [svulkan2] [error] OIDN Error: invalid handle
[2026-10-09 16:34:55.259] [svulkan2] [error] OIDN Error: invalid handle
[2026-10-09 16:34:55.259] [svulkan2] [error] OIDN Error: invalid handle
[2026-10-09 16:34:55.259] [svulkan2] [error] OIDN Error: invalid handle
[2026-10-09 16:34:55.259] [svulkan2] [error] OIDN Error: invalid handle
[2026-10-09 16:34:55.318] [svulkan2] [error] OIDN Error: invalid handle
[2026-10-09 16:34:55.318] [svulkan2] [error] OIDN Error: invalid handle
[2026-10-09 16:34:55.318] [svulkan2] [error] OIDN Error: invalid handle
[2026-10-09 16:34:55.318] [svulkan2] [error] OIDN Error: invalid handle
step: [92m36 / 400[0m{"attempt": 1, "decision": 35, "id": 36, "motions": 36, "left": "pos [-0.203, -0.026, 0.965] quat [0.0, -0.71, 0.0, 0.71] grip 1.00", "right": "pos [0.005, 0.058, 0.965] quat [0.0, -0.42, 0.0, 0.91] grip 1.00", "planner": {"left": "Success", "right": "Fail"}, "success": false, "calls_total": 36, "latency_s": 19.6}
[2026-10-09 16:35:21.956] [svulkan2] [error] OIDN Error: invalid handle
[2026-10-09 16:35:21.956] [svulkan2] [error] OIDN Error: invalid handle
[2026-10-09 16:35:21.956] [svulkan2] [error] OIDN Error: invalid handle
[2026-10-09 16:35:21.956] [svulkan2] [error] OIDN Error: invalid handle
[2026-10-09 16:35:22.018] [svulkan2] [error] OIDN Error: invalid handle
[2026-10-09 16:35:22.018] [svulkan2] [error] OIDN Error: invalid handle
[2026-10-09 16:35:22.018] [svulkan2] [error] OIDN Error: invalid handle
[2026-10-09 16:35:22.018] [svulkan2] [error] OIDN Error: invalid handle
[2026-10-09 16:35:22.079] [svulkan2] [error] OIDN Error: invalid handle
[2026-10-09 16:35:22.079] [svulkan2] [error] OIDN Error: invalid handle
[2026-10-09 16:35:22.079] [svulkan2] [error] OIDN Error: invalid handle
[2026-10-09 16:35:22.079] [svulkan2] [error] OIDN Error: invalid handle
[2026-10-09 16:35:22.141] [svulkan2] [error] OIDN Error: invalid handle
[2026-10-09 16:35:22.141] [svulkan2] [error] OIDN Error: invalid handle
[2026-10-09 16:35:22.141] [svulkan2] [error] OIDN Error: invalid handle
[2026-10-09 16:35:22.141] [svulkan2] [error] OIDN Error: invalid handle
[2026-10-09 16:35:22.199] [svulkan2] [error] OIDN Error: invalid handle
[2026-10-09 16:35:22.199] [svulkan2] [error] OIDN Error: invalid handle
[2026-10-09 16:35:22.199] [svulkan2] [error] OIDN Error: invalid handle
[2026-10-09 16:35:22.199] [svulkan2] [error] OIDN Error: invalid handle
step: [92m37 / 400[0m{"attempt": 1, "decision": 36, "id": 37, "motions": 37, "left": "hold grip 0.00", "right": "hold grip 0.00", "planner": {"left": "hold", "right": "hold"}, "success": false, "calls_total": 37, "latency_s": 26.05}
[2026-10-09 16:35:36.812] [svulkan2] [error] OIDN Error: invalid handle
[2026-10-09 16:35:36.812] [svulkan2] [error] OIDN Error: invalid handle
[2026-10-09 16:35:36.812] [svulkan2] [error] OIDN Error: invalid handle
[2026-10-09 16:35:36.812] [svulkan2] [error] OIDN Error: invalid handle
[2026-10-09 16:35:36.872] [svulkan2] [error] OIDN Error: invalid handle
[2026-10-09 16:35:36.873] [svulkan2] [error] OIDN Error: invalid handle
[2026-10-09 16:35:36.873] [svulkan2] [error] OIDN Error: invalid handle
[2026-10-09 16:35:36.873] [svulkan2] [error] OIDN Error: invalid handle
[2026-10-09 16:35:36.934] [svulkan2] [error] OIDN Error: invalid handle
[2026-10-09 16:35:36.934] [svulkan2] [error] OIDN Error: invalid handle
[2026-10-09 16:35:36.934] [svulkan2] [error] OIDN Error: invalid handle
[2026-10-09 16:35:36.934] [svulkan2] [error] OIDN Error: invalid handle
[2026-10-09 16:35:36.995] [svulkan2] [error] OIDN Error: invalid handle
[2026-10-09 16:35:36.995] [svulkan2] [error] OIDN Error: invalid handle
[2026-10-09 16:35:37.004] [svulkan2] [error] OIDN Error: invalid handle
[2026-10-09 16:35:37.004] [svulkan2] [error] OIDN Error: invalid handle
[2026-10-09 16:35:37.057] [svulkan2] [error] OIDN Error: invalid handle
[2026-10-09 16:35:37.057] [svulkan2] [error] OIDN Error: invalid handle
[2026-10-09 16:35:37.057] [svulkan2] [error] OIDN Error: invalid handle
[2026-10-09 16:35:37.057] [svulkan2] [error] OIDN Error: invalid handle
[2026-10-09 16:35:37.119] [svulkan2] [error] OIDN Error: invalid handle
[2026-10-09 16:35:37.119] [svulkan2] [error] OIDN Error: invalid handle
[2026-10-09 16:35:37.119] [svulkan2] [error] OIDN Error: invalid handle
[2026-10-09 16:35:37.119] [svulkan2] [error] OIDN Error: invalid handle
[2026-10-09 16:35:37.181] [svulkan2] [error] OIDN Error: invalid handle
[2026-10-09 16:35:37.181] [svulkan2] [error] OIDN Error: invalid handle
[2026-10-09 16:35:37.181] [svulkan2] [error] OIDN Error: invalid handle
[2026-10-09 16:35:37.181] [svulkan2] [error] OIDN Error: invalid handle
[2026-10-09 16:35:37.243] [svulkan2] [error] OIDN Error: invalid handle
[2026-10-09 16:35:37.243] [svulkan2] [error] OIDN Error: invalid handle
[2026-10-09 16:35:37.243] [svulkan2] [error] OIDN Error: invalid handle
[2026-10-09 16:35:37.243] [svulkan2] [error] OIDN Error: invalid handle
[2026-10-09 16:35:37.305] [svulkan2] [error] OIDN Error: invalid handle
[2026-10-09 16:35:37.305] [svulkan2] [error] OIDN Error: invalid handle
[2026-10-09 16:35:37.305] [svulkan2] [error] OIDN Error: invalid handle
[2026-10-09 16:35:37.305] [svulkan2] [error] OIDN Error: invalid handle
[2026-10-09 16:35:37.367] [svulkan2] [error] OIDN Error: invalid handle
[2026-10-09 16:35:37.367] [svulkan2] [error] OIDN Error: invalid handle
[2026-10-09 16:35:37.367] [svulkan2] [error] OIDN Error: invalid handle
[2026-10-09 16:35:37.367] [svulkan2] [error] OIDN Error: invalid handle
[2026-10-09 16:35:37.429] [svulkan2] [error] OIDN Error: invalid handle
[2026-10-09 16:35:37.429] [svulkan2] [error] OIDN Error: invalid handle
[2026-10-09 16:35:37.429] [svulkan2] [error] OIDN Error: invalid handle
[2026-10-09 16:35:37.429] [svulkan2] [error] OIDN Error: invalid handle
[2026-10-09 16:35:37.490] [svulkan2] [error] OIDN Error: invalid handle
[2026-10-09 16:35:37.490] [svulkan2] [error] OIDN Error: invalid handle
[2026-10-09 16:35:37.490] [svulkan2] [error] OIDN Error: invalid handle
[2026-10-09 16:35:37.491] [svulkan2] [error] OIDN Error: invalid handle
[2026-10-09 16:35:37.555] [svulkan2] [error] OIDN Error: invalid handle
[2026-10-09 16:35:37.555] [svulkan2] [error] OIDN Error: invalid handle
[2026-10-09 16:35:37.555] [svulkan2] [error] OIDN Error: invalid handle
[2026-10-09 16:35:37.555] [svulkan2] [error] OIDN Error: invalid handle
[2026-10-09 16:35:37.616] [svulkan2] [error] OIDN Error: invalid handle
[2026-10-09 16:35:37.617] [svulkan2] [error] OIDN Error: invalid handle
[2026-10-09 16:35:37.617] [svulkan2] [error] OIDN Error: invalid handle
[2026-10-09 16:35:37.617] [svulkan2] [error] OIDN Error: invalid handle
[2026-10-09 16:35:37.678] [svulkan2] [error] OIDN Error: invalid handle
[2026-10-09 16:35:37.679] [svulkan2] [error] OIDN Error: invalid handle
[2026-10-09 16:35:37.679] [svulkan2] [error] OIDN Error: invalid handle
[2026-10-09 16:35:37.679] [svulkan2] [error] OIDN Error: invalid handle
[2026-10-09 16:35:37.740] [svulkan2] [error] OIDN Error: invalid handle
[2026-10-09 16:35:37.740] [svulkan2] [error] OIDN Error: invalid handle
[2026-10-09 16:35:37.740] [svulkan2] [error] OIDN Error: invalid handle
[2026-10-09 16:35:37.740] [svulkan2] [error] OIDN Error: invalid handle
[2026-10-09 16:35:37.802] [svulkan2] [error] OIDN Error: invalid handle
[2026-10-09 16:35:37.802] [svulkan2] [error] OIDN Error: invalid handle
[2026-10-09 16:35:37.802] [svulkan2] [error] OIDN Error: invalid handle
[2026-10-09 16:35:37.802] [svulkan2] [error] OIDN Error: invalid handle
[2026-10-09 16:35:37.862] [svulkan2] [error] OIDN Error: invalid handle
[2026-10-09 16:35:37.862] [svulkan2] [error] OIDN Error: invalid handle
[2026-10-09 16:35:37.862] [svulkan2] [error] OIDN Error: invalid handle
[2026-10-09 16:35:37.862] [svulkan2] [error] OIDN Error: invalid handle
[2026-10-09 16:35:37.923] [svulkan2] [error] OIDN Error: invalid handle
[2026-10-09 16:35:37.923] [svulkan2] [error] OIDN Error: invalid handle
[2026-10-09 16:35:37.923] [svulkan2] [error] OIDN Error: invalid handle
[2026-10-09 16:35:37.924] [svulkan2] [error] OIDN Error: invalid handle
[2026-10-09 16:35:37.984] [svulkan2] [error] OIDN Error: invalid handle
[2026-10-09 16:35:37.984] [svulkan2] [error] OIDN Error: invalid handle
[2026-10-09 16:35:37.984] [svulkan2] [error] OIDN Error: invalid handle
[2026-10-09 16:35:37.984] [svulkan2] [error] OIDN Error: invalid handle
[2026-10-09 16:35:38.044] [svulkan2] [error] OIDN Error: invalid handle
[2026-10-09 16:35:38.044] [svulkan2] [error] OIDN Error: invalid handle
[2026-10-09 16:35:38.044] [svulkan2] [error] OIDN Error: invalid handle
[2026-10-09 16:35:38.044] [svulkan2] [error] OIDN Error: invalid handle
step: [92m38 / 400[0m{"attempt": 1, "decision": 37, "id": 38, "motions": 38, "left": "pos [-0.205, -0.026, 1.016] quat [0.0, -0.71, 0.0, 0.71] grip 0.00", "right": "pos [-0.007, 0.034, 1.015] quat [0.0, -0.42, 0.0, 0.91] grip 0.00", "planner": {"left": "Success", "right": "Fail"}, "success": false, "calls_total": 38, "latency_s": 13.93}
[2026-10-09 16:35:58.650] [svulkan2] [error] OIDN Error: unsupported device type: CUDA
[2026-10-09 16:35:58.659] [svulkan2] [error] OIDN Error: invalid handle
[2026-10-09 16:35:58.671] [svulkan2] [error] OIDN Error: invalid handle
[2026-10-09 16:35:58.692] [svulkan2] [error] OIDN Error: invalid handle
[2026-10-09 16:36:14.935] [svulkan2] [error] OIDN Error: invalid handle
[2026-10-09 16:36:14.935] [svulkan2] [error] OIDN Error: invalid handle
[2026-10-09 16:36:14.935] [svulkan2] [error] OIDN Error: invalid handle
[2026-10-09 16:36:14.935] [svulkan2] [error] OIDN Error: invalid handle
[2026-10-09 16:36:14.978] [svulkan2] [error] OIDN Error: invalid handle
[2026-10-09 16:36:14.978] [svulkan2] [error] OIDN Error: invalid handle
[2026-10-09 16:36:14.978] [svulkan2] [error] OIDN Error: invalid handle
[2026-10-09 16:36:14.978] [svulkan2] [error] OIDN Error: invalid handle
[2026-10-09 16:36:15.020] [svulkan2] [error] OIDN Error: invalid handle
[2026-10-09 16:36:15.020] [svulkan2] [error] OIDN Error: invalid handle
[2026-10-09 16:36:15.020] [svulkan2] [error] OIDN Error: invalid handle
[2026-10-09 16:36:15.020] [svulkan2] [error] OIDN Error: invalid handle
[2026-10-09 16:36:15.064] [svulkan2] [error] OIDN Error: invalid handle
[2026-10-09 16:36:15.064] [svulkan2] [error] OIDN Error: invalid handle
[2026-10-09 16:36:15.064] [svulkan2] [error] OIDN Error: invalid handle
[2026-10-09 16:36:15.064] [svulkan2] [error] OIDN Error: invalid handle
[2026-10-09 16:36:15.107] [svulkan2] [error] OIDN Error: invalid handle
[2026-10-09 16:36:15.107] [svulkan2] [error] OIDN Error: invalid handle
[2026-10-09 16:36:15.107] [svulkan2] [error] OIDN Error: invalid handle
[2026-10-09 16:36:15.107] [svulkan2] [error] OIDN Error: invalid handle
[2026-10-09 16:36:15.151] [svulkan2] [error] OIDN Error: invalid handle
[2026-10-09 16:36:15.151] [svulkan2] [error] OIDN Error: invalid handle
[2026-10-09 16:36:15.151] [svulkan2] [error] OIDN Error: invalid handle
[2026-10-09 16:36:15.151] [svulkan2] [error] OIDN Error: invalid handle
[2026-10-09 16:36:15.193] [svulkan2] [error] OIDN Error: invalid handle
[2026-10-09 16:36:15.193] [svulkan2] [error] OIDN Error: invalid handle
[2026-10-09 16:36:15.193] [svulkan2] [error] OIDN Error: invalid handle
[2026-10-09 16:36:15.193] [svulkan2] [error] OIDN Error: invalid handle
step: [92m1 / 400[0m{"attempt": 2, "decision": 0, "id": 40, "motions": 1, "left": "pos [-0.17, 0.02, 1.1] quat [0.0, -0.71, 0.0, 0.71] grip 1.00", "right": "pos [0.17, 0.02, 1.1] quat [0.0, -0.71, 0.0, 0.71] grip 1.00", "planner": {"left": "Fail", "right": "Fail"}, "success": false, "calls_total": 40, "latency_s": 15.79}
[2026-10-09 16:36:29.143] [svulkan2] [error] OIDN Error: invalid handle
[2026-10-09 16:36:29.143] [svulkan2] [error] OIDN Error: invalid handle
[2026-10-09 16:36:29.143] [svulkan2] [error] OIDN Error: invalid handle
[2026-10-09 16:36:29.143] [svulkan2] [error] OIDN Error: invalid handle
[2026-10-09 16:36:29.189] [svulkan2] [error] OIDN Error: invalid handle
[2026-10-09 16:36:29.189] [svulkan2] [error] OIDN Error: invalid handle
[2026-10-09 16:36:29.189] [svulkan2] [error] OIDN Error: invalid handle
[2026-10-09 16:36:29.190] [svulkan2] [error] OIDN Error: invalid handle
[2026-10-09 16:36:29.233] [svulkan2] [error] OIDN Error: invalid handle
[2026-10-09 16:36:29.233] [svulkan2] [error] OIDN Error: invalid handle
[2026-10-09 16:36:29.233] [svulkan2] [error] OIDN Error: invalid handle
[2026-10-09 16:36:29.233] [svulkan2] [error] OIDN Error: invalid handle
[2026-10-09 16:36:29.277] [svulkan2] [error] OIDN Error: invalid handle
[2026-10-09 16:36:29.277] [svulkan2] [error] OIDN Error: invalid handle
[2026-10-09 16:36:29.277] [svulkan2] [error] OIDN Error: invalid handle
[2026-10-09 16:36:29.277] [svulkan2] [error] OIDN Error: invalid handle
[2026-10-09 16:36:29.320] [svulkan2] [error] OIDN Error: invalid handle
[2026-10-09 16:36:29.321] [svulkan2] [error] OIDN Error: invalid handle
[2026-10-09 16:36:29.321] [svulkan2] [error] OIDN Error: invalid handle
[2026-10-09 16:36:29.321] [svulkan2] [error] OIDN Error: invalid handle
[2026-10-09 16:36:29.365] [svulkan2] [error] OIDN Error: invalid handle
[2026-10-09 16:36:29.365] [svulkan2] [error] OIDN Error: invalid handle
[2026-10-09 16:36:29.365] [svulkan2] [error] OIDN Error: invalid handle
[2026-10-09 16:36:29.365] [svulkan2] [error] OIDN Error: invalid handle
[2026-10-09 16:36:29.410] [svulkan2] [error] OIDN Error: invalid handle
[2026-10-09 16:36:29.410] [svulkan2] [error] OIDN Error: invalid handle
[2026-10-09 16:36:29.410] [svulkan2] [error] OIDN Error: invalid handle
[2026-10-09 16:36:29.410] [svulkan2] [error] OIDN Error: invalid handle
[2026-10-09 16:36:29.454] [svulkan2] [error] OIDN Error: invalid handle
[2026-10-09 16:36:29.454] [svulkan2] [error] OIDN Error: invalid handle
[2026-10-09 16:36:29.454] [svulkan2] [error] OIDN Error: invalid handle
[2026-10-09 16:36:29.454] [svulkan2] [error] OIDN Error: invalid handle
[2026-10-09 16:36:29.498] [svulkan2] [error] OIDN Error: invalid handle
[2026-10-09 16:36:29.498] [svulkan2] [error] OIDN Error: invalid handle
[2026-10-09 16:36:29.498] [svulkan2] [error] OIDN Error: invalid handle
[2026-10-09 16:36:29.498] [svulkan2] [error] OIDN Error: invalid handle
[2026-10-09 16:36:29.543] [svulkan2] [error] OIDN Error: invalid handle
[2026-10-09 16:36:29.543] [svulkan2] [error] OIDN Error: invalid handle
[2026-10-09 16:36:29.543] [svulkan2] [error] OIDN Error: invalid handle
[2026-10-09 16:36:29.543] [svulkan2] [error] OIDN Error: invalid handle
[2026-10-09 16:36:29.587] [svulkan2] [error] OIDN Error: invalid handle
[2026-10-09 16:36:29.587] [svulkan2] [error] OIDN Error: invalid handle
[2026-10-09 16:36:29.587] [svulkan2] [error] OIDN Error: invalid handle
[2026-10-09 16:36:29.587] [svulkan2] [error] OIDN Error: invalid handle
[2026-10-09 16:36:29.632] [svulkan2] [error] OIDN Error: invalid handle
[2026-10-09 16:36:29.632] [svulkan2] [error] OIDN Error: invalid handle
[2026-10-09 16:36:29.632] [svulkan2] [error] OIDN Error: invalid handle
[2026-10-09 16:36:29.632] [svulkan2] [error] OIDN Error: invalid handle
[2026-10-09 16:36:29.677] [svulkan2] [error] OIDN Error: invalid handle
[2026-10-09 16:36:29.677] [svulkan2] [error] OIDN Error: invalid handle
[2026-10-09 16:36:29.677] [svulkan2] [error] OIDN Error: invalid handle
[2026-10-09 16:36:29.677] [svulkan2] [error] OIDN Error: invalid handle
[2026-10-09 16:36:29.720] [svulkan2] [error] OIDN Error: invalid handle
[2026-10-09 16:36:29.720] [svulkan2] [error] OIDN Error: invalid handle
[2026-10-09 16:36:29.720] [svulkan2] [error] OIDN Error: invalid handle
[2026-10-09 16:36:29.720] [svulkan2] [error] OIDN Error: invalid handle
[2026-10-09 16:36:29.764] [svulkan2] [error] OIDN Error: invalid handle
[2026-10-09 16:36:29.764] [svulkan2] [error] OIDN Error: invalid handle
[2026-10-09 16:36:29.765] [svulkan2] [error] OIDN Error: invalid handle
[2026-10-09 16:36:29.765] [svulkan2] [error] OIDN Error: invalid handle
[2026-10-09 16:36:29.809] [svulkan2] [error] OIDN Error: invalid handle
[2026-10-09 16:36:29.810] [svulkan2] [error] OIDN Error: invalid handle
[2026-10-09 16:36:29.810] [svulkan2] [error] OIDN Error: invalid handle
[2026-10-09 16:36:29.810] [svulkan2] [error] OIDN Error: invalid handle
[2026-10-09 16:36:29.855] [svulkan2] [error] OIDN Error: invalid handle
[2026-10-09 16:36:29.855] [svulkan2] [error] OIDN Error: invalid handle
[2026-10-09 16:36:29.855] [svulkan2] [error] OIDN Error: invalid handle
[2026-10-09 16:36:29.855] [svulkan2] [error] OIDN Error: invalid handle
[2026-10-09 16:36:29.901] [svulkan2] [error] OIDN Error: invalid handle
[2026-10-09 16:36:29.901] [svulkan2] [error] OIDN Error: invalid handle
[2026-10-09 16:36:29.901] [svulkan2] [error] OIDN Error: invalid handle
[2026-10-09 16:36:29.901] [svulkan2] [error] OIDN Error: invalid handle
[2026-10-09 16:36:29.948] [svulkan2] [error] OIDN Error: invalid handle
[2026-10-09 16:36:29.948] [svulkan2] [error] OIDN Error: invalid handle
[2026-10-09 16:36:29.948] [svulkan2] [error] OIDN Error: invalid handle
[2026-10-09 16:36:29.948] [svulkan2] [error] OIDN Error: invalid handle
[2026-10-09 16:36:29.994] [svulkan2] [error] OIDN Error: invalid handle
[2026-10-09 16:36:29.994] [svulkan2] [error] OIDN Error: invalid handle
[2026-10-09 16:36:29.994] [svulkan2] [error] OIDN Error: invalid handle
[2026-10-09 16:36:29.994] [svulkan2] [error] OIDN Error: invalid handle
[2026-10-09 16:36:30.041] [svulkan2] [error] OIDN Error: invalid handle
[2026-10-09 16:36:30.041] [svulkan2] [error] OIDN Error: invalid handle
[2026-10-09 16:36:30.041] [svulkan2] [error] OIDN Error: invalid handle
[2026-10-09 16:36:30.041] [svulkan2] [error] OIDN Error: invalid handle
[2026-10-09 16:36:30.088] [svulkan2] [error] OIDN Error: invalid handle
[2026-10-09 16:36:30.088] [svulkan2] [error] OIDN Error: invalid handle
[2026-10-09 16:36:30.088] [svulkan2] [error] OIDN Error: invalid handle
[2026-10-09 16:36:30.088] [svulkan2] [error] OIDN Error: invalid handle
[2026-10-09 16:36:30.136] [svulkan2] [error] OIDN Error: invalid handle
[2026-10-09 16:36:30.136] [svulkan2] [error] OIDN Error: invalid handle
[2026-10-09 16:36:30.136] [svulkan2] [error] OIDN Error: invalid handle
[2026-10-09 16:36:30.136] [svulkan2] [error] OIDN Error: invalid handle
[2026-10-09 16:36:30.182] [svulkan2] [error] OIDN Error: invalid handle
[2026-10-09 16:36:30.182] [svulkan2] [error] OIDN Error: invalid handle
[2026-10-09 16:36:30.183] [svulkan2] [error] OIDN Error: invalid handle
[2026-10-09 16:36:30.183] [svulkan2] [error] OIDN Error: invalid handle
[2026-10-09 16:36:30.228] [svulkan2] [error] OIDN Error: invalid handle
[2026-10-09 16:36:30.228] [svulkan2] [error] OIDN Error: invalid handle
[2026-10-09 16:36:30.228] [svulkan2] [error] OIDN Error: invalid handle
[2026-10-09 16:36:30.228] [svulkan2] [error] OIDN Error: invalid handle
[2026-10-09 16:36:30.276] [svulkan2] [error] OIDN Error: invalid handle
[2026-10-09 16:36:30.276] [svulkan2] [error] OIDN Error: invalid handle
[2026-10-09 16:36:30.276] [svulkan2] [error] OIDN Error: invalid handle
[2026-10-09 16:36:30.276] [svulkan2] [error] OIDN Error: invalid handle
[2026-10-09 16:36:30.322] [svulkan2] [error] OIDN Error: invalid handle
[2026-10-09 16:36:30.322] [svulkan2] [error] OIDN Error: invalid handle
[2026-10-09 16:36:30.322] [svulkan2] [error] OIDN Error: invalid handle
[2026-10-09 16:36:30.322] [svulkan2] [error] OIDN Error: invalid handle
[2026-10-09 16:36:30.369] [svulkan2] [error] OIDN Error: invalid handle
[2026-10-09 16:36:30.369] [svulkan2] [error] OIDN Error: invalid handle
[2026-10-09 16:36:30.369] [svulkan2] [error] OIDN Error: invalid handle
[2026-10-09 16:36:30.369] [svulkan2] [error] OIDN Error: invalid handle
[2026-10-09 16:36:30.416] [svulkan2] [error] OIDN Error: invalid handle
[2026-10-09 16:36:30.416] [svulkan2] [error] OIDN Error: invalid handle
[2026-10-09 16:36:30.416] [svulkan2] [error] OIDN Error: invalid handle
[2026-10-09 16:36:30.416] [svulkan2] [error] OIDN Error: invalid handle
[2026-10-09 16:36:30.463] [svulkan2] [error] OIDN Error: invalid handle
[2026-10-09 16:36:30.463] [svulkan2] [error] OIDN Error: invalid handle
[2026-10-09 16:36:30.463] [svulkan2] [error] OIDN Error: invalid handle
[2026-10-09 16:36:30.463] [svulkan2] [error] OIDN Error: invalid handle
[2026-10-09 16:36:30.510] [svulkan2] [error] OIDN Error: invalid handle
[2026-10-09 16:36:30.510] [svulkan2] [error] OIDN Error: invalid handle
[2026-10-09 16:36:30.510] [svulkan2] [error] OIDN Error: invalid handle
[2026-10-09 16:36:30.510] [svulkan2] [error] OIDN Error: invalid handle
[2026-10-09 16:36:30.556] [svulkan2] [error] OIDN Error: invalid handle
[2026-10-09 16:36:30.556] [svulkan2] [error] OIDN Error: invalid handle
[2026-10-09 16:36:30.557] [svulkan2] [error] OIDN Error: invalid handle
[2026-10-09 16:36:30.557] [svulkan2] [error] OIDN Error: invalid handle
[2026-10-09 16:36:30.604] [svulkan2] [error] OIDN Error: invalid handle
[2026-10-09 16:36:30.604] [svulkan2] [error] OIDN Error: invalid handle
[2026-10-09 16:36:30.604] [svulkan2] [error] OIDN Error: invalid handle
[2026-10-09 16:36:30.604] [svulkan2] [error] OIDN Error: invalid handle
[2026-10-09 16:36:30.651] [svulkan2] [error] OIDN Error: invalid handle
[2026-10-09 16:36:30.651] [svulkan2] [error] OIDN Error: invalid handle
[2026-10-09 16:36:30.651] [svulkan2] [error] OIDN Error: invalid handle
[2026-10-09 16:36:30.651] [svulkan2] [error] OIDN Error: invalid handle
[2026-10-09 16:36:30.699] [svulkan2] [error] OIDN Error: invalid handle
[2026-10-09 16:36:30.699] [svulkan2] [error] OIDN Error: invalid handle
[2026-10-09 16:36:30.699] [svulkan2] [error] OIDN Error: invalid handle
[2026-10-09 16:36:30.699] [svulkan2] [error] OIDN Error: invalid handle
[2026-10-09 16:36:30.746] [svulkan2] [error] OIDN Error: invalid handle
[2026-10-09 16:36:30.746] [svulkan2] [error] OIDN Error: invalid handle
[2026-10-09 16:36:30.746] [svulkan2] [error] OIDN Error: invalid handle
[2026-10-09 16:36:30.746] [svulkan2] [error] OIDN Error: invalid handle
[2026-10-09 16:36:30.794] [svulkan2] [error] OIDN Error: invalid handle
[2026-10-09 16:36:30.794] [svulkan2] [error] OIDN Error: invalid handle
[2026-10-09 16:36:30.794] [svulkan2] [error] OIDN Error: invalid handle
[2026-10-09 16:36:30.794] [svulkan2] [error] OIDN Error: invalid handle
[2026-10-09 16:36:30.841] [svulkan2] [error] OIDN Error: invalid handle
[2026-10-09 16:36:30.841] [svulkan2] [error] OIDN Error: invalid handle
[2026-10-09 16:36:30.841] [svulkan2] [error] OIDN Error: invalid handle
[2026-10-09 16:36:30.843] [svulkan2] [error] OIDN Error: invalid handle
[2026-10-09 16:36:30.889] [svulkan2] [error] OIDN Error: invalid handle
[2026-10-09 16:36:30.889] [svulkan2] [error] OIDN Error: invalid handle
[2026-10-09 16:36:30.889] [svulkan2] [error] OIDN Error: invalid handle
[2026-10-09 16:36:30.889] [svulkan2] [error] OIDN Error: invalid handle
[2026-10-09 16:36:30.938] [svulkan2] [error] OIDN Error: invalid handle
[2026-10-09 16:36:30.938] [svulkan2] [error] OIDN Error: invalid handle
[2026-10-09 16:36:30.938] [svulkan2] [error] OIDN Error: invalid handle
[2026-10-09 16:36:30.938] [svulkan2] [error] OIDN Error: invalid handle
[2026-10-09 16:36:30.987] [svulkan2] [error] OIDN Error: invalid handle
[2026-10-09 16:36:30.987] [svulkan2] [error] OIDN Error: invalid handle
[2026-10-09 16:36:30.987] [svulkan2] [error] OIDN Error: invalid handle
[2026-10-09 16:36:30.987] [svulkan2] [error] OIDN Error: invalid handle
[2026-10-09 16:36:31.037] [svulkan2] [error] OIDN Error: invalid handle
[2026-10-09 16:36:31.037] [svulkan2] [error] OIDN Error: invalid handle
[2026-10-09 16:36:31.037] [svulkan2] [error] OIDN Error: invalid handle
[2026-10-09 16:36:31.037] [svulkan2] [error] OIDN Error: invalid handle
[2026-10-09 16:36:31.086] [svulkan2] [error] OIDN Error: invalid handle
[2026-10-09 16:36:31.086] [svulkan2] [error] OIDN Error: invalid handle
[2026-10-09 16:36:31.086] [svulkan2] [error] OIDN Error: invalid handle
[2026-10-09 16:36:31.086] [svulkan2] [error] OIDN Error: invalid handle
[2026-10-09 16:36:31.137] [svulkan2] [error] OIDN Error: invalid handle
[2026-10-09 16:36:31.137] [svulkan2] [error] OIDN Error: invalid handle
[2026-10-09 16:36:31.137] [svulkan2] [error] OIDN Error: invalid handle
[2026-10-09 16:36:31.137] [svulkan2] [error] OIDN Error: invalid handle
[2026-10-09 16:36:31.186] [svulkan2] [error] OIDN Error: invalid handle
[2026-10-09 16:36:31.186] [svulkan2] [error] OIDN Error: invalid handle
[2026-10-09 16:36:31.186] [svulkan2] [error] OIDN Error: invalid handle
[2026-10-09 16:36:31.186] [svulkan2] [error] OIDN Error: invalid handle
[2026-10-09 16:36:31.236] [svulkan2] [error] OIDN Error: invalid handle
[2026-10-09 16:36:31.236] [svulkan2] [error] OIDN Error: invalid handle
[2026-10-09 16:36:31.236] [svulkan2] [error] OIDN Error: invalid handle
[2026-10-09 16:36:31.236] [svulkan2] [error] OIDN Error: invalid handle
[2026-10-09 16:36:31.287] [svulkan2] [error] OIDN Error: invalid handle
[2026-10-09 16:36:31.287] [svulkan2] [error] OIDN Error: invalid handle
[2026-10-09 16:36:31.287] [svulkan2] [error] OIDN Error: invalid handle
[2026-10-09 16:36:31.287] [svulkan2] [error] OIDN Error: invalid handle
[2026-10-09 16:36:31.338] [svulkan2] [error] OIDN Error: invalid handle
[2026-10-09 16:36:31.338] [svulkan2] [error] OIDN Error: invalid handle
[2026-10-09 16:36:31.338] [svulkan2] [error] OIDN Error: invalid handle
[2026-10-09 16:36:31.338] [svulkan2] [error] OIDN Error: invalid handle
[2026-10-09 16:36:31.389] [svulkan2] [error] OIDN Error: invalid handle
[2026-10-09 16:36:31.389] [svulkan2] [error] OIDN Error: invalid handle
[2026-10-09 16:36:31.390] [svulkan2] [error] OIDN Error: invalid handle
[2026-10-09 16:36:31.390] [svulkan2] [error] OIDN Error: invalid handle
[2026-10-09 16:36:31.442] [svulkan2] [error] OIDN Error: invalid handle
[2026-10-09 16:36:31.442] [svulkan2] [error] OIDN Error: invalid handle
[2026-10-09 16:36:31.442] [svulkan2] [error] OIDN Error: invalid handle
[2026-10-09 16:36:31.442] [svulkan2] [error] OIDN Error: invalid handle
[2026-10-09 16:36:31.494] [svulkan2] [error] OIDN Error: invalid handle
[2026-10-09 16:36:31.494] [svulkan2] [error] OIDN Error: invalid handle
[2026-10-09 16:36:31.494] [svulkan2] [error] OIDN Error: invalid handle
[2026-10-09 16:36:31.495] [svulkan2] [error] OIDN Error: invalid handle
[2026-10-09 16:36:31.547] [svulkan2] [error] OIDN Error: invalid handle
[2026-10-09 16:36:31.547] [svulkan2] [error] OIDN Error: invalid handle
[2026-10-09 16:36:31.547] [svulkan2] [error] OIDN Error: invalid handle
[2026-10-09 16:36:31.547] [svulkan2] [error] OIDN Error: invalid handle
[2026-10-09 16:36:31.599] [svulkan2] [error] OIDN Error: invalid handle
[2026-10-09 16:36:31.599] [svulkan2] [error] OIDN Error: invalid handle
[2026-10-09 16:36:31.599] [svulkan2] [error] OIDN Error: invalid handle
[2026-10-09 16:36:31.599] [svulkan2] [error] OIDN Error: invalid handle
[2026-10-09 16:36:31.651] [svulkan2] [error] OIDN Error: invalid handle
[2026-10-09 16:36:31.651] [svulkan2] [error] OIDN Error: invalid handle
[2026-10-09 16:36:31.651] [svulkan2] [error] OIDN Error: invalid handle
[2026-10-09 16:36:31.651] [svulkan2] [error] OIDN Error: invalid handle
[2026-10-09 16:36:31.702] [svulkan2] [error] OIDN Error: invalid handle
[2026-10-09 16:36:31.702] [svulkan2] [error] OIDN Error: invalid handle
[2026-10-09 16:36:31.702] [svulkan2] [error] OIDN Error: invalid handle
[2026-10-09 16:36:31.702] [svulkan2] [error] OIDN Error: invalid handle
[2026-10-09 16:36:31.754] [svulkan2] [error] OIDN Error: invalid handle
[2026-10-09 16:36:31.754] [svulkan2] [error] OIDN Error: invalid handle
[2026-10-09 16:36:31.754] [svulkan2] [error] OIDN Error: invalid handle
[2026-10-09 16:36:31.754] [svulkan2] [error] OIDN Error: invalid handle
[2026-10-09 16:36:31.805] [svulkan2] [error] OIDN Error: invalid handle
[2026-10-09 16:36:31.805] [svulkan2] [error] OIDN Error: invalid handle
[2026-10-09 16:36:31.805] [svulkan2] [error] OIDN Error: invalid handle
[2026-10-09 16:36:31.805] [svulkan2] [error] OIDN Error: invalid handle
[2026-10-09 16:36:31.857] [svulkan2] [error] OIDN Error: invalid handle
[2026-10-09 16:36:31.857] [svulkan2] [error] OIDN Error: invalid handle
[2026-10-09 16:36:31.857] [svulkan2] [error] OIDN Error: invalid handle
[2026-10-09 16:36:31.857] [svulkan2] [error] OIDN Error: invalid handle
[2026-10-09 16:36:31.909] [svulkan2] [error] OIDN Error: invalid handle
[2026-10-09 16:36:31.909] [svulkan2] [error] OIDN Error: invalid handle
[2026-10-09 16:36:31.910] [svulkan2] [error] OIDN Error: invalid handle
[2026-10-09 16:36:31.910] [svulkan2] [error] OIDN Error: invalid handle
[2026-10-09 16:36:31.961] [svulkan2] [error] OIDN Error: invalid handle
[2026-10-09 16:36:31.961] [svulkan2] [error] OIDN Error: invalid handle
[2026-10-09 16:36:31.961] [svulkan2] [error] OIDN Error: invalid handle
[2026-10-09 16:36:31.962] [svulkan2] [error] OIDN Error: invalid handle
[2026-10-09 16:36:32.014] [svulkan2] [error] OIDN Error: invalid handle
[2026-10-09 16:36:32.014] [svulkan2] [error] OIDN Error: invalid handle
[2026-10-09 16:36:32.014] [svulkan2] [error] OIDN Error: invalid handle
[2026-10-09 16:36:32.014] [svulkan2] [error] OIDN Error: invalid handle
[2026-10-09 16:36:32.065] [svulkan2] [error] OIDN Error: invalid handle
[2026-10-09 16:36:32.065] [svulkan2] [error] OIDN Error: invalid handle
[2026-10-09 16:36:32.066] [svulkan2] [error] OIDN Error: invalid handle
[2026-10-09 16:36:32.066] [svulkan2] [error] OIDN Error: invalid handle
[2026-10-09 16:36:32.117] [svulkan2] [error] OIDN Error: invalid handle
[2026-10-09 16:36:32.117] [svulkan2] [error] OIDN Error: invalid handle
[2026-10-09 16:36:32.117] [svulkan2] [error] OIDN Error: invalid handle
[2026-10-09 16:36:32.117] [svulkan2] [error] OIDN Error: invalid handle
step: [92m2 / 400[0m{"attempt": 2, "decision": 1, "id": 41, "motions": 2, "left": "pos [-0.2, -0.08, 0.99] quat [0.0, -0.71, 0.0, 0.71] grip 1.00", "right": "pos [0.2, -0.08, 0.99] quat [0.0, -0.71, 0.0, 0.71] grip 1.00", "planner": {"left": "Success", "right": "Success"}, "success": false, "calls_total": 41, "latency_s": 13.36}
[2026-10-09 16:36:54.766] [svulkan2] [error] OIDN Error: invalid handle
[2026-10-09 16:36:54.766] [svulkan2] [error] OIDN Error: invalid handle
[2026-10-09 16:36:54.766] [svulkan2] [error] OIDN Error: invalid handle
[2026-10-09 16:36:54.766] [svulkan2] [error] OIDN Error: invalid handle
[2026-10-09 16:36:54.817] [svulkan2] [error] OIDN Error: invalid handle
[2026-10-09 16:36:54.817] [svulkan2] [error] OIDN Error: invalid handle
[2026-10-09 16:36:54.817] [svulkan2] [error] OIDN Error: invalid handle
[2026-10-09 16:36:54.817] [svulkan2] [error] OIDN Error: invalid handle
[2026-10-09 16:36:54.867] [svulkan2] [error] OIDN Error: invalid handle
[2026-10-09 16:36:54.867] [svulkan2] [error] OIDN Error: invalid handle
[2026-10-09 16:36:54.867] [svulkan2] [error] OIDN Error: invalid handle
[2026-10-09 16:36:54.868] [svulkan2] [error] OIDN Error: invalid handle
[2026-10-09 16:36:54.917] [svulkan2] [error] OIDN Error: invalid handle
[2026-10-09 16:36:54.917] [svulkan2] [error] OIDN Error: invalid handle
[2026-10-09 16:36:54.917] [svulkan2] [error] OIDN Error: invalid handle
[2026-10-09 16:36:54.917] [svulkan2] [error] OIDN Error: invalid handle
[2026-10-09 16:36:54.966] [svulkan2] [error] OIDN Error: invalid handle
[2026-10-09 16:36:54.966] [svulkan2] [error] OIDN Error: invalid handle
[2026-10-09 16:36:54.966] [svulkan2] [error] OIDN Error: invalid handle
[2026-10-09 16:36:54.966] [svulkan2] [error] OIDN Error: invalid handle
[2026-10-09 16:36:55.017] [svulkan2] [error] OIDN Error: invalid handle
[2026-10-09 16:36:55.017] [svulkan2] [error] OIDN Error: invalid handle
[2026-10-09 16:36:55.017] [svulkan2] [error] OIDN Error: invalid handle
[2026-10-09 16:36:55.017] [svulkan2] [error] OIDN Error: invalid handle
[2026-10-09 16:36:55.066] [svulkan2] [error] OIDN Error: invalid handle
[2026-10-09 16:36:55.067] [svulkan2] [error] OIDN Error: invalid handle
[2026-10-09 16:36:55.067] [svulkan2] [error] OIDN Error: invalid handle
[2026-10-09 16:36:55.067] [svulkan2] [error] OIDN Error: invalid handle
[2026-10-09 16:36:55.117] [svulkan2] [error] OIDN Error: invalid handle
[2026-10-09 16:36:55.117] [svulkan2] [error] OIDN Error: invalid handle
[2026-10-09 16:36:55.117] [svulkan2] [error] OIDN Error: invalid handle
[2026-10-09 16:36:55.117] [svulkan2] [error] OIDN Error: invalid handle
[2026-10-09 16:36:55.168] [svulkan2] [error] OIDN Error: invalid handle
[2026-10-09 16:36:55.168] [svulkan2] [error] OIDN Error: invalid handle
[2026-10-09 16:36:55.168] [svulkan2] [error] OIDN Error: invalid handle
[2026-10-09 16:36:55.168] [svulkan2] [error] OIDN Error: invalid handle
[2026-10-09 16:36:55.218] [svulkan2] [error] OIDN Error: invalid handle
[2026-10-09 16:36:55.218] [svulkan2] [error] OIDN Error: invalid handle
[2026-10-09 16:36:55.218] [svulkan2] [error] OIDN Error: invalid handle
[2026-10-09 16:36:55.218] [svulkan2] [error] OIDN Error: invalid handle
[2026-10-09 16:36:55.269] [svulkan2] [error] OIDN Error: invalid handle
[2026-10-09 16:36:55.271] [svulkan2] [error] OIDN Error: invalid handle
[2026-10-09 16:36:55.271] [svulkan2] [error] OIDN Error: invalid handle
[2026-10-09 16:36:55.271] [svulkan2] [error] OIDN Error: invalid handle
[2026-10-09 16:36:55.322] [svulkan2] [error] OIDN Error: invalid handle
[2026-10-09 16:36:55.322] [svulkan2] [error] OIDN Error: invalid handle
[2026-10-09 16:36:55.322] [svulkan2] [error] OIDN Error: invalid handle
[2026-10-09 16:36:55.322] [svulkan2] [error] OIDN Error: invalid handle
[2026-10-09 16:36:55.374] [svulkan2] [error] OIDN Error: invalid handle
[2026-10-09 16:36:55.374] [svulkan2] [error] OIDN Error: invalid handle
[2026-10-09 16:36:55.374] [svulkan2] [error] OIDN Error: invalid handle
[2026-10-09 16:36:55.374] [svulkan2] [error] OIDN Error: invalid handle
[2026-10-09 16:36:55.426] [svulkan2] [error] OIDN Error: invalid handle
[2026-10-09 16:36:55.426] [svulkan2] [error] OIDN Error: invalid handle
[2026-10-09 16:36:55.426] [svulkan2] [error] OIDN Error: invalid handle
[2026-10-09 16:36:55.426] [svulkan2] [error] OIDN Error: invalid handle
[2026-10-09 16:36:55.479] [svulkan2] [error] OIDN Error: invalid handle
[2026-10-09 16:36:55.479] [svulkan2] [error] OIDN Error: invalid handle
[2026-10-09 16:36:55.479] [svulkan2] [error] OIDN Error: invalid handle
[2026-10-09 16:36:55.479] [svulkan2] [error] OIDN Error: invalid handle
[2026-10-09 16:36:55.531] [svulkan2] [error] OIDN Error: invalid handle
[2026-10-09 16:36:55.531] [svulkan2] [error] OIDN Error: invalid handle
[2026-10-09 16:36:55.532] [svulkan2] [error] OIDN Error: invalid handle
[2026-10-09 16:36:55.532] [svulkan2] [error] OIDN Error: invalid handle
[2026-10-09 16:36:55.585] [svulkan2] [error] OIDN Error: invalid handle
[2026-10-09 16:36:55.585] [svulkan2] [error] OIDN Error: invalid handle
[2026-10-09 16:36:55.585] [svulkan2] [error] OIDN Error: invalid handle
[2026-10-09 16:36:55.585] [svulkan2] [error] OIDN Error: invalid handle
[2026-10-09 16:36:55.638] [svulkan2] [error] OIDN Error: invalid handle
[2026-10-09 16:36:55.638] [svulkan2] [error] OIDN Error: invalid handle
[2026-10-09 16:36:55.638] [svulkan2] [error] OIDN Error: invalid handle
[2026-10-09 16:36:55.638] [svulkan2] [error] OIDN Error: invalid handle
[2026-10-09 16:36:55.691] [svulkan2] [error] OIDN Error: invalid handle
[2026-10-09 16:36:55.691] [svulkan2] [error] OIDN Error: invalid handle
[2026-10-09 16:36:55.691] [svulkan2] [error] OIDN Error: invalid handle
[2026-10-09 16:36:55.691] [svulkan2] [error] OIDN Error: invalid handle
[2026-10-09 16:36:55.744] [svulkan2] [error] OIDN Error: invalid handle
[2026-10-09 16:36:55.744] [svulkan2] [error] OIDN Error: invalid handle
[2026-10-09 16:36:55.744] [svulkan2] [error] OIDN Error: invalid handle
[2026-10-09 16:36:55.744] [svulkan2] [error] OIDN Error: invalid handle
[2026-10-09 16:36:55.797] [svulkan2] [error] OIDN Error: invalid handle
[2026-10-09 16:36:55.797] [svulkan2] [error] OIDN Error: invalid handle
[2026-10-09 16:36:55.797] [svulkan2] [error] OIDN Error: invalid handle
[2026-10-09 16:36:55.797] [svulkan2] [error] OIDN Error: invalid handle
[2026-10-09 16:36:55.849] [svulkan2] [error] OIDN Error: invalid handle
[2026-10-09 16:36:55.849] [svulkan2] [error] OIDN Error: invalid handle
[2026-10-09 16:36:55.849] [svulkan2] [error] OIDN Error: invalid handle
[2026-10-09 16:36:55.849] [svulkan2] [error] OIDN Error: invalid handle
[2026-10-09 16:36:55.903] [svulkan2] [error] OIDN Error: invalid handle
[2026-10-09 16:36:55.903] [svulkan2] [error] OIDN Error: invalid handle
[2026-10-09 16:36:55.903] [svulkan2] [error] OIDN Error: invalid handle
[2026-10-09 16:36:55.903] [svulkan2] [error] OIDN Error: invalid handle
[2026-10-09 16:36:55.957] [svulkan2] [error] OIDN Error: invalid handle
[2026-10-09 16:36:55.957] [svulkan2] [error] OIDN Error: invalid handle
[2026-10-09 16:36:55.957] [svulkan2] [error] OIDN Error: invalid handle
[2026-10-09 16:36:55.957] [svulkan2] [error] OIDN Error: invalid handle
[2026-10-09 16:36:56.012] [svulkan2] [error] OIDN Error: invalid handle
[2026-10-09 16:36:56.012] [svulkan2] [error] OIDN Error: invalid handle
[2026-10-09 16:36:56.012] [svulkan2] [error] OIDN Error: invalid handle
[2026-10-09 16:36:56.012] [svulkan2] [error] OIDN Error: invalid handle
[2026-10-09 16:36:56.067] [svulkan2] [error] OIDN Error: invalid handle
[2026-10-09 16:36:56.067] [svulkan2] [error] OIDN Error: invalid handle
[2026-10-09 16:36:56.067] [svulkan2] [error] OIDN Error: invalid handle
[2026-10-09 16:36:56.067] [svulkan2] [error] OIDN Error: invalid handle
[2026-10-09 16:36:56.122] [svulkan2] [error] OIDN Error: invalid handle
[2026-10-09 16:36:56.122] [svulkan2] [error] OIDN Error: invalid handle
[2026-10-09 16:36:56.122] [svulkan2] [error] OIDN Error: invalid handle
[2026-10-09 16:36:56.122] [svulkan2] [error] OIDN Error: invalid handle
[2026-10-09 16:36:56.178] [svulkan2] [error] OIDN Error: invalid handle
[2026-10-09 16:36:56.178] [svulkan2] [error] OIDN Error: invalid handle
[2026-10-09 16:36:56.178] [svulkan2] [error] OIDN Error: invalid handle
[2026-10-09 16:36:56.178] [svulkan2] [error] OIDN Error: invalid handle
[2026-10-09 16:36:56.233] [svulkan2] [error] OIDN Error: invalid handle
[2026-10-09 16:36:56.233] [svulkan2] [error] OIDN Error: invalid handle
[2026-10-09 16:36:56.233] [svulkan2] [error] OIDN Error: invalid handle
[2026-10-09 16:36:56.233] [svulkan2] [error] OIDN Error: invalid handle
[2026-10-09 16:36:56.287] [svulkan2] [error] OIDN Error: invalid handle
[2026-10-09 16:36:56.287] [svulkan2] [error] OIDN Error: invalid handle
[2026-10-09 16:36:56.287] [svulkan2] [error] OIDN Error: invalid handle
[2026-10-09 16:36:56.288] [svulkan2] [error] OIDN Error: invalid handle
step: [92m3 / 400[0m{"attempt": 2, "decision": 2, "id": 42, "motions": 3, "left": "pos [-0.12, -0.04, 0.99] quat [0.0, -0.71, 0.0, 0.71] grip 1.00", "right": "pos [0.12, -0.04, 0.99] quat [0.0, -0.71, 0.0, 0.71] grip 1.00", "planner": {"left": "Success", "right": "Success"}, "success": false, "calls_total": 42, "latency_s": 21.95}
[2026-10-09 16:37:20.805] [svulkan2] [error] OIDN Error: invalid handle
[2026-10-09 16:37:20.805] [svulkan2] [error] OIDN Error: invalid handle
[2026-10-09 16:37:20.805] [svulkan2] [error] OIDN Error: invalid handle
[2026-10-09 16:37:20.805] [svulkan2] [error] OIDN Error: invalid handle
[2026-10-09 16:37:20.859] [svulkan2] [error] OIDN Error: invalid handle
[2026-10-09 16:37:20.859] [svulkan2] [error] OIDN Error: invalid handle
[2026-10-09 16:37:20.859] [svulkan2] [error] OIDN Error: invalid handle
[2026-10-09 16:37:20.859] [svulkan2] [error] OIDN Error: invalid handle
[2026-10-09 16:37:20.914] [svulkan2] [error] OIDN Error: invalid handle
[2026-10-09 16:37:20.914] [svulkan2] [error] OIDN Error: invalid handle
[2026-10-09 16:37:20.914] [svulkan2] [error] OIDN Error: invalid handle
[2026-10-09 16:37:20.914] [svulkan2] [error] OIDN Error: invalid handle
[2026-10-09 16:37:20.969] [svulkan2] [error] OIDN Error: invalid handle
[2026-10-09 16:37:20.969] [svulkan2] [error] OIDN Error: invalid handle
[2026-10-09 16:37:20.969] [svulkan2] [error] OIDN Error: invalid handle
[2026-10-09 16:37:20.969] [svulkan2] [error] OIDN Error: invalid handle
[2026-10-09 16:37:21.023] [svulkan2] [error] OIDN Error: invalid handle
[2026-10-09 16:37:21.023] [svulkan2] [error] OIDN Error: invalid handle
[2026-10-09 16:37:21.023] [svulkan2] [error] OIDN Error: invalid handle
[2026-10-09 16:37:21.024] [svulkan2] [error] OIDN Error: invalid handle
[2026-10-09 16:37:21.078] [svulkan2] [error] OIDN Error: invalid handle
[2026-10-09 16:37:21.078] [svulkan2] [error] OIDN Error: invalid handle
[2026-10-09 16:37:21.079] [svulkan2] [error] OIDN Error: invalid handle
[2026-10-09 16:37:21.079] [svulkan2] [error] OIDN Error: invalid handle
[2026-10-09 16:37:21.134] [svulkan2] [error] OIDN Error: invalid handle
[2026-10-09 16:37:21.134] [svulkan2] [error] OIDN Error: invalid handle
[2026-10-09 16:37:21.134] [svulkan2] [error] OIDN Error: invalid handle
[2026-10-09 16:37:21.134] [svulkan2] [error] OIDN Error: invalid handle
[2026-10-09 16:37:21.189] [svulkan2] [error] OIDN Error: invalid handle
[2026-10-09 16:37:21.189] [svulkan2] [error] OIDN Error: invalid handle
[2026-10-09 16:37:21.189] [svulkan2] [error] OIDN Error: invalid handle
[2026-10-09 16:37:21.189] [svulkan2] [error] OIDN Error: invalid handle
[2026-10-09 16:37:21.245] [svulkan2] [error] OIDN Error: invalid handle
[2026-10-09 16:37:21.245] [svulkan2] [error] OIDN Error: invalid handle
[2026-10-09 16:37:21.245] [svulkan2] [error] OIDN Error: invalid handle
[2026-10-09 16:37:21.245] [svulkan2] [error] OIDN Error: invalid handle
[2026-10-09 16:37:21.300] [svulkan2] [error] OIDN Error: invalid handle
[2026-10-09 16:37:21.300] [svulkan2] [error] OIDN Error: invalid handle
[2026-10-09 16:37:21.300] [svulkan2] [error] OIDN Error: invalid handle
[2026-10-09 16:37:21.300] [svulkan2] [error] OIDN Error: invalid handle
[2026-10-09 16:37:21.357] [svulkan2] [error] OIDN Error: invalid handle
[2026-10-09 16:37:21.357] [svulkan2] [error] OIDN Error: invalid handle
[2026-10-09 16:37:21.357] [svulkan2] [error] OIDN Error: invalid handle
[2026-10-09 16:37:21.357] [svulkan2] [error] OIDN Error: invalid handle
[2026-10-09 16:37:21.413] [svulkan2] [error] OIDN Error: invalid handle
[2026-10-09 16:37:21.413] [svulkan2] [error] OIDN Error: invalid handle
[2026-10-09 16:37:21.413] [svulkan2] [error] OIDN Error: invalid handle
[2026-10-09 16:37:21.413] [svulkan2] [error] OIDN Error: invalid handle
[2026-10-09 16:37:21.470] [svulkan2] [error] OIDN Error: invalid handle
[2026-10-09 16:37:21.470] [svulkan2] [error] OIDN Error: invalid handle
[2026-10-09 16:37:21.470] [svulkan2] [error] OIDN Error: invalid handle
[2026-10-09 16:37:21.470] [svulkan2] [error] OIDN Error: invalid handle
[2026-10-09 16:37:21.527] [svulkan2] [error] OIDN Error: invalid handle
[2026-10-09 16:37:21.527] [svulkan2] [error] OIDN Error: invalid handle
[2026-10-09 16:37:21.527] [svulkan2] [error] OIDN Error: invalid handle
[2026-10-09 16:37:21.527] [svulkan2] [error] OIDN Error: invalid handle
[2026-10-09 16:37:21.585] [svulkan2] [error] OIDN Error: invalid handle
[2026-10-09 16:37:21.585] [svulkan2] [error] OIDN Error: invalid handle
[2026-10-09 16:37:21.585] [svulkan2] [error] OIDN Error: invalid handle
[2026-10-09 16:37:21.585] [svulkan2] [error] OIDN Error: invalid handle
[2026-10-09 16:37:21.643] [svulkan2] [error] OIDN Error: invalid handle
[2026-10-09 16:37:21.643] [svulkan2] [error] OIDN Error: invalid handle
[2026-10-09 16:37:21.643] [svulkan2] [error] OIDN Error: invalid handle
[2026-10-09 16:37:21.643] [svulkan2] [error] OIDN Error: invalid handle
[2026-10-09 16:37:21.701] [svulkan2] [error] OIDN Error: invalid handle
[2026-10-09 16:37:21.703] [svulkan2] [error] OIDN Error: invalid handle
[2026-10-09 16:37:21.703] [svulkan2] [error] OIDN Error: invalid handle
[2026-10-09 16:37:21.703] [svulkan2] [error] OIDN Error: invalid handle
[2026-10-09 16:37:21.760] [svulkan2] [error] OIDN Error: invalid handle
[2026-10-09 16:37:21.760] [svulkan2] [error] OIDN Error: invalid handle
[2026-10-09 16:37:21.760] [svulkan2] [error] OIDN Error: invalid handle
[2026-10-09 16:37:21.760] [svulkan2] [error] OIDN Error: invalid handle
[2026-10-09 16:37:21.819] [svulkan2] [error] OIDN Error: invalid handle
[2026-10-09 16:37:21.819] [svulkan2] [error] OIDN Error: invalid handle
[2026-10-09 16:37:21.819] [svulkan2] [error] OIDN Error: invalid handle
[2026-10-09 16:37:21.819] [svulkan2] [error] OIDN Error: invalid handle
[2026-10-09 16:37:21.878] [svulkan2] [error] OIDN Error: invalid handle
[2026-10-09 16:37:21.878] [svulkan2] [error] OIDN Error: invalid handle
[2026-10-09 16:37:21.878] [svulkan2] [error] OIDN Error: invalid handle
[2026-10-09 16:37:21.878] [svulkan2] [error] OIDN Error: invalid handle
[2026-10-09 16:37:21.938] [svulkan2] [error] OIDN Error: invalid handle
[2026-10-09 16:37:21.938] [svulkan2] [error] OIDN Error: invalid handle
[2026-10-09 16:37:21.938] [svulkan2] [error] OIDN Error: invalid handle
[2026-10-09 16:37:21.938] [svulkan2] [error] OIDN Error: invalid handle
[2026-10-09 16:37:21.998] [svulkan2] [error] OIDN Error: invalid handle
[2026-10-09 16:37:21.998] [svulkan2] [error] OIDN Error: invalid handle
[2026-10-09 16:37:21.998] [svulkan2] [error] OIDN Error: invalid handle
[2026-10-09 16:37:21.998] [svulkan2] [error] OIDN Error: invalid handle
[2026-10-09 16:37:22.063] [svulkan2] [error] OIDN Error: invalid handle
[2026-10-09 16:37:22.063] [svulkan2] [error] OIDN Error: invalid handle
[2026-10-09 16:37:22.063] [svulkan2] [error] OIDN Error: invalid handle
[2026-10-09 16:37:22.063] [svulkan2] [error] OIDN Error: invalid handle
[2026-10-09 16:37:22.122] [svulkan2] [error] OIDN Error: invalid handle
[2026-10-09 16:37:22.122] [svulkan2] [error] OIDN Error: invalid handle
[2026-10-09 16:37:22.122] [svulkan2] [error] OIDN Error: invalid handle
[2026-10-09 16:37:22.123] [svulkan2] [error] OIDN Error: invalid handle
[2026-10-09 16:37:22.182] [svulkan2] [error] OIDN Error: invalid handle
[2026-10-09 16:37:22.182] [svulkan2] [error] OIDN Error: invalid handle
[2026-10-09 16:37:22.182] [svulkan2] [error] OIDN Error: invalid handle
[2026-10-09 16:37:22.182] [svulkan2] [error] OIDN Error: invalid handle
[2026-10-09 16:37:22.242] [svulkan2] [error] OIDN Error: invalid handle
[2026-10-09 16:37:22.242] [svulkan2] [error] OIDN Error: invalid handle
[2026-10-09 16:37:22.242] [svulkan2] [error] OIDN Error: invalid handle
[2026-10-09 16:37:22.242] [svulkan2] [error] OIDN Error: invalid handle
[2026-10-09 16:37:22.301] [svulkan2] [error] OIDN Error: invalid handle
[2026-10-09 16:37:22.301] [svulkan2] [error] OIDN Error: invalid handle
[2026-10-09 16:37:22.301] [svulkan2] [error] OIDN Error: invalid handle
[2026-10-09 16:37:22.301] [svulkan2] [error] OIDN Error: invalid handle
[2026-10-09 16:37:22.359] [svulkan2] [error] OIDN Error: invalid handle
[2026-10-09 16:37:22.360] [svulkan2] [error] OIDN Error: invalid handle
[2026-10-09 16:37:22.360] [svulkan2] [error] OIDN Error: invalid handle
[2026-10-09 16:37:22.360] [svulkan2] [error] OIDN Error: invalid handle
step: [92m4 / 400[0m{"attempt": 2, "decision": 3, "id": 43, "motions": 4, "left": "pos [-0.07, -0.02, 0.991] quat [0.0, -0.71, 0.0, 0.71] grip 1.00", "right": "pos [0.07, -0.02, 0.991] quat [0.0, -0.71, 0.0, 0.71] grip 1.00", "planner": {"left": "Success", "right": "Success"}, "success": false, "calls_total": 43, "latency_s": 23.85}
[2026-10-09 16:37:47.651] [svulkan2] [error] OIDN Error: invalid handle
[2026-10-09 16:37:47.651] [svulkan2] [error] OIDN Error: invalid handle
[2026-10-09 16:37:47.651] [svulkan2] [error] OIDN Error: invalid handle
[2026-10-09 16:37:47.651] [svulkan2] [error] OIDN Error: invalid handle
[2026-10-09 16:37:47.709] [svulkan2] [error] OIDN Error: invalid handle
[2026-10-09 16:37:47.709] [svulkan2] [error] OIDN Error: invalid handle
[2026-10-09 16:37:47.709] [svulkan2] [error] OIDN Error: invalid handle
[2026-10-09 16:37:47.709] [svulkan2] [error] OIDN Error: invalid handle
[2026-10-09 16:37:47.768] [svulkan2] [error] OIDN Error: invalid handle
[2026-10-09 16:37:47.768] [svulkan2] [error] OIDN Error: invalid handle
[2026-10-09 16:37:47.768] [svulkan2] [error] OIDN Error: invalid handle
[2026-10-09 16:37:47.768] [svulkan2] [error] OIDN Error: invalid handle
[2026-10-09 16:37:47.827] [svulkan2] [error] OIDN Error: invalid handle
[2026-10-09 16:37:47.827] [svulkan2] [error] OIDN Error: invalid handle
[2026-10-09 16:37:47.827] [svulkan2] [error] OIDN Error: invalid handle
[2026-10-09 16:37:47.827] [svulkan2] [error] OIDN Error: invalid handle
[2026-10-09 16:37:47.887] [svulkan2] [error] OIDN Error: invalid handle
[2026-10-09 16:37:47.887] [svulkan2] [error] OIDN Error: invalid handle
[2026-10-09 16:37:47.887] [svulkan2] [error] OIDN Error: invalid handle
[2026-10-09 16:37:47.887] [svulkan2] [error] OIDN Error: invalid handle
[2026-10-09 16:37:47.947] [svulkan2] [error] OIDN Error: invalid handle
[2026-10-09 16:37:47.947] [svulkan2] [error] OIDN Error: invalid handle
[2026-10-09 16:37:47.947] [svulkan2] [error] OIDN Error: invalid handle
[2026-10-09 16:37:47.947] [svulkan2] [error] OIDN Error: invalid handle
[2026-10-09 16:37:48.007] [svulkan2] [error] OIDN Error: invalid handle
[2026-10-09 16:37:48.008] [svulkan2] [error] OIDN Error: invalid handle
[2026-10-09 16:37:48.008] [svulkan2] [error] OIDN Error: invalid handle
[2026-10-09 16:37:48.008] [svulkan2] [error] OIDN Error: invalid handle
[2026-10-09 16:37:48.067] [svulkan2] [error] OIDN Error: invalid handle
[2026-10-09 16:37:48.067] [svulkan2] [error] OIDN Error: invalid handle
[2026-10-09 16:37:48.067] [svulkan2] [error] OIDN Error: invalid handle
[2026-10-09 16:37:48.067] [svulkan2] [error] OIDN Error: invalid handle
[2026-10-09 16:37:48.128] [svulkan2] [error] OIDN Error: invalid handle
[2026-10-09 16:37:48.128] [svulkan2] [error] OIDN Error: invalid handle
[2026-10-09 16:37:48.128] [svulkan2] [error] OIDN Error: invalid handle
[2026-10-09 16:37:48.128] [svulkan2] [error] OIDN Error: invalid handle
[2026-10-09 16:37:48.187] [svulkan2] [error] OIDN Error: invalid handle
[2026-10-09 16:37:48.188] [svulkan2] [error] OIDN Error: invalid handle
[2026-10-09 16:37:48.188] [svulkan2] [error] OIDN Error: invalid handle
[2026-10-09 16:37:48.188] [svulkan2] [error] OIDN Error: invalid handle
[2026-10-09 16:37:48.248] [svulkan2] [error] OIDN Error: invalid handle
[2026-10-09 16:37:48.249] [svulkan2] [error] OIDN Error: invalid handle
[2026-10-09 16:37:48.249] [svulkan2] [error] OIDN Error: invalid handle
[2026-10-09 16:37:48.249] [svulkan2] [error] OIDN Error: invalid handle
[2026-10-09 16:37:48.309] [svulkan2] [error] OIDN Error: invalid handle
[2026-10-09 16:37:48.309] [svulkan2] [error] OIDN Error: invalid handle
[2026-10-09 16:37:48.309] [svulkan2] [error] OIDN Error: invalid handle
[2026-10-09 16:37:48.309] [svulkan2] [error] OIDN Error: invalid handle
[2026-10-09 16:37:48.369] [svulkan2] [error] OIDN Error: invalid handle
[2026-10-09 16:37:48.369] [svulkan2] [error] OIDN Error: invalid handle
[2026-10-09 16:37:48.369] [svulkan2] [error] OIDN Error: invalid handle
[2026-10-09 16:37:48.369] [svulkan2] [error] OIDN Error: invalid handle
[2026-10-09 16:37:48.429] [svulkan2] [error] OIDN Error: invalid handle
[2026-10-09 16:37:48.429] [svulkan2] [error] OIDN Error: invalid handle
[2026-10-09 16:37:48.430] [svulkan2] [error] OIDN Error: invalid handle
[2026-10-09 16:37:48.430] [svulkan2] [error] OIDN Error: invalid handle
[2026-10-09 16:37:48.496] [svulkan2] [error] OIDN Error: invalid handle
[2026-10-09 16:37:48.496] [svulkan2] [error] OIDN Error: invalid handle
[2026-10-09 16:37:48.496] [svulkan2] [error] OIDN Error: invalid handle
[2026-10-09 16:37:48.496] [svulkan2] [error] OIDN Error: invalid handle
[2026-10-09 16:37:48.557] [svulkan2] [error] OIDN Error: invalid handle
[2026-10-09 16:37:48.557] [svulkan2] [error] OIDN Error: invalid handle
[2026-10-09 16:37:48.557] [svulkan2] [error] OIDN Error: invalid handle
[2026-10-09 16:37:48.557] [svulkan2] [error] OIDN Error: invalid handle
step: [92m5 / 400[0m{"attempt": 2, "decision": 4, "id": 44, "motions": 5, "left": "pos [-0.085, 0.003, 0.96] quat [0.0, -0.71, 0.0, 0.71] grip 1.00", "right": "pos [0.095, 0.003, 0.96] quat [0.0, -0.71, 0.0, 0.71] grip 1.00", "planner": {"left": "Success", "right": "Success"}, "success": false, "calls_total": 44, "latency_s": 24.61}
[2026-10-09 16:38:06.667] [svulkan2] [error] OIDN Error: invalid handle
[2026-10-09 16:38:06.667] [svulkan2] [error] OIDN Error: invalid handle
[2026-10-09 16:38:06.667] [svulkan2] [error] OIDN Error: invalid handle
[2026-10-09 16:38:06.667] [svulkan2] [error] OIDN Error: invalid handle
[2026-10-09 16:38:06.727] [svulkan2] [error] OIDN Error: invalid handle
[2026-10-09 16:38:06.727] [svulkan2] [error] OIDN Error: invalid handle
[2026-10-09 16:38:06.727] [svulkan2] [error] OIDN Error: invalid handle
[2026-10-09 16:38:06.727] [svulkan2] [error] OIDN Error: invalid handle
[2026-10-09 16:38:06.793] [svulkan2] [error] OIDN Error: invalid handle
[2026-10-09 16:38:06.793] [svulkan2] [error] OIDN Error: invalid handle
[2026-10-09 16:38:06.793] [svulkan2] [error] OIDN Error: invalid handle
[2026-10-09 16:38:06.793] [svulkan2] [error] OIDN Error: invalid handle
[2026-10-09 16:38:06.853] [svulkan2] [error] OIDN Error: invalid handle
[2026-10-09 16:38:06.853] [svulkan2] [error] OIDN Error: invalid handle
[2026-10-09 16:38:06.853] [svulkan2] [error] OIDN Error: invalid handle
[2026-10-09 16:38:06.853] [svulkan2] [error] OIDN Error: invalid handle
[2026-10-09 16:38:06.913] [svulkan2] [error] OIDN Error: invalid handle
[2026-10-09 16:38:06.913] [svulkan2] [error] OIDN Error: invalid handle
[2026-10-09 16:38:06.913] [svulkan2] [error] OIDN Error: invalid handle
[2026-10-09 16:38:06.913] [svulkan2] [error] OIDN Error: invalid handle
step: [92m6 / 400[0m{"attempt": 2, "decision": 5, "id": 45, "motions": 6, "left": "hold grip 0.00", "right": "hold grip 0.00", "planner": {"left": "hold", "right": "hold"}, "success": false, "calls_total": 45, "latency_s": 17.53}
[2026-10-09 16:38:22.037] [svulkan2] [error] OIDN Error: invalid handle
[2026-10-09 16:38:22.037] [svulkan2] [error] OIDN Error: invalid handle
[2026-10-09 16:38:22.037] [svulkan2] [error] OIDN Error: invalid handle
[2026-10-09 16:38:22.037] [svulkan2] [error] OIDN Error: invalid handle
[2026-10-09 16:38:22.098] [svulkan2] [error] OIDN Error: invalid handle
[2026-10-09 16:38:22.098] [svulkan2] [error] OIDN Error: invalid handle
[2026-10-09 16:38:22.098] [svulkan2] [error] OIDN Error: invalid handle
[2026-10-09 16:38:22.098] [svulkan2] [error] OIDN Error: invalid handle
[2026-10-09 16:38:22.159] [svulkan2] [error] OIDN Error: invalid handle
[2026-10-09 16:38:22.160] [svulkan2] [error] OIDN Error: invalid handle
[2026-10-09 16:38:22.160] [svulkan2] [error] OIDN Error: invalid handle
[2026-10-09 16:38:22.161] [svulkan2] [error] OIDN Error: invalid handle
[2026-10-09 16:38:22.220] [svulkan2] [error] OIDN Error: invalid handle
[2026-10-09 16:38:22.220] [svulkan2] [error] OIDN Error: invalid handle
[2026-10-09 16:38:22.220] [svulkan2] [error] OIDN Error: invalid handle
[2026-10-09 16:38:22.220] [svulkan2] [error] OIDN Error: invalid handle
[2026-10-09 16:38:22.279] [svulkan2] [error] OIDN Error: invalid handle
[2026-10-09 16:38:22.279] [svulkan2] [error] OIDN Error: invalid handle
[2026-10-09 16:38:22.279] [svulkan2] [error] OIDN Error: invalid handle
[2026-10-09 16:38:22.279] [svulkan2] [error] OIDN Error: invalid handle
step: [92m7 / 400[0m{"attempt": 2, "decision": 6, "id": 46, "motions": 7, "left": "hold grip 0.00", "right": "hold grip 0.00", "planner": {"left": "hold", "right": "hold"}, "success": false, "calls_total": 46, "latency_s": 14.55}
[2026-10-09 16:38:41.925] [svulkan2] [error] OIDN Error: invalid handle
[2026-10-09 16:38:41.925] [svulkan2] [error] OIDN Error: invalid handle
[2026-10-09 16:38:41.925] [svulkan2] [error] OIDN Error: invalid handle
[2026-10-09 16:38:41.925] [svulkan2] [error] OIDN Error: invalid handle
[2026-10-09 16:38:41.984] [svulkan2] [error] OIDN Error: invalid handle
[2026-10-09 16:38:41.984] [svulkan2] [error] OIDN Error: invalid handle
[2026-10-09 16:38:41.984] [svulkan2] [error] OIDN Error: invalid handle
[2026-10-09 16:38:41.984] [svulkan2] [error] OIDN Error: invalid handle
[2026-10-09 16:38:42.044] [svulkan2] [error] OIDN Error: invalid handle
[2026-10-09 16:38:42.044] [svulkan2] [error] OIDN Error: invalid handle
[2026-10-09 16:38:42.044] [svulkan2] [error] OIDN Error: invalid handle
[2026-10-09 16:38:42.044] [svulkan2] [error] OIDN Error: invalid handle
[2026-10-09 16:38:42.104] [svulkan2] [error] OIDN Error: invalid handle
[2026-10-09 16:38:42.104] [svulkan2] [error] OIDN Error: invalid handle
[2026-10-09 16:38:42.104] [svulkan2] [error] OIDN Error: invalid handle
[2026-10-09 16:38:42.104] [svulkan2] [error] OIDN Error: invalid handle
[2026-10-09 16:38:42.164] [svulkan2] [error] OIDN Error: invalid handle
[2026-10-09 16:38:42.164] [svulkan2] [error] OIDN Error: invalid handle
[2026-10-09 16:38:42.164] [svulkan2] [error] OIDN Error: invalid handle
[2026-10-09 16:38:42.164] [svulkan2] [error] OIDN Error: invalid handle
[2026-10-09 16:38:42.224] [svulkan2] [error] OIDN Error: invalid handle
[2026-10-09 16:38:42.225] [svulkan2] [error] OIDN Error: invalid handle
[2026-10-09 16:38:42.225] [svulkan2] [error] OIDN Error: invalid handle
[2026-10-09 16:38:42.225] [svulkan2] [error] OIDN Error: invalid handle
[2026-10-09 16:38:42.289] [svulkan2] [error] OIDN Error: invalid handle
[2026-10-09 16:38:42.289] [svulkan2] [error] OIDN Error: invalid handle
[2026-10-09 16:38:42.289] [svulkan2] [error] OIDN Error: invalid handle
[2026-10-09 16:38:42.289] [svulkan2] [error] OIDN Error: invalid handle
[2026-10-09 16:38:42.348] [svulkan2] [error] OIDN Error: invalid handle
[2026-10-09 16:38:42.348] [svulkan2] [error] OIDN Error: invalid handle
[2026-10-09 16:38:42.348] [svulkan2] [error] OIDN Error: invalid handle
[2026-10-09 16:38:42.348] [svulkan2] [error] OIDN Error: invalid handle
[2026-10-09 16:38:42.409] [svulkan2] [error] OIDN Error: invalid handle
[2026-10-09 16:38:42.409] [svulkan2] [error] OIDN Error: invalid handle
[2026-10-09 16:38:42.409] [svulkan2] [error] OIDN Error: invalid handle
[2026-10-09 16:38:42.409] [svulkan2] [error] OIDN Error: invalid handle
[2026-10-09 16:38:42.469] [svulkan2] [error] OIDN Error: invalid handle
[2026-10-09 16:38:42.469] [svulkan2] [error] OIDN Error: invalid handle
[2026-10-09 16:38:42.469] [svulkan2] [error] OIDN Error: invalid handle
[2026-10-09 16:38:42.469] [svulkan2] [error] OIDN Error: invalid handle
[2026-10-09 16:38:42.529] [svulkan2] [error] OIDN Error: invalid handle
[2026-10-09 16:38:42.529] [svulkan2] [error] OIDN Error: invalid handle
[2026-10-09 16:38:42.529] [svulkan2] [error] OIDN Error: invalid handle
[2026-10-09 16:38:42.529] [svulkan2] [error] OIDN Error: invalid handle
[2026-10-09 16:38:42.588] [svulkan2] [error] OIDN Error: invalid handle
[2026-10-09 16:38:42.589] [svulkan2] [error] OIDN Error: invalid handle
[2026-10-09 16:38:42.589] [svulkan2] [error] OIDN Error: invalid handle
[2026-10-09 16:38:42.589] [svulkan2] [error] OIDN Error: invalid handle
[2026-10-09 16:38:42.649] [svulkan2] [error] OIDN Error: invalid handle
[2026-10-09 16:38:42.649] [svulkan2] [error] OIDN Error: invalid handle
[2026-10-09 16:38:42.650] [svulkan2] [error] OIDN Error: invalid handle
[2026-10-09 16:38:42.650] [svulkan2] [error] OIDN Error: invalid handle
[2026-10-09 16:38:42.710] [svulkan2] [error] OIDN Error: invalid handle
[2026-10-09 16:38:42.710] [svulkan2] [error] OIDN Error: invalid handle
[2026-10-09 16:38:42.710] [svulkan2] [error] OIDN Error: invalid handle
[2026-10-09 16:38:42.710] [svulkan2] [error] OIDN Error: invalid handle
[2026-10-09 16:38:42.770] [svulkan2] [error] OIDN Error: invalid handle
[2026-10-09 16:38:42.770] [svulkan2] [error] OIDN Error: invalid handle
[2026-10-09 16:38:42.770] [svulkan2] [error] OIDN Error: invalid handle
[2026-10-09 16:38:42.770] [svulkan2] [error] OIDN Error: invalid handle
[2026-10-09 16:38:42.830] [svulkan2] [error] OIDN Error: invalid handle
[2026-10-09 16:38:42.830] [svulkan2] [error] OIDN Error: invalid handle
[2026-10-09 16:38:42.830] [svulkan2] [error] OIDN Error: invalid handle
[2026-10-09 16:38:42.830] [svulkan2] [error] OIDN Error: invalid handle
[2026-10-09 16:38:42.890] [svulkan2] [error] OIDN Error: invalid handle
[2026-10-09 16:38:42.890] [svulkan2] [error] OIDN Error: invalid handle
[2026-10-09 16:38:42.890] [svulkan2] [error] OIDN Error: invalid handle
[2026-10-09 16:38:42.890] [svulkan2] [error] OIDN Error: invalid handle
[2026-10-09 16:38:42.950] [svulkan2] [error] OIDN Error: invalid handle
[2026-10-09 16:38:42.950] [svulkan2] [error] OIDN Error: invalid handle
[2026-10-09 16:38:42.950] [svulkan2] [error] OIDN Error: invalid handle
[2026-10-09 16:38:42.950] [svulkan2] [error] OIDN Error: invalid handle
[2026-10-09 16:38:43.011] [svulkan2] [error] OIDN Error: invalid handle
[2026-10-09 16:38:43.011] [svulkan2] [error] OIDN Error: invalid handle
[2026-10-09 16:38:43.011] [svulkan2] [error] OIDN Error: invalid handle
[2026-10-09 16:38:43.011] [svulkan2] [error] OIDN Error: invalid handle
[2026-10-09 16:38:43.071] [svulkan2] [error] OIDN Error: invalid handle
[2026-10-09 16:38:43.071] [svulkan2] [error] OIDN Error: invalid handle
[2026-10-09 16:38:43.071] [svulkan2] [error] OIDN Error: invalid handle
[2026-10-09 16:38:43.071] [svulkan2] [error] OIDN Error: invalid handle
[2026-10-09 16:38:43.129] [svulkan2] [error] OIDN Error: invalid handle
[2026-10-09 16:38:43.129] [svulkan2] [error] OIDN Error: invalid handle
[2026-10-09 16:38:43.129] [svulkan2] [error] OIDN Error: invalid handle
[2026-10-09 16:38:43.129] [svulkan2] [error] OIDN Error: invalid handle
step: [92m8 / 400[0m{"attempt": 2, "decision": 7, "id": 47, "motions": 8, "left": "pos [-0.085, 0.001, 1.002] quat [0.0, -0.71, 0.0, 0.71] grip 0.00", "right": "pos [0.093, 0.002, 0.997] quat [0.0, -0.71, 0.0, 0.71] grip 0.00", "planner": {"left": "Success", "right": "Success"}, "success": false, "calls_total": 47, "latency_s": 18.98}
[2026-10-09 16:39:02.391] [svulkan2] [error] OIDN Error: invalid handle
[2026-10-09 16:39:02.391] [svulkan2] [error] OIDN Error: invalid handle
[2026-10-09 16:39:02.391] [svulkan2] [error] OIDN Error: invalid handle
[2026-10-09 16:39:02.391] [svulkan2] [error] OIDN Error: invalid handle
[2026-10-09 16:39:02.449] [svulkan2] [error] OIDN Error: invalid handle
[2026-10-09 16:39:02.450] [svulkan2] [error] OIDN Error: invalid handle
[2026-10-09 16:39:02.450] [svulkan2] [error] OIDN Error: invalid handle
[2026-10-09 16:39:02.450] [svulkan2] [error] OIDN Error: invalid handle
[2026-10-09 16:39:02.508] [svulkan2] [error] OIDN Error: invalid handle
[2026-10-09 16:39:02.509] [svulkan2] [error] OIDN Error: invalid handle
[2026-10-09 16:39:02.509] [svulkan2] [error] OIDN Error: invalid handle
[2026-10-09 16:39:02.509] [svulkan2] [error] OIDN Error: invalid handle
[2026-10-09 16:39:02.570] [svulkan2] [error] OIDN Error: invalid handle
[2026-10-09 16:39:02.570] [svulkan2] [error] OIDN Error: invalid handle
[2026-10-09 16:39:02.570] [svulkan2] [error] OIDN Error: invalid handle
[2026-10-09 16:39:02.570] [svulkan2] [error] OIDN Error: invalid handle
[2026-10-09 16:39:02.630] [svulkan2] [error] OIDN Error: invalid handle
[2026-10-09 16:39:02.630] [svulkan2] [error] OIDN Error: invalid handle
[2026-10-09 16:39:02.630] [svulkan2] [error] OIDN Error: invalid handle
[2026-10-09 16:39:02.630] [svulkan2] [error] OIDN Error: invalid handle
[2026-10-09 16:39:02.689] [svulkan2] [error] OIDN Error: invalid handle
[2026-10-09 16:39:02.689] [svulkan2] [error] OIDN Error: invalid handle
[2026-10-09 16:39:02.689] [svulkan2] [error] OIDN Error: invalid handle
[2026-10-09 16:39:02.689] [svulkan2] [error] OIDN Error: invalid handle
[2026-10-09 16:39:02.749] [svulkan2] [error] OIDN Error: invalid handle
[2026-10-09 16:39:02.749] [svulkan2] [error] OIDN Error: invalid handle
[2026-10-09 16:39:02.749] [svulkan2] [error] OIDN Error: invalid handle
[2026-10-09 16:39:02.749] [svulkan2] [error] OIDN Error: invalid handle
[2026-10-09 16:39:02.809] [svulkan2] [error] OIDN Error: invalid handle
[2026-10-09 16:39:02.809] [svulkan2] [error] OIDN Error: invalid handle
[2026-10-09 16:39:02.809] [svulkan2] [error] OIDN Error: invalid handle
[2026-10-09 16:39:02.809] [svulkan2] [error] OIDN Error: invalid handle
[2026-10-09 16:39:02.870] [svulkan2] [error] OIDN Error: invalid handle
[2026-10-09 16:39:02.870] [svulkan2] [error] OIDN Error: invalid handle
[2026-10-09 16:39:02.870] [svulkan2] [error] OIDN Error: invalid handle
[2026-10-09 16:39:02.870] [svulkan2] [error] OIDN Error: invalid handle
[2026-10-09 16:39:02.930] [svulkan2] [error] OIDN Error: invalid handle
[2026-10-09 16:39:02.930] [svulkan2] [error] OIDN Error: invalid handle
[2026-10-09 16:39:02.930] [svulkan2] [error] OIDN Error: invalid handle
[2026-10-09 16:39:02.930] [svulkan2] [error] OIDN Error: invalid handle
[2026-10-09 16:39:02.990] [svulkan2] [error] OIDN Error: invalid handle
[2026-10-09 16:39:02.990] [svulkan2] [error] OIDN Error: invalid handle
[2026-10-09 16:39:02.990] [svulkan2] [error] OIDN Error: invalid handle
[2026-10-09 16:39:02.990] [svulkan2] [error] OIDN Error: invalid handle
[2026-10-09 16:39:03.051] [svulkan2] [error] OIDN Error: invalid handle
[2026-10-09 16:39:03.051] [svulkan2] [error] OIDN Error: invalid handle
[2026-10-09 16:39:03.051] [svulkan2] [error] OIDN Error: invalid handle
[2026-10-09 16:39:03.051] [svulkan2] [error] OIDN Error: invalid handle
[2026-10-09 16:39:03.114] [svulkan2] [error] OIDN Error: invalid handle
[2026-10-09 16:39:03.114] [svulkan2] [error] OIDN Error: invalid handle
[2026-10-09 16:39:03.114] [svulkan2] [error] OIDN Error: invalid handle
[2026-10-09 16:39:03.114] [svulkan2] [error] OIDN Error: invalid handle
[2026-10-09 16:39:03.174] [svulkan2] [error] OIDN Error: invalid handle
[2026-10-09 16:39:03.174] [svulkan2] [error] OIDN Error: invalid handle
[2026-10-09 16:39:03.174] [svulkan2] [error] OIDN Error: invalid handle
[2026-10-09 16:39:03.174] [svulkan2] [error] OIDN Error: invalid handle
[2026-10-09 16:39:03.235] [svulkan2] [error] OIDN Error: invalid handle
[2026-10-09 16:39:03.235] [svulkan2] [error] OIDN Error: invalid handle
[2026-10-09 16:39:03.235] [svulkan2] [error] OIDN Error: invalid handle
[2026-10-09 16:39:03.235] [svulkan2] [error] OIDN Error: invalid handle
[2026-10-09 16:39:03.297] [svulkan2] [error] OIDN Error: invalid handle
[2026-10-09 16:39:03.297] [svulkan2] [error] OIDN Error: invalid handle
[2026-10-09 16:39:03.297] [svulkan2] [error] OIDN Error: invalid handle
[2026-10-09 16:39:03.297] [svulkan2] [error] OIDN Error: invalid handle
[2026-10-09 16:39:03.358] [svulkan2] [error] OIDN Error: invalid handle
[2026-10-09 16:39:03.358] [svulkan2] [error] OIDN Error: invalid handle
[2026-10-09 16:39:03.358] [svulkan2] [error] OIDN Error: invalid handle
[2026-10-09 16:39:03.358] [svulkan2] [error] OIDN Error: invalid handle
[2026-10-09 16:39:03.418] [svulkan2] [error] OIDN Error: invalid handle
[2026-10-09 16:39:03.418] [svulkan2] [error] OIDN Error: invalid handle
[2026-10-09 16:39:03.418] [svulkan2] [error] OIDN Error: invalid handle
[2026-10-09 16:39:03.418] [svulkan2] [error] OIDN Error: invalid handle
[2026-10-09 16:39:03.479] [svulkan2] [error] OIDN Error: invalid handle
[2026-10-09 16:39:03.479] [svulkan2] [error] OIDN Error: invalid handle
[2026-10-09 16:39:03.479] [svulkan2] [error] OIDN Error: invalid handle
[2026-10-09 16:39:03.479] [svulkan2] [error] OIDN Error: invalid handle
[2026-10-09 16:39:03.539] [svulkan2] [error] OIDN Error: invalid handle
[2026-10-09 16:39:03.539] [svulkan2] [error] OIDN Error: invalid handle
[2026-10-09 16:39:03.539] [svulkan2] [error] OIDN Error: invalid handle
[2026-10-09 16:39:03.539] [svulkan2] [error] OIDN Error: invalid handle
[2026-10-09 16:39:03.600] [svulkan2] [error] OIDN Error: invalid handle
[2026-10-09 16:39:03.600] [svulkan2] [error] OIDN Error: invalid handle
[2026-10-09 16:39:03.600] [svulkan2] [error] OIDN Error: invalid handle
[2026-10-09 16:39:03.600] [svulkan2] [error] OIDN Error: invalid handle
[2026-10-09 16:39:03.660] [svulkan2] [error] OIDN Error: invalid handle
[2026-10-09 16:39:03.660] [svulkan2] [error] OIDN Error: invalid handle
[2026-10-09 16:39:03.660] [svulkan2] [error] OIDN Error: invalid handle
[2026-10-09 16:39:03.660] [svulkan2] [error] OIDN Error: invalid handle
[2026-10-09 16:39:03.725] [svulkan2] [error] OIDN Error: invalid handle
[2026-10-09 16:39:03.725] [svulkan2] [error] OIDN Error: invalid handle
[2026-10-09 16:39:03.725] [svulkan2] [error] OIDN Error: invalid handle
[2026-10-09 16:39:03.726] [svulkan2] [error] OIDN Error: invalid handle
[2026-10-09 16:39:03.785] [svulkan2] [error] OIDN Error: invalid handle
[2026-10-09 16:39:03.785] [svulkan2] [error] OIDN Error: invalid handle
[2026-10-09 16:39:03.785] [svulkan2] [error] OIDN Error: invalid handle
[2026-10-09 16:39:03.785] [svulkan2] [error] OIDN Error: invalid handle
[2026-10-09 16:39:03.846] [svulkan2] [error] OIDN Error: invalid handle
[2026-10-09 16:39:03.846] [svulkan2] [error] OIDN Error: invalid handle
[2026-10-09 16:39:03.846] [svulkan2] [error] OIDN Error: invalid handle
[2026-10-09 16:39:03.846] [svulkan2] [error] OIDN Error: invalid handle
[2026-10-09 16:39:03.906] [svulkan2] [error] OIDN Error: invalid handle
[2026-10-09 16:39:03.906] [svulkan2] [error] OIDN Error: invalid handle
[2026-10-09 16:39:03.906] [svulkan2] [error] OIDN Error: invalid handle
[2026-10-09 16:39:03.906] [svulkan2] [error] OIDN Error: invalid handle
[2026-10-09 16:39:03.967] [svulkan2] [error] OIDN Error: invalid handle
[2026-10-09 16:39:03.967] [svulkan2] [error] OIDN Error: invalid handle
[2026-10-09 16:39:03.967] [svulkan2] [error] OIDN Error: invalid handle
[2026-10-09 16:39:03.967] [svulkan2] [error] OIDN Error: invalid handle
[2026-10-09 16:39:04.028] [svulkan2] [error] OIDN Error: invalid handle
[2026-10-09 16:39:04.028] [svulkan2] [error] OIDN Error: invalid handle
[2026-10-09 16:39:04.028] [svulkan2] [error] OIDN Error: invalid handle
[2026-10-09 16:39:04.028] [svulkan2] [error] OIDN Error: invalid handle
[2026-10-09 16:39:04.090] [svulkan2] [error] OIDN Error: invalid handle
[2026-10-09 16:39:04.090] [svulkan2] [error] OIDN Error: invalid handle
[2026-10-09 16:39:04.090] [svulkan2] [error] OIDN Error: invalid handle
[2026-10-09 16:39:04.090] [svulkan2] [error] OIDN Error: invalid handle
[2026-10-09 16:39:04.153] [svulkan2] [error] OIDN Error: invalid handle
[2026-10-09 16:39:04.153] [svulkan2] [error] OIDN Error: invalid handle
[2026-10-09 16:39:04.153] [svulkan2] [error] OIDN Error: invalid handle
[2026-10-09 16:39:04.153] [svulkan2] [error] OIDN Error: invalid handle
[2026-10-09 16:39:04.217] [svulkan2] [error] OIDN Error: invalid handle
[2026-10-09 16:39:04.217] [svulkan2] [error] OIDN Error: invalid handle
[2026-10-09 16:39:04.217] [svulkan2] [error] OIDN Error: invalid handle
[2026-10-09 16:39:04.217] [svulkan2] [error] OIDN Error: invalid handle
[2026-10-09 16:39:04.280] [svulkan2] [error] OIDN Error: invalid handle
[2026-10-09 16:39:04.280] [svulkan2] [error] OIDN Error: invalid handle
[2026-10-09 16:39:04.280] [svulkan2] [error] OIDN Error: invalid handle
[2026-10-09 16:39:04.280] [svulkan2] [error] OIDN Error: invalid handle
[2026-10-09 16:39:04.343] [svulkan2] [error] OIDN Error: invalid handle
[2026-10-09 16:39:04.343] [svulkan2] [error] OIDN Error: invalid handle
[2026-10-09 16:39:04.343] [svulkan2] [error] OIDN Error: invalid handle
[2026-10-09 16:39:04.343] [svulkan2] [error] OIDN Error: invalid handle
[2026-10-09 16:39:04.405] [svulkan2] [error] OIDN Error: invalid handle
[2026-10-09 16:39:04.405] [svulkan2] [error] OIDN Error: invalid handle
[2026-10-09 16:39:04.405] [svulkan2] [error] OIDN Error: invalid handle
[2026-10-09 16:39:04.405] [svulkan2] [error] OIDN Error: invalid handle
[2026-10-09 16:39:04.468] [svulkan2] [error] OIDN Error: invalid handle
[2026-10-09 16:39:04.468] [svulkan2] [error] OIDN Error: invalid handle
[2026-10-09 16:39:04.468] [svulkan2] [error] OIDN Error: invalid handle
[2026-10-09 16:39:04.468] [svulkan2] [error] OIDN Error: invalid handle
[2026-10-09 16:39:04.528] [svulkan2] [error] OIDN Error: invalid handle
[2026-10-09 16:39:04.528] [svulkan2] [error] OIDN Error: invalid handle
[2026-10-09 16:39:04.528] [svulkan2] [error] OIDN Error: invalid handle
[2026-10-09 16:39:04.528] [svulkan2] [error] OIDN Error: invalid handle
step: [92m9 / 400[0m{"attempt": 2, "decision": 8, "id": 48, "motions": 9, "left": "pos [-0.085, 0.0, 1.053] quat [0.0, -0.71, 0.0, 0.71] grip 0.00", "right": "pos [0.093, 0.001, 1.048] quat [0.0, -0.71, 0.0, 0.71] grip 0.00", "planner": {"left": "Success", "right": "Success"}, "success": false, "calls_total": 48, "latency_s": 18.59}
[2026-10-09 16:39:20.716] [svulkan2] [error] OIDN Error: invalid handle
[2026-10-09 16:39:20.716] [svulkan2] [error] OIDN Error: invalid handle
[2026-10-09 16:39:20.717] [svulkan2] [error] OIDN Error: invalid handle
[2026-10-09 16:39:20.717] [svulkan2] [error] OIDN Error: invalid handle
[2026-10-09 16:39:20.778] [svulkan2] [error] OIDN Error: invalid handle
[2026-10-09 16:39:20.778] [svulkan2] [error] OIDN Error: invalid handle
[2026-10-09 16:39:20.778] [svulkan2] [error] OIDN Error: invalid handle
[2026-10-09 16:39:20.778] [svulkan2] [error] OIDN Error: invalid handle
[2026-10-09 16:39:20.839] [svulkan2] [error] OIDN Error: invalid handle
[2026-10-09 16:39:20.839] [svulkan2] [error] OIDN Error: invalid handle
[2026-10-09 16:39:20.839] [svulkan2] [error] OIDN Error: invalid handle
[2026-10-09 16:39:20.839] [svulkan2] [error] OIDN Error: invalid handle
[2026-10-09 16:39:20.900] [svulkan2] [error] OIDN Error: invalid handle
[2026-10-09 16:39:20.900] [svulkan2] [error] OIDN Error: invalid handle
[2026-10-09 16:39:20.900] [svulkan2] [error] OIDN Error: invalid handle
[2026-10-09 16:39:20.900] [svulkan2] [error] OIDN Error: invalid handle
[2026-10-09 16:39:20.961] [svulkan2] [error] OIDN Error: invalid handle
[2026-10-09 16:39:20.961] [svulkan2] [error] OIDN Error: invalid handle
[2026-10-09 16:39:20.961] [svulkan2] [error] OIDN Error: invalid handle
[2026-10-09 16:39:20.961] [svulkan2] [error] OIDN Error: invalid handle
[2026-10-09 16:39:21.023] [svulkan2] [error] OIDN Error: invalid handle
[2026-10-09 16:39:21.023] [svulkan2] [error] OIDN Error: invalid handle
[2026-10-09 16:39:21.023] [svulkan2] [error] OIDN Error: invalid handle
[2026-10-09 16:39:21.023] [svulkan2] [error] OIDN Error: invalid handle
[2026-10-09 16:39:21.084] [svulkan2] [error] OIDN Error: invalid handle
[2026-10-09 16:39:21.084] [svulkan2] [error] OIDN Error: invalid handle
[2026-10-09 16:39:21.084] [svulkan2] [error] OIDN Error: invalid handle
[2026-10-09 16:39:21.084] [svulkan2] [error] OIDN Error: invalid handle
step: [92m10 / 400[0m{"attempt": 2, "decision": 9, "id": 49, "motions": 10, "left": "pos [-0.086, 0.011, 1.104] quat [0.05, -0.73, -0.06, 0.68] grip 0.00", "right": "pos [0.086, 0.008, 1.098] quat [0.04, -0.68, -0.04, 0.73] grip 0.00", "planner": {"left": "Fail", "right": "Fail"}, "success": false, "calls_total": 49, "latency_s": 15.47}
[2026-10-09 16:39:38.201] [svulkan2] [error] OIDN Error: invalid handle
[2026-10-09 16:39:38.201] [svulkan2] [error] OIDN Error: invalid handle
[2026-10-09 16:39:38.201] [svulkan2] [error] OIDN Error: invalid handle
[2026-10-09 16:39:38.201] [svulkan2] [error] OIDN Error: invalid handle
[2026-10-09 16:39:38.261] [svulkan2] [error] OIDN Error: invalid handle
[2026-10-09 16:39:38.262] [svulkan2] [error] OIDN Error: invalid handle
[2026-10-09 16:39:38.262] [svulkan2] [error] OIDN Error: invalid handle
[2026-10-09 16:39:38.262] [svulkan2] [error] OIDN Error: invalid handle
[2026-10-09 16:39:38.322] [svulkan2] [error] OIDN Error: invalid handle
[2026-10-09 16:39:38.323] [svulkan2] [error] OIDN Error: invalid handle
[2026-10-09 16:39:38.323] [svulkan2] [error] OIDN Error: invalid handle
[2026-10-09 16:39:38.323] [svulkan2] [error] OIDN Error: invalid handle
[2026-10-09 16:39:38.382] [svulkan2] [error] OIDN Error: invalid handle
[2026-10-09 16:39:38.382] [svulkan2] [error] OIDN Error: invalid handle
[2026-10-09 16:39:38.382] [svulkan2] [error] OIDN Error: invalid handle
[2026-10-09 16:39:38.382] [svulkan2] [error] OIDN Error: invalid handle
[2026-10-09 16:39:38.443] [svulkan2] [error] OIDN Error: invalid handle
[2026-10-09 16:39:38.443] [svulkan2] [error] OIDN Error: invalid handle
[2026-10-09 16:39:38.443] [svulkan2] [error] OIDN Error: invalid handle
[2026-10-09 16:39:38.443] [svulkan2] [error] OIDN Error: invalid handle
[2026-10-09 16:39:38.508] [svulkan2] [error] OIDN Error: invalid handle
[2026-10-09 16:39:38.508] [svulkan2] [error] OIDN Error: invalid handle
[2026-10-09 16:39:38.508] [svulkan2] [error] OIDN Error: invalid handle
[2026-10-09 16:39:38.508] [svulkan2] [error] OIDN Error: invalid handle
[2026-10-09 16:39:38.568] [svulkan2] [error] OIDN Error: invalid handle
[2026-10-09 16:39:38.568] [svulkan2] [error] OIDN Error: invalid handle
[2026-10-09 16:39:38.568] [svulkan2] [error] OIDN Error: invalid handle
[2026-10-09 16:39:38.568] [svulkan2] [error] OIDN Error: invalid handle
[2026-10-09 16:39:38.624] [svulkan2] [error] OIDN Error: invalid handle
[2026-10-09 16:39:38.624] [svulkan2] [error] OIDN Error: invalid handle
[2026-10-09 16:39:38.624] [svulkan2] [error] OIDN Error: invalid handle
[2026-10-09 16:39:38.624] [svulkan2] [error] OIDN Error: invalid handle
[2026-10-09 16:39:38.678] [svulkan2] [error] OIDN Error: invalid handle
[2026-10-09 16:39:38.678] [svulkan2] [error] OIDN Error: invalid handle
[2026-10-09 16:39:38.678] [svulkan2] [error] OIDN Error: invalid handle
[2026-10-09 16:39:38.678] [svulkan2] [error] OIDN Error: invalid handle
[2026-10-09 16:39:38.732] [svulkan2] [error] OIDN Error: invalid handle
[2026-10-09 16:39:38.732] [svulkan2] [error] OIDN Error: invalid handle
[2026-10-09 16:39:38.732] [svulkan2] [error] OIDN Error: invalid handle
[2026-10-09 16:39:38.732] [svulkan2] [error] OIDN Error: invalid handle
[2026-10-09 16:39:38.787] [svulkan2] [error] OIDN Error: invalid handle
[2026-10-09 16:39:38.787] [svulkan2] [error] OIDN Error: invalid handle
[2026-10-09 16:39:38.787] [svulkan2] [error] OIDN Error: invalid handle
[2026-10-09 16:39:38.787] [svulkan2] [error] OIDN Error: invalid handle
[2026-10-09 16:39:38.839] [svulkan2] [error] OIDN Error: invalid handle
[2026-10-09 16:39:38.839] [svulkan2] [error] OIDN Error: invalid handle
[2026-10-09 16:39:38.839] [svulkan2] [error] OIDN Error: invalid handle
[2026-10-09 16:39:38.839] [svulkan2] [error] OIDN Error: invalid handle
[2026-10-09 16:39:38.892] [svulkan2] [error] OIDN Error: invalid handle
[2026-10-09 16:39:38.892] [svulkan2] [error] OIDN Error: invalid handle
[2026-10-09 16:39:38.892] [svulkan2] [error] OIDN Error: invalid handle
[2026-10-09 16:39:38.892] [svulkan2] [error] OIDN Error: invalid handle
[2026-10-09 16:39:38.945] [svulkan2] [error] OIDN Error: invalid handle
[2026-10-09 16:39:38.945] [svulkan2] [error] OIDN Error: invalid handle
[2026-10-09 16:39:38.945] [svulkan2] [error] OIDN Error: invalid handle
[2026-10-09 16:39:38.945] [svulkan2] [error] OIDN Error: invalid handle
[2026-10-09 16:39:38.998] [svulkan2] [error] OIDN Error: invalid handle
[2026-10-09 16:39:38.999] [svulkan2] [error] OIDN Error: invalid handle
[2026-10-09 16:39:38.999] [svulkan2] [error] OIDN Error: invalid handle
[2026-10-09 16:39:38.999] [svulkan2] [error] OIDN Error: invalid handle
[2026-10-09 16:39:39.051] [svulkan2] [error] OIDN Error: invalid handle
[2026-10-09 16:39:39.052] [svulkan2] [error] OIDN Error: invalid handle
[2026-10-09 16:39:39.052] [svulkan2] [error] OIDN Error: invalid handle
[2026-10-09 16:39:39.052] [svulkan2] [error] OIDN Error: invalid handle
[2026-10-09 16:39:39.104] [svulkan2] [error] OIDN Error: invalid handle
[2026-10-09 16:39:39.104] [svulkan2] [error] OIDN Error: invalid handle
[2026-10-09 16:39:39.104] [svulkan2] [error] OIDN Error: invalid handle
[2026-10-09 16:39:39.104] [svulkan2] [error] OIDN Error: invalid handle
[2026-10-09 16:39:39.157] [svulkan2] [error] OIDN Error: invalid handle
[2026-10-09 16:39:39.157] [svulkan2] [error] OIDN Error: invalid handle
[2026-10-09 16:39:39.157] [svulkan2] [error] OIDN Error: invalid handle
[2026-10-09 16:39:39.157] [svulkan2] [error] OIDN Error: invalid handle
[2026-10-09 16:39:39.209] [svulkan2] [error] OIDN Error: invalid handle
[2026-10-09 16:39:39.209] [svulkan2] [error] OIDN Error: invalid handle
[2026-10-09 16:39:39.209] [svulkan2] [error] OIDN Error: invalid handle
[2026-10-09 16:39:39.209] [svulkan2] [error] OIDN Error: invalid handle
[2026-10-09 16:39:39.261] [svulkan2] [error] OIDN Error: invalid handle
[2026-10-09 16:39:39.261] [svulkan2] [error] OIDN Error: invalid handle
[2026-10-09 16:39:39.261] [svulkan2] [error] OIDN Error: invalid handle
[2026-10-09 16:39:39.262] [svulkan2] [error] OIDN Error: invalid handle
[2026-10-09 16:39:39.313] [svulkan2] [error] OIDN Error: invalid handle
[2026-10-09 16:39:39.313] [svulkan2] [error] OIDN Error: invalid handle
[2026-10-09 16:39:39.313] [svulkan2] [error] OIDN Error: invalid handle
[2026-10-09 16:39:39.313] [svulkan2] [error] OIDN Error: invalid handle
[2026-10-09 16:39:39.365] [svulkan2] [error] OIDN Error: invalid handle
[2026-10-09 16:39:39.365] [svulkan2] [error] OIDN Error: invalid handle
[2026-10-09 16:39:39.365] [svulkan2] [error] OIDN Error: invalid handle
[2026-10-09 16:39:39.365] [svulkan2] [error] OIDN Error: invalid handle
[2026-10-09 16:39:39.418] [svulkan2] [error] OIDN Error: invalid handle
[2026-10-09 16:39:39.418] [svulkan2] [error] OIDN Error: invalid handle
[2026-10-09 16:39:39.418] [svulkan2] [error] OIDN Error: invalid handle
[2026-10-09 16:39:39.418] [svulkan2] [error] OIDN Error: invalid handle
[2026-10-09 16:39:39.471] [svulkan2] [error] OIDN Error: invalid handle
[2026-10-09 16:39:39.471] [svulkan2] [error] OIDN Error: invalid handle
[2026-10-09 16:39:39.471] [svulkan2] [error] OIDN Error: invalid handle
[2026-10-09 16:39:39.471] [svulkan2] [error] OIDN Error: invalid handle
[2026-10-09 16:39:39.523] [svulkan2] [error] OIDN Error: invalid handle
[2026-10-09 16:39:39.523] [svulkan2] [error] OIDN Error: invalid handle
[2026-10-09 16:39:39.523] [svulkan2] [error] OIDN Error: invalid handle
[2026-10-09 16:39:39.523] [svulkan2] [error] OIDN Error: invalid handle
[2026-10-09 16:39:39.574] [svulkan2] [error] OIDN Error: invalid handle
[2026-10-09 16:39:39.574] [svulkan2] [error] OIDN Error: invalid handle
[2026-10-09 16:39:39.574] [svulkan2] [error] OIDN Error: invalid handle
[2026-10-09 16:39:39.574] [svulkan2] [error] OIDN Error: invalid handle
[2026-10-09 16:39:39.629] [svulkan2] [error] OIDN Error: invalid handle
[2026-10-09 16:39:39.629] [svulkan2] [error] OIDN Error: invalid handle
[2026-10-09 16:39:39.629] [svulkan2] [error] OIDN Error: invalid handle
[2026-10-09 16:39:39.630] [svulkan2] [error] OIDN Error: invalid handle
[2026-10-09 16:39:39.681] [svulkan2] [error] OIDN Error: invalid handle
[2026-10-09 16:39:39.681] [svulkan2] [error] OIDN Error: invalid handle
[2026-10-09 16:39:39.681] [svulkan2] [error] OIDN Error: invalid handle
[2026-10-09 16:39:39.681] [svulkan2] [error] OIDN Error: invalid handle
[2026-10-09 16:39:39.733] [svulkan2] [error] OIDN Error: invalid handle
[2026-10-09 16:39:39.733] [svulkan2] [error] OIDN Error: invalid handle
[2026-10-09 16:39:39.733] [svulkan2] [error] OIDN Error: invalid handle
[2026-10-09 16:39:39.733] [svulkan2] [error] OIDN Error: invalid handle
[2026-10-09 16:39:39.784] [svulkan2] [error] OIDN Error: invalid handle
[2026-10-09 16:39:39.784] [svulkan2] [error] OIDN Error: invalid handle
[2026-10-09 16:39:39.785] [svulkan2] [error] OIDN Error: invalid handle
[2026-10-09 16:39:39.785] [svulkan2] [error] OIDN Error: invalid handle
[2026-10-09 16:39:39.837] [svulkan2] [error] OIDN Error: invalid handle
[2026-10-09 16:39:39.837] [svulkan2] [error] OIDN Error: invalid handle
[2026-10-09 16:39:39.837] [svulkan2] [error] OIDN Error: invalid handle
[2026-10-09 16:39:39.837] [svulkan2] [error] OIDN Error: invalid handle
[2026-10-09 16:39:39.888] [svulkan2] [error] OIDN Error: invalid handle
[2026-10-09 16:39:39.888] [svulkan2] [error] OIDN Error: invalid handle
[2026-10-09 16:39:39.888] [svulkan2] [error] OIDN Error: invalid handle
[2026-10-09 16:39:39.888] [svulkan2] [error] OIDN Error: invalid handle
[2026-10-09 16:39:39.940] [svulkan2] [error] OIDN Error: invalid handle
[2026-10-09 16:39:39.941] [svulkan2] [error] OIDN Error: invalid handle
[2026-10-09 16:39:39.941] [svulkan2] [error] OIDN Error: invalid handle
[2026-10-09 16:39:39.941] [svulkan2] [error] OIDN Error: invalid handle
[2026-10-09 16:39:39.992] [svulkan2] [error] OIDN Error: invalid handle
[2026-10-09 16:39:39.992] [svulkan2] [error] OIDN Error: invalid handle
[2026-10-09 16:39:39.992] [svulkan2] [error] OIDN Error: invalid handle
[2026-10-09 16:39:39.992] [svulkan2] [error] OIDN Error: invalid handle
[2026-10-09 16:39:40.044] [svulkan2] [error] OIDN Error: invalid handle
[2026-10-09 16:39:40.044] [svulkan2] [error] OIDN Error: invalid handle
[2026-10-09 16:39:40.044] [svulkan2] [error] OIDN Error: invalid handle
[2026-10-09 16:39:40.044] [svulkan2] [error] OIDN Error: invalid handle
[2026-10-09 16:39:40.096] [svulkan2] [error] OIDN Error: invalid handle
[2026-10-09 16:39:40.096] [svulkan2] [error] OIDN Error: invalid handle
[2026-10-09 16:39:40.096] [svulkan2] [error] OIDN Error: invalid handle
[2026-10-09 16:39:40.096] [svulkan2] [error] OIDN Error: invalid handle
[2026-10-09 16:39:40.148] [svulkan2] [error] OIDN Error: invalid handle
[2026-10-09 16:39:40.148] [svulkan2] [error] OIDN Error: invalid handle
[2026-10-09 16:39:40.148] [svulkan2] [error] OIDN Error: invalid handle
[2026-10-09 16:39:40.148] [svulkan2] [error] OIDN Error: invalid handle
[2026-10-09 16:39:40.200] [svulkan2] [error] OIDN Error: invalid handle
[2026-10-09 16:39:40.200] [svulkan2] [error] OIDN Error: invalid handle
[2026-10-09 16:39:40.200] [svulkan2] [error] OIDN Error: invalid handle
[2026-10-09 16:39:40.200] [svulkan2] [error] OIDN Error: invalid handle
[2026-10-09 16:39:40.252] [svulkan2] [error] OIDN Error: invalid handle
[2026-10-09 16:39:40.252] [svulkan2] [error] OIDN Error: invalid handle
[2026-10-09 16:39:40.252] [svulkan2] [error] OIDN Error: invalid handle
[2026-10-09 16:39:40.252] [svulkan2] [error] OIDN Error: invalid handle
[2026-10-09 16:39:40.301] [svulkan2] [error] OIDN Error: invalid handle
[2026-10-09 16:39:40.301] [svulkan2] [error] OIDN Error: invalid handle
[2026-10-09 16:39:40.301] [svulkan2] [error] OIDN Error: invalid handle
[2026-10-09 16:39:40.301] [svulkan2] [error] OIDN Error: invalid handle
step: [92m11 / 400[0m{"attempt": 2, "decision": 10, "id": 50, "motions": 11, "left": "pos [-0.086, -0.019, 1.073] quat [0.05, -0.73, -0.06, 0.68] grip 0.00", "right": "pos [0.085, -0.023, 1.068] quat [0.04, -0.68, -0.04, 0.73] grip 0.00", "planner": {"left": "Success", "right": "Success"}, "success": false, "calls_total": 50, "latency_s": 16.48}
[2026-10-09 16:40:00.314] [svulkan2] [error] OIDN Error: invalid handle
[2026-10-09 16:40:00.314] [svulkan2] [error] OIDN Error: invalid handle
[2026-10-09 16:40:00.314] [svulkan2] [error] OIDN Error: invalid handle
[2026-10-09 16:40:00.314] [svulkan2] [error] OIDN Error: invalid handle
[2026-10-09 16:40:00.366] [svulkan2] [error] OIDN Error: invalid handle
[2026-10-09 16:40:00.367] [svulkan2] [error] OIDN Error: invalid handle
[2026-10-09 16:40:00.367] [svulkan2] [error] OIDN Error: invalid handle
[2026-10-09 16:40:00.367] [svulkan2] [error] OIDN Error: invalid handle
[2026-10-09 16:40:00.417] [svulkan2] [error] OIDN Error: invalid handle
[2026-10-09 16:40:00.417] [svulkan2] [error] OIDN Error: invalid handle
[2026-10-09 16:40:00.417] [svulkan2] [error] OIDN Error: invalid handle
[2026-10-09 16:40:00.417] [svulkan2] [error] OIDN Error: invalid handle
[2026-10-09 16:40:00.469] [svulkan2] [error] OIDN Error: invalid handle
[2026-10-09 16:40:00.469] [svulkan2] [error] OIDN Error: invalid handle
[2026-10-09 16:40:00.469] [svulkan2] [error] OIDN Error: invalid handle
[2026-10-09 16:40:00.469] [svulkan2] [error] OIDN Error: invalid handle
[2026-10-09 16:40:00.521] [svulkan2] [error] OIDN Error: invalid handle
[2026-10-09 16:40:00.521] [svulkan2] [error] OIDN Error: invalid handle
[2026-10-09 16:40:00.521] [svulkan2] [error] OIDN Error: invalid handle
[2026-10-09 16:40:00.521] [svulkan2] [error] OIDN Error: invalid handle
[2026-10-09 16:40:00.572] [svulkan2] [error] OIDN Error: invalid handle
[2026-10-09 16:40:00.572] [svulkan2] [error] OIDN Error: invalid handle
[2026-10-09 16:40:00.572] [svulkan2] [error] OIDN Error: invalid handle
[2026-10-09 16:40:00.572] [svulkan2] [error] OIDN Error: invalid handle
[2026-10-09 16:40:00.624] [svulkan2] [error] OIDN Error: invalid handle
[2026-10-09 16:40:00.624] [svulkan2] [error] OIDN Error: invalid handle
[2026-10-09 16:40:00.624] [svulkan2] [error] OIDN Error: invalid handle
[2026-10-09 16:40:00.625] [svulkan2] [error] OIDN Error: invalid handle
[2026-10-09 16:40:00.676] [svulkan2] [error] OIDN Error: invalid handle
[2026-10-09 16:40:00.676] [svulkan2] [error] OIDN Error: invalid handle
[2026-10-09 16:40:00.676] [svulkan2] [error] OIDN Error: invalid handle
[2026-10-09 16:40:00.676] [svulkan2] [error] OIDN Error: invalid handle
[2026-10-09 16:40:00.727] [svulkan2] [error] OIDN Error: invalid handle
[2026-10-09 16:40:00.727] [svulkan2] [error] OIDN Error: invalid handle
[2026-10-09 16:40:00.727] [svulkan2] [error] OIDN Error: invalid handle
[2026-10-09 16:40:00.727] [svulkan2] [error] OIDN Error: invalid handle
[2026-10-09 16:40:00.779] [svulkan2] [error] OIDN Error: invalid handle
[2026-10-09 16:40:00.779] [svulkan2] [error] OIDN Error: invalid handle
[2026-10-09 16:40:00.779] [svulkan2] [error] OIDN Error: invalid handle
[2026-10-09 16:40:00.779] [svulkan2] [error] OIDN Error: invalid handle
[2026-10-09 16:40:00.830] [svulkan2] [error] OIDN Error: invalid handle
[2026-10-09 16:40:00.830] [svulkan2] [error] OIDN Error: invalid handle
[2026-10-09 16:40:00.831] [svulkan2] [error] OIDN Error: invalid handle
[2026-10-09 16:40:00.831] [svulkan2] [error] OIDN Error: invalid handle
[2026-10-09 16:40:00.880] [svulkan2] [error] OIDN Error: invalid handle
[2026-10-09 16:40:00.880] [svulkan2] [error] OIDN Error: invalid handle
[2026-10-09 16:40:00.880] [svulkan2] [error] OIDN Error: invalid handle
[2026-10-09 16:40:00.880] [svulkan2] [error] OIDN Error: invalid handle
[2026-10-09 16:40:00.931] [svulkan2] [error] OIDN Error: invalid handle
[2026-10-09 16:40:00.931] [svulkan2] [error] OIDN Error: invalid handle
[2026-10-09 16:40:00.931] [svulkan2] [error] OIDN Error: invalid handle
[2026-10-09 16:40:00.931] [svulkan2] [error] OIDN Error: invalid handle
[2026-10-09 16:40:00.981] [svulkan2] [error] OIDN Error: invalid handle
[2026-10-09 16:40:00.981] [svulkan2] [error] OIDN Error: invalid handle
[2026-10-09 16:40:00.981] [svulkan2] [error] OIDN Error: invalid handle
[2026-10-09 16:40:00.981] [svulkan2] [error] OIDN Error: invalid handle
[2026-10-09 16:40:01.031] [svulkan2] [error] OIDN Error: invalid handle
[2026-10-09 16:40:01.031] [svulkan2] [error] OIDN Error: invalid handle
[2026-10-09 16:40:01.031] [svulkan2] [error] OIDN Error: invalid handle
[2026-10-09 16:40:01.031] [svulkan2] [error] OIDN Error: invalid handle
[2026-10-09 16:40:01.079] [svulkan2] [error] OIDN Error: invalid handle
[2026-10-09 16:40:01.079] [svulkan2] [error] OIDN Error: invalid handle
[2026-10-09 16:40:01.079] [svulkan2] [error] OIDN Error: invalid handle
[2026-10-09 16:40:01.079] [svulkan2] [error] OIDN Error: invalid handle
[2026-10-09 16:40:01.127] [svulkan2] [error] OIDN Error: invalid handle
[2026-10-09 16:40:01.128] [svulkan2] [error] OIDN Error: invalid handle
[2026-10-09 16:40:01.128] [svulkan2] [error] OIDN Error: invalid handle
[2026-10-09 16:40:01.128] [svulkan2] [error] OIDN Error: invalid handle
[2026-10-09 16:40:01.174] [svulkan2] [error] OIDN Error: invalid handle
[2026-10-09 16:40:01.174] [svulkan2] [error] OIDN Error: invalid handle
[2026-10-09 16:40:01.174] [svulkan2] [error] OIDN Error: invalid handle
[2026-10-09 16:40:01.174] [svulkan2] [error] OIDN Error: invalid handle
[2026-10-09 16:40:01.220] [svulkan2] [error] OIDN Error: invalid handle
[2026-10-09 16:40:01.220] [svulkan2] [error] OIDN Error: invalid handle
[2026-10-09 16:40:01.220] [svulkan2] [error] OIDN Error: invalid handle
[2026-10-09 16:40:01.220] [svulkan2] [error] OIDN Error: invalid handle
[2026-10-09 16:40:01.268] [svulkan2] [error] OIDN Error: invalid handle
[2026-10-09 16:40:01.268] [svulkan2] [error] OIDN Error: invalid handle
[2026-10-09 16:40:01.268] [svulkan2] [error] OIDN Error: invalid handle
[2026-10-09 16:40:01.268] [svulkan2] [error] OIDN Error: invalid handle
[2026-10-09 16:40:01.314] [svulkan2] [error] OIDN Error: invalid handle
[2026-10-09 16:40:01.314] [svulkan2] [error] OIDN Error: invalid handle
[2026-10-09 16:40:01.314] [svulkan2] [error] OIDN Error: invalid handle
[2026-10-09 16:40:01.314] [svulkan2] [error] OIDN Error: invalid handle
[2026-10-09 16:40:01.359] [svulkan2] [error] OIDN Error: invalid handle
[2026-10-09 16:40:01.359] [svulkan2] [error] OIDN Error: invalid handle
[2026-10-09 16:40:01.359] [svulkan2] [error] OIDN Error: invalid handle
[2026-10-09 16:40:01.359] [svulkan2] [error] OIDN Error: invalid handle
[2026-10-09 16:40:01.404] [svulkan2] [error] OIDN Error: invalid handle
[2026-10-09 16:40:01.404] [svulkan2] [error] OIDN Error: invalid handle
[2026-10-09 16:40:01.404] [svulkan2] [error] OIDN Error: invalid handle
[2026-10-09 16:40:01.405] [svulkan2] [error] OIDN Error: invalid handle
[2026-10-09 16:40:01.449] [svulkan2] [error] OIDN Error: invalid handle
[2026-10-09 16:40:01.449] [svulkan2] [error] OIDN Error: invalid handle
[2026-10-09 16:40:01.449] [svulkan2] [error] OIDN Error: invalid handle
[2026-10-09 16:40:01.449] [svulkan2] [error] OIDN Error: invalid handle
[2026-10-09 16:40:01.496] [svulkan2] [error] OIDN Error: invalid handle
[2026-10-09 16:40:01.496] [svulkan2] [error] OIDN Error: invalid handle
[2026-10-09 16:40:01.496] [svulkan2] [error] OIDN Error: invalid handle
[2026-10-09 16:40:01.496] [svulkan2] [error] OIDN Error: invalid handle
[2026-10-09 16:40:01.540] [svulkan2] [error] OIDN Error: invalid handle
[2026-10-09 16:40:01.540] [svulkan2] [error] OIDN Error: invalid handle
[2026-10-09 16:40:01.540] [svulkan2] [error] OIDN Error: invalid handle
[2026-10-09 16:40:01.540] [svulkan2] [error] OIDN Error: invalid handle
[2026-10-09 16:40:01.585] [svulkan2] [error] OIDN Error: invalid handle
[2026-10-09 16:40:01.585] [svulkan2] [error] OIDN Error: invalid handle
[2026-10-09 16:40:01.585] [svulkan2] [error] OIDN Error: invalid handle
[2026-10-09 16:40:01.585] [svulkan2] [error] OIDN Error: invalid handle
[2026-10-09 16:40:01.630] [svulkan2] [error] OIDN Error: invalid handle
[2026-10-09 16:40:01.630] [svulkan2] [error] OIDN Error: invalid handle
[2026-10-09 16:40:01.630] [svulkan2] [error] OIDN Error: invalid handle
[2026-10-09 16:40:01.630] [svulkan2] [error] OIDN Error: invalid handle
[2026-10-09 16:40:01.676] [svulkan2] [error] OIDN Error: invalid handle
[2026-10-09 16:40:01.676] [svulkan2] [error] OIDN Error: invalid handle
[2026-10-09 16:40:01.676] [svulkan2] [error] OIDN Error: invalid handle
[2026-10-09 16:40:01.677] [svulkan2] [error] OIDN Error: invalid handle
[2026-10-09 16:40:01.722] [svulkan2] [error] OIDN Error: invalid handle
[2026-10-09 16:40:01.722] [svulkan2] [error] OIDN Error: invalid handle
[2026-10-09 16:40:01.722] [svulkan2] [error] OIDN Error: invalid handle
[2026-10-09 16:40:01.722] [svulkan2] [error] OIDN Error: invalid handle
[2026-10-09 16:40:01.767] [svulkan2] [error] OIDN Error: invalid handle
[2026-10-09 16:40:01.767] [svulkan2] [error] OIDN Error: invalid handle
[2026-10-09 16:40:01.767] [svulkan2] [error] OIDN Error: invalid handle
[2026-10-09 16:40:01.767] [svulkan2] [error] OIDN Error: invalid handle
[2026-10-09 16:40:01.813] [svulkan2] [error] OIDN Error: invalid handle
[2026-10-09 16:40:01.813] [svulkan2] [error] OIDN Error: invalid handle
[2026-10-09 16:40:01.813] [svulkan2] [error] OIDN Error: invalid handle
[2026-10-09 16:40:01.813] [svulkan2] [error] OIDN Error: invalid handle
[2026-10-09 16:40:01.858] [svulkan2] [error] OIDN Error: invalid handle
[2026-10-09 16:40:01.858] [svulkan2] [error] OIDN Error: invalid handle
[2026-10-09 16:40:01.859] [svulkan2] [error] OIDN Error: invalid handle
[2026-10-09 16:40:01.859] [svulkan2] [error] OIDN Error: invalid handle
[2026-10-09 16:40:01.903] [svulkan2] [error] OIDN Error: invalid handle
[2026-10-09 16:40:01.903] [svulkan2] [error] OIDN Error: invalid handle
[2026-10-09 16:40:01.903] [svulkan2] [error] OIDN Error: invalid handle
[2026-10-09 16:40:01.903] [svulkan2] [error] OIDN Error: invalid handle
[2026-10-09 16:40:01.949] [svulkan2] [error] OIDN Error: invalid handle
[2026-10-09 16:40:01.949] [svulkan2] [error] OIDN Error: invalid handle
[2026-10-09 16:40:01.950] [svulkan2] [error] OIDN Error: invalid handle
[2026-10-09 16:40:01.950] [svulkan2] [error] OIDN Error: invalid handle
[2026-10-09 16:40:01.994] [svulkan2] [error] OIDN Error: invalid handle
[2026-10-09 16:40:01.994] [svulkan2] [error] OIDN Error: invalid handle
[2026-10-09 16:40:01.994] [svulkan2] [error] OIDN Error: invalid handle
[2026-10-09 16:40:01.994] [svulkan2] [error] OIDN Error: invalid handle
[2026-10-09 16:40:02.037] [svulkan2] [error] OIDN Error: invalid handle
[2026-10-09 16:40:02.037] [svulkan2] [error] OIDN Error: invalid handle
[2026-10-09 16:40:02.037] [svulkan2] [error] OIDN Error: invalid handle
[2026-10-09 16:40:02.037] [svulkan2] [error] OIDN Error: invalid handle
[2026-10-09 16:40:02.082] [svulkan2] [error] OIDN Error: invalid handle
[2026-10-09 16:40:02.082] [svulkan2] [error] OIDN Error: invalid handle
[2026-10-09 16:40:02.083] [svulkan2] [error] OIDN Error: invalid handle
[2026-10-09 16:40:02.084] [svulkan2] [error] OIDN Error: invalid handle
[2026-10-09 16:40:02.127] [svulkan2] [error] OIDN Error: invalid handle
[2026-10-09 16:40:02.127] [svulkan2] [error] OIDN Error: invalid handle
[2026-10-09 16:40:02.127] [svulkan2] [error] OIDN Error: invalid handle
[2026-10-09 16:40:02.127] [svulkan2] [error] OIDN Error: invalid handle
[2026-10-09 16:40:02.172] [svulkan2] [error] OIDN Error: invalid handle
[2026-10-09 16:40:02.172] [svulkan2] [error] OIDN Error: invalid handle
[2026-10-09 16:40:02.172] [svulkan2] [error] OIDN Error: invalid handle
[2026-10-09 16:40:02.172] [svulkan2] [error] OIDN Error: invalid handle
[2026-10-09 16:40:02.216] [svulkan2] [error] OIDN Error: invalid handle
[2026-10-09 16:40:02.216] [svulkan2] [error] OIDN Error: invalid handle
[2026-10-09 16:40:02.216] [svulkan2] [error] OIDN Error: invalid handle
[2026-10-09 16:40:02.216] [svulkan2] [error] OIDN Error: invalid handle
[2026-10-09 16:40:02.259] [svulkan2] [error] OIDN Error: invalid handle
[2026-10-09 16:40:02.260] [svulkan2] [error] OIDN Error: invalid handle
[2026-10-09 16:40:02.260] [svulkan2] [error] OIDN Error: invalid handle
[2026-10-09 16:40:02.260] [svulkan2] [error] OIDN Error: invalid handle
[2026-10-09 16:40:02.303] [svulkan2] [error] OIDN Error: invalid handle
[2026-10-09 16:40:02.303] [svulkan2] [error] OIDN Error: invalid handle
[2026-10-09 16:40:02.303] [svulkan2] [error] OIDN Error: invalid handle
[2026-10-09 16:40:02.303] [svulkan2] [error] OIDN Error: invalid handle
[2026-10-09 16:40:02.347] [svulkan2] [error] OIDN Error: invalid handle
[2026-10-09 16:40:02.347] [svulkan2] [error] OIDN Error: invalid handle
[2026-10-09 16:40:02.347] [svulkan2] [error] OIDN Error: invalid handle
[2026-10-09 16:40:02.348] [svulkan2] [error] OIDN Error: invalid handle
[2026-10-09 16:40:02.392] [svulkan2] [error] OIDN Error: invalid handle
[2026-10-09 16:40:02.392] [svulkan2] [error] OIDN Error: invalid handle
[2026-10-09 16:40:02.392] [svulkan2] [error] OIDN Error: invalid handle
[2026-10-09 16:40:02.392] [svulkan2] [error] OIDN Error: invalid handle
[2026-10-09 16:40:02.437] [svulkan2] [error] OIDN Error: invalid handle
[2026-10-09 16:40:02.437] [svulkan2] [error] OIDN Error: invalid handle
[2026-10-09 16:40:02.438] [svulkan2] [error] OIDN Error: invalid handle
[2026-10-09 16:40:02.438] [svulkan2] [error] OIDN Error: invalid handle
[2026-10-09 16:40:02.482] [svulkan2] [error] OIDN Error: invalid handle
[2026-10-09 16:40:02.482] [svulkan2] [error] OIDN Error: invalid handle
[2026-10-09 16:40:02.482] [svulkan2] [error] OIDN Error: invalid handle
[2026-10-09 16:40:02.482] [svulkan2] [error] OIDN Error: invalid handle
[2026-10-09 16:40:02.526] [svulkan2] [error] OIDN Error: invalid handle
[2026-10-09 16:40:02.526] [svulkan2] [error] OIDN Error: invalid handle
[2026-10-09 16:40:02.526] [svulkan2] [error] OIDN Error: invalid handle
[2026-10-09 16:40:02.526] [svulkan2] [error] OIDN Error: invalid handle
[2026-10-09 16:40:02.569] [svulkan2] [error] OIDN Error: invalid handle
[2026-10-09 16:40:02.569] [svulkan2] [error] OIDN Error: invalid handle
[2026-10-09 16:40:02.569] [svulkan2] [error] OIDN Error: invalid handle
[2026-10-09 16:40:02.569] [svulkan2] [error] OIDN Error: invalid handle
[2026-10-09 16:40:02.613] [svulkan2] [error] OIDN Error: invalid handle
[2026-10-09 16:40:02.613] [svulkan2] [error] OIDN Error: invalid handle
[2026-10-09 16:40:02.613] [svulkan2] [error] OIDN Error: invalid handle
[2026-10-09 16:40:02.613] [svulkan2] [error] OIDN Error: invalid handle
[2026-10-09 16:40:02.657] [svulkan2] [error] OIDN Error: invalid handle
[2026-10-09 16:40:02.657] [svulkan2] [error] OIDN Error: invalid handle
[2026-10-09 16:40:02.657] [svulkan2] [error] OIDN Error: invalid handle
[2026-10-09 16:40:02.657] [svulkan2] [error] OIDN Error: invalid handle
[2026-10-09 16:40:02.701] [svulkan2] [error] OIDN Error: invalid handle
[2026-10-09 16:40:02.701] [svulkan2] [error] OIDN Error: invalid handle
[2026-10-09 16:40:02.701] [svulkan2] [error] OIDN Error: invalid handle
[2026-10-09 16:40:02.701] [svulkan2] [error] OIDN Error: invalid handle
[2026-10-09 16:40:02.746] [svulkan2] [error] OIDN Error: invalid handle
[2026-10-09 16:40:02.746] [svulkan2] [error] OIDN Error: invalid handle
[2026-10-09 16:40:02.746] [svulkan2] [error] OIDN Error: invalid handle
[2026-10-09 16:40:02.746] [svulkan2] [error] OIDN Error: invalid handle
[2026-10-09 16:40:02.791] [svulkan2] [error] OIDN Error: invalid handle
[2026-10-09 16:40:02.791] [svulkan2] [error] OIDN Error: invalid handle
[2026-10-09 16:40:02.791] [svulkan2] [error] OIDN Error: invalid handle
[2026-10-09 16:40:02.791] [svulkan2] [error] OIDN Error: invalid handle
[2026-10-09 16:40:02.837] [svulkan2] [error] OIDN Error: invalid handle
[2026-10-09 16:40:02.837] [svulkan2] [error] OIDN Error: invalid handle
[2026-10-09 16:40:02.837] [svulkan2] [error] OIDN Error: invalid handle
[2026-10-09 16:40:02.837] [svulkan2] [error] OIDN Error: invalid handle
[2026-10-09 16:40:02.881] [svulkan2] [error] OIDN Error: invalid handle
[2026-10-09 16:40:02.881] [svulkan2] [error] OIDN Error: invalid handle
[2026-10-09 16:40:02.881] [svulkan2] [error] OIDN Error: invalid handle
[2026-10-09 16:40:02.881] [svulkan2] [error] OIDN Error: invalid handle
[2026-10-09 16:40:02.926] [svulkan2] [error] OIDN Error: invalid handle
[2026-10-09 16:40:02.926] [svulkan2] [error] OIDN Error: invalid handle
[2026-10-09 16:40:02.926] [svulkan2] [error] OIDN Error: invalid handle
[2026-10-09 16:40:02.926] [svulkan2] [error] OIDN Error: invalid handle
[2026-10-09 16:40:02.972] [svulkan2] [error] OIDN Error: invalid handle
[2026-10-09 16:40:02.972] [svulkan2] [error] OIDN Error: invalid handle
[2026-10-09 16:40:02.972] [svulkan2] [error] OIDN Error: invalid handle
[2026-10-09 16:40:02.972] [svulkan2] [error] OIDN Error: invalid handle
[2026-10-09 16:40:03.016] [svulkan2] [error] OIDN Error: invalid handle
[2026-10-09 16:40:03.016] [svulkan2] [error] OIDN Error: invalid handle
[2026-10-09 16:40:03.016] [svulkan2] [error] OIDN Error: invalid handle
[2026-10-09 16:40:03.016] [svulkan2] [error] OIDN Error: invalid handle
[2026-10-09 16:40:03.062] [svulkan2] [error] OIDN Error: invalid handle
[2026-10-09 16:40:03.062] [svulkan2] [error] OIDN Error: invalid handle
[2026-10-09 16:40:03.062] [svulkan2] [error] OIDN Error: invalid handle
[2026-10-09 16:40:03.062] [svulkan2] [error] OIDN Error: invalid handle
[2026-10-09 16:40:03.105] [svulkan2] [error] OIDN Error: invalid handle
[2026-10-09 16:40:03.105] [svulkan2] [error] OIDN Error: invalid handle
[2026-10-09 16:40:03.105] [svulkan2] [error] OIDN Error: invalid handle
[2026-10-09 16:40:03.105] [svulkan2] [error] OIDN Error: invalid handle
[2026-10-09 16:40:03.150] [svulkan2] [error] OIDN Error: invalid handle
[2026-10-09 16:40:03.150] [svulkan2] [error] OIDN Error: invalid handle
[2026-10-09 16:40:03.150] [svulkan2] [error] OIDN Error: invalid handle
[2026-10-09 16:40:03.150] [svulkan2] [error] OIDN Error: invalid handle
[2026-10-09 16:40:03.194] [svulkan2] [error] OIDN Error: invalid handle
[2026-10-09 16:40:03.194] [svulkan2] [error] OIDN Error: invalid handle
[2026-10-09 16:40:03.194] [svulkan2] [error] OIDN Error: invalid handle
[2026-10-09 16:40:03.194] [svulkan2] [error] OIDN Error: invalid handle
step: [92m12 / 400[0m{"attempt": 2, "decision": 11, "id": 51, "motions": 12, "left": "pos [-0.2, -0.08, 1.03] quat [0.0, -0.71, 0.0, 0.71] grip 1.00", "right": "pos [0.2, -0.08, 1.03] quat [0.0, -0.71, 0.0, 0.71] grip 1.00", "planner": {"left": "Success", "right": "Success"}, "success": false, "calls_total": 51, "latency_s": 19.32}
[2026-10-09 16:40:21.872] [svulkan2] [error] OIDN Error: unsupported device type: CUDA
[2026-10-09 16:40:21.880] [svulkan2] [error] OIDN Error: invalid handle
[2026-10-09 16:40:21.892] [svulkan2] [error] OIDN Error: invalid handle
[2026-10-09 16:40:21.914] [svulkan2] [error] OIDN Error: invalid handle
[2026-10-09 16:40:38.495] [svulkan2] [error] OIDN Error: invalid handle
[2026-10-09 16:40:38.495] [svulkan2] [error] OIDN Error: invalid handle
[2026-10-09 16:40:38.495] [svulkan2] [error] OIDN Error: invalid handle
[2026-10-09 16:40:38.495] [svulkan2] [error] OIDN Error: invalid handle
[2026-10-09 16:40:38.539] [svulkan2] [error] OIDN Error: invalid handle
[2026-10-09 16:40:38.539] [svulkan2] [error] OIDN Error: invalid handle
[2026-10-09 16:40:38.539] [svulkan2] [error] OIDN Error: invalid handle
[2026-10-09 16:40:38.539] [svulkan2] [error] OIDN Error: invalid handle
[2026-10-09 16:40:38.582] [svulkan2] [error] OIDN Error: invalid handle
[2026-10-09 16:40:38.582] [svulkan2] [error] OIDN Error: invalid handle
[2026-10-09 16:40:38.582] [svulkan2] [error] OIDN Error: invalid handle
[2026-10-09 16:40:38.582] [svulkan2] [error] OIDN Error: invalid handle
[2026-10-09 16:40:38.627] [svulkan2] [error] OIDN Error: invalid handle
[2026-10-09 16:40:38.627] [svulkan2] [error] OIDN Error: invalid handle
[2026-10-09 16:40:38.627] [svulkan2] [error] OIDN Error: invalid handle
[2026-10-09 16:40:38.627] [svulkan2] [error] OIDN Error: invalid handle
[2026-10-09 16:40:38.670] [svulkan2] [error] OIDN Error: invalid handle
[2026-10-09 16:40:38.670] [svulkan2] [error] OIDN Error: invalid handle
[2026-10-09 16:40:38.670] [svulkan2] [error] OIDN Error: invalid handle
[2026-10-09 16:40:38.670] [svulkan2] [error] OIDN Error: invalid handle
[2026-10-09 16:40:38.714] [svulkan2] [error] OIDN Error: invalid handle
[2026-10-09 16:40:38.714] [svulkan2] [error] OIDN Error: invalid handle
[2026-10-09 16:40:38.714] [svulkan2] [error] OIDN Error: invalid handle
[2026-10-09 16:40:38.714] [svulkan2] [error] OIDN Error: invalid handle
[2026-10-09 16:40:38.759] [svulkan2] [error] OIDN Error: invalid handle
[2026-10-09 16:40:38.759] [svulkan2] [error] OIDN Error: invalid handle
[2026-10-09 16:40:38.759] [svulkan2] [error] OIDN Error: invalid handle
[2026-10-09 16:40:38.759] [svulkan2] [error] OIDN Error: invalid handle
[2026-10-09 16:40:38.803] [svulkan2] [error] OIDN Error: invalid handle
[2026-10-09 16:40:38.803] [svulkan2] [error] OIDN Error: invalid handle
[2026-10-09 16:40:38.803] [svulkan2] [error] OIDN Error: invalid handle
[2026-10-09 16:40:38.803] [svulkan2] [error] OIDN Error: invalid handle
[2026-10-09 16:40:38.848] [svulkan2] [error] OIDN Error: invalid handle
[2026-10-09 16:40:38.848] [svulkan2] [error] OIDN Error: invalid handle
[2026-10-09 16:40:38.848] [svulkan2] [error] OIDN Error: invalid handle
[2026-10-09 16:40:38.848] [svulkan2] [error] OIDN Error: invalid handle
[2026-10-09 16:40:38.894] [svulkan2] [error] OIDN Error: invalid handle
[2026-10-09 16:40:38.894] [svulkan2] [error] OIDN Error: invalid handle
[2026-10-09 16:40:38.894] [svulkan2] [error] OIDN Error: invalid handle
[2026-10-09 16:40:38.894] [svulkan2] [error] OIDN Error: invalid handle
[2026-10-09 16:40:38.938] [svulkan2] [error] OIDN Error: invalid handle
[2026-10-09 16:40:38.939] [svulkan2] [error] OIDN Error: invalid handle
[2026-10-09 16:40:38.939] [svulkan2] [error] OIDN Error: invalid handle
[2026-10-09 16:40:38.939] [svulkan2] [error] OIDN Error: invalid handle
[2026-10-09 16:40:38.983] [svulkan2] [error] OIDN Error: invalid handle
[2026-10-09 16:40:38.983] [svulkan2] [error] OIDN Error: invalid handle
[2026-10-09 16:40:38.983] [svulkan2] [error] OIDN Error: invalid handle
[2026-10-09 16:40:38.983] [svulkan2] [error] OIDN Error: invalid handle
[2026-10-09 16:40:39.026] [svulkan2] [error] OIDN Error: invalid handle
[2026-10-09 16:40:39.026] [svulkan2] [error] OIDN Error: invalid handle
[2026-10-09 16:40:39.027] [svulkan2] [error] OIDN Error: invalid handle
[2026-10-09 16:40:39.027] [svulkan2] [error] OIDN Error: invalid handle
[2026-10-09 16:40:39.071] [svulkan2] [error] OIDN Error: invalid handle
[2026-10-09 16:40:39.071] [svulkan2] [error] OIDN Error: invalid handle
[2026-10-09 16:40:39.071] [svulkan2] [error] OIDN Error: invalid handle
[2026-10-09 16:40:39.072] [svulkan2] [error] OIDN Error: invalid handle
[2026-10-09 16:40:39.116] [svulkan2] [error] OIDN Error: invalid handle
[2026-10-09 16:40:39.116] [svulkan2] [error] OIDN Error: invalid handle
[2026-10-09 16:40:39.116] [svulkan2] [error] OIDN Error: invalid handle
[2026-10-09 16:40:39.116] [svulkan2] [error] OIDN Error: invalid handle
[2026-10-09 16:40:39.161] [svulkan2] [error] OIDN Error: invalid handle
[2026-10-09 16:40:39.161] [svulkan2] [error] OIDN Error: invalid handle
[2026-10-09 16:40:39.161] [svulkan2] [error] OIDN Error: invalid handle
[2026-10-09 16:40:39.161] [svulkan2] [error] OIDN Error: invalid handle
[2026-10-09 16:40:39.207] [svulkan2] [error] OIDN Error: invalid handle
[2026-10-09 16:40:39.207] [svulkan2] [error] OIDN Error: invalid handle
[2026-10-09 16:40:39.207] [svulkan2] [error] OIDN Error: invalid handle
[2026-10-09 16:40:39.207] [svulkan2] [error] OIDN Error: invalid handle
[2026-10-09 16:40:39.254] [svulkan2] [error] OIDN Error: invalid handle
[2026-10-09 16:40:39.255] [svulkan2] [error] OIDN Error: invalid handle
[2026-10-09 16:40:39.255] [svulkan2] [error] OIDN Error: invalid handle
[2026-10-09 16:40:39.255] [svulkan2] [error] OIDN Error: invalid handle
[2026-10-09 16:40:39.300] [svulkan2] [error] OIDN Error: invalid handle
[2026-10-09 16:40:39.300] [svulkan2] [error] OIDN Error: invalid handle
[2026-10-09 16:40:39.300] [svulkan2] [error] OIDN Error: invalid handle
[2026-10-09 16:40:39.300] [svulkan2] [error] OIDN Error: invalid handle
[2026-10-09 16:40:39.346] [svulkan2] [error] OIDN Error: invalid handle
[2026-10-09 16:40:39.346] [svulkan2] [error] OIDN Error: invalid handle
[2026-10-09 16:40:39.346] [svulkan2] [error] OIDN Error: invalid handle
[2026-10-09 16:40:39.346] [svulkan2] [error] OIDN Error: invalid handle
[2026-10-09 16:40:39.392] [svulkan2] [error] OIDN Error: invalid handle
[2026-10-09 16:40:39.392] [svulkan2] [error] OIDN Error: invalid handle
[2026-10-09 16:40:39.392] [svulkan2] [error] OIDN Error: invalid handle
[2026-10-09 16:40:39.392] [svulkan2] [error] OIDN Error: invalid handle
[2026-10-09 16:40:39.439] [svulkan2] [error] OIDN Error: invalid handle
[2026-10-09 16:40:39.439] [svulkan2] [error] OIDN Error: invalid handle
[2026-10-09 16:40:39.439] [svulkan2] [error] OIDN Error: invalid handle
[2026-10-09 16:40:39.439] [svulkan2] [error] OIDN Error: invalid handle
[2026-10-09 16:40:39.485] [svulkan2] [error] OIDN Error: invalid handle
[2026-10-09 16:40:39.485] [svulkan2] [error] OIDN Error: invalid handle
[2026-10-09 16:40:39.485] [svulkan2] [error] OIDN Error: invalid handle
[2026-10-09 16:40:39.485] [svulkan2] [error] OIDN Error: invalid handle
[2026-10-09 16:40:39.531] [svulkan2] [error] OIDN Error: invalid handle
[2026-10-09 16:40:39.531] [svulkan2] [error] OIDN Error: invalid handle
[2026-10-09 16:40:39.531] [svulkan2] [error] OIDN Error: invalid handle
[2026-10-09 16:40:39.531] [svulkan2] [error] OIDN Error: invalid handle
[2026-10-09 16:40:39.577] [svulkan2] [error] OIDN Error: invalid handle
[2026-10-09 16:40:39.577] [svulkan2] [error] OIDN Error: invalid handle
[2026-10-09 16:40:39.577] [svulkan2] [error] OIDN Error: invalid handle
[2026-10-09 16:40:39.578] [svulkan2] [error] OIDN Error: invalid handle
[2026-10-09 16:40:39.625] [svulkan2] [error] OIDN Error: invalid handle
[2026-10-09 16:40:39.625] [svulkan2] [error] OIDN Error: invalid handle
[2026-10-09 16:40:39.625] [svulkan2] [error] OIDN Error: invalid handle
[2026-10-09 16:40:39.625] [svulkan2] [error] OIDN Error: invalid handle
[2026-10-09 16:40:39.671] [svulkan2] [error] OIDN Error: invalid handle
[2026-10-09 16:40:39.672] [svulkan2] [error] OIDN Error: invalid handle
[2026-10-09 16:40:39.672] [svulkan2] [error] OIDN Error: invalid handle
[2026-10-09 16:40:39.672] [svulkan2] [error] OIDN Error: invalid handle
[2026-10-09 16:40:39.718] [svulkan2] [error] OIDN Error: invalid handle
[2026-10-09 16:40:39.718] [svulkan2] [error] OIDN Error: invalid handle
[2026-10-09 16:40:39.718] [svulkan2] [error] OIDN Error: invalid handle
[2026-10-09 16:40:39.718] [svulkan2] [error] OIDN Error: invalid handle
[2026-10-09 16:40:39.766] [svulkan2] [error] OIDN Error: invalid handle
[2026-10-09 16:40:39.766] [svulkan2] [error] OIDN Error: invalid handle
[2026-10-09 16:40:39.766] [svulkan2] [error] OIDN Error: invalid handle
[2026-10-09 16:40:39.766] [svulkan2] [error] OIDN Error: invalid handle
[2026-10-09 16:40:39.816] [svulkan2] [error] OIDN Error: invalid handle
[2026-10-09 16:40:39.816] [svulkan2] [error] OIDN Error: invalid handle
[2026-10-09 16:40:39.816] [svulkan2] [error] OIDN Error: invalid handle
[2026-10-09 16:40:39.816] [svulkan2] [error] OIDN Error: invalid handle
[2026-10-09 16:40:39.865] [svulkan2] [error] OIDN Error: invalid handle
[2026-10-09 16:40:39.865] [svulkan2] [error] OIDN Error: invalid handle
[2026-10-09 16:40:39.865] [svulkan2] [error] OIDN Error: invalid handle
[2026-10-09 16:40:39.865] [svulkan2] [error] OIDN Error: invalid handle
[2026-10-09 16:40:39.913] [svulkan2] [error] OIDN Error: invalid handle
[2026-10-09 16:40:39.913] [svulkan2] [error] OIDN Error: invalid handle
[2026-10-09 16:40:39.913] [svulkan2] [error] OIDN Error: invalid handle
[2026-10-09 16:40:39.913] [svulkan2] [error] OIDN Error: invalid handle
[2026-10-09 16:40:39.962] [svulkan2] [error] OIDN Error: invalid handle
[2026-10-09 16:40:39.962] [svulkan2] [error] OIDN Error: invalid handle
[2026-10-09 16:40:39.962] [svulkan2] [error] OIDN Error: invalid handle
[2026-10-09 16:40:39.962] [svulkan2] [error] OIDN Error: invalid handle
[2026-10-09 16:40:40.011] [svulkan2] [error] OIDN Error: invalid handle
[2026-10-09 16:40:40.011] [svulkan2] [error] OIDN Error: invalid handle
[2026-10-09 16:40:40.011] [svulkan2] [error] OIDN Error: invalid handle
[2026-10-09 16:40:40.011] [svulkan2] [error] OIDN Error: invalid handle
[2026-10-09 16:40:40.059] [svulkan2] [error] OIDN Error: invalid handle
[2026-10-09 16:40:40.059] [svulkan2] [error] OIDN Error: invalid handle
[2026-10-09 16:40:40.059] [svulkan2] [error] OIDN Error: invalid handle
[2026-10-09 16:40:40.060] [svulkan2] [error] OIDN Error: invalid handle
[2026-10-09 16:40:40.108] [svulkan2] [error] OIDN Error: invalid handle
[2026-10-09 16:40:40.108] [svulkan2] [error] OIDN Error: invalid handle
[2026-10-09 16:40:40.108] [svulkan2] [error] OIDN Error: invalid handle
[2026-10-09 16:40:40.108] [svulkan2] [error] OIDN Error: invalid handle
[2026-10-09 16:40:40.156] [svulkan2] [error] OIDN Error: invalid handle
[2026-10-09 16:40:40.156] [svulkan2] [error] OIDN Error: invalid handle
[2026-10-09 16:40:40.156] [svulkan2] [error] OIDN Error: invalid handle
[2026-10-09 16:40:40.157] [svulkan2] [error] OIDN Error: invalid handle
[2026-10-09 16:40:40.204] [svulkan2] [error] OIDN Error: invalid handle
[2026-10-09 16:40:40.204] [svulkan2] [error] OIDN Error: invalid handle
[2026-10-09 16:40:40.204] [svulkan2] [error] OIDN Error: invalid handle
[2026-10-09 16:40:40.204] [svulkan2] [error] OIDN Error: invalid handle
[2026-10-09 16:40:40.252] [svulkan2] [error] OIDN Error: invalid handle
[2026-10-09 16:40:40.252] [svulkan2] [error] OIDN Error: invalid handle
[2026-10-09 16:40:40.252] [svulkan2] [error] OIDN Error: invalid handle
[2026-10-09 16:40:40.252] [svulkan2] [error] OIDN Error: invalid handle
[2026-10-09 16:40:40.300] [svulkan2] [error] OIDN Error: invalid handle
[2026-10-09 16:40:40.300] [svulkan2] [error] OIDN Error: invalid handle
[2026-10-09 16:40:40.300] [svulkan2] [error] OIDN Error: invalid handle
[2026-10-09 16:40:40.300] [svulkan2] [error] OIDN Error: invalid handle
[2026-10-09 16:40:40.347] [svulkan2] [error] OIDN Error: invalid handle
[2026-10-09 16:40:40.348] [svulkan2] [error] OIDN Error: invalid handle
[2026-10-09 16:40:40.348] [svulkan2] [error] OIDN Error: invalid handle
[2026-10-09 16:40:40.348] [svulkan2] [error] OIDN Error: invalid handle
[2026-10-09 16:40:40.396] [svulkan2] [error] OIDN Error: invalid handle
[2026-10-09 16:40:40.396] [svulkan2] [error] OIDN Error: invalid handle
[2026-10-09 16:40:40.396] [svulkan2] [error] OIDN Error: invalid handle
[2026-10-09 16:40:40.396] [svulkan2] [error] OIDN Error: invalid handle
[2026-10-09 16:40:40.443] [svulkan2] [error] OIDN Error: invalid handle
[2026-10-09 16:40:40.444] [svulkan2] [error] OIDN Error: invalid handle
[2026-10-09 16:40:40.444] [svulkan2] [error] OIDN Error: invalid handle
[2026-10-09 16:40:40.444] [svulkan2] [error] OIDN Error: invalid handle
[2026-10-09 16:40:40.491] [svulkan2] [error] OIDN Error: invalid handle
[2026-10-09 16:40:40.491] [svulkan2] [error] OIDN Error: invalid handle
[2026-10-09 16:40:40.491] [svulkan2] [error] OIDN Error: invalid handle
[2026-10-09 16:40:40.492] [svulkan2] [error] OIDN Error: invalid handle
[2026-10-09 16:40:40.540] [svulkan2] [error] OIDN Error: invalid handle
[2026-10-09 16:40:40.540] [svulkan2] [error] OIDN Error: invalid handle
[2026-10-09 16:40:40.540] [svulkan2] [error] OIDN Error: invalid handle
[2026-10-09 16:40:40.540] [svulkan2] [error] OIDN Error: invalid handle
[2026-10-09 16:40:40.587] [svulkan2] [error] OIDN Error: invalid handle
[2026-10-09 16:40:40.588] [svulkan2] [error] OIDN Error: invalid handle
[2026-10-09 16:40:40.588] [svulkan2] [error] OIDN Error: invalid handle
[2026-10-09 16:40:40.588] [svulkan2] [error] OIDN Error: invalid handle
[2026-10-09 16:40:40.636] [svulkan2] [error] OIDN Error: invalid handle
[2026-10-09 16:40:40.636] [svulkan2] [error] OIDN Error: invalid handle
[2026-10-09 16:40:40.636] [svulkan2] [error] OIDN Error: invalid handle
[2026-10-09 16:40:40.636] [svulkan2] [error] OIDN Error: invalid handle
[2026-10-09 16:40:40.685] [svulkan2] [error] OIDN Error: invalid handle
[2026-10-09 16:40:40.685] [svulkan2] [error] OIDN Error: invalid handle
[2026-10-09 16:40:40.685] [svulkan2] [error] OIDN Error: invalid handle
[2026-10-09 16:40:40.685] [svulkan2] [error] OIDN Error: invalid handle
[2026-10-09 16:40:40.732] [svulkan2] [error] OIDN Error: invalid handle
[2026-10-09 16:40:40.732] [svulkan2] [error] OIDN Error: invalid handle
[2026-10-09 16:40:40.732] [svulkan2] [error] OIDN Error: invalid handle
[2026-10-09 16:40:40.732] [svulkan2] [error] OIDN Error: invalid handle
[2026-10-09 16:40:40.781] [svulkan2] [error] OIDN Error: invalid handle
[2026-10-09 16:40:40.781] [svulkan2] [error] OIDN Error: invalid handle
[2026-10-09 16:40:40.781] [svulkan2] [error] OIDN Error: invalid handle
[2026-10-09 16:40:40.783] [svulkan2] [error] OIDN Error: invalid handle
[2026-10-09 16:40:40.830] [svulkan2] [error] OIDN Error: invalid handle
[2026-10-09 16:40:40.830] [svulkan2] [error] OIDN Error: invalid handle
[2026-10-09 16:40:40.830] [svulkan2] [error] OIDN Error: invalid handle
[2026-10-09 16:40:40.830] [svulkan2] [error] OIDN Error: invalid handle
[2026-10-09 16:40:40.879] [svulkan2] [error] OIDN Error: invalid handle
[2026-10-09 16:40:40.879] [svulkan2] [error] OIDN Error: invalid handle
[2026-10-09 16:40:40.880] [svulkan2] [error] OIDN Error: invalid handle
[2026-10-09 16:40:40.880] [svulkan2] [error] OIDN Error: invalid handle
[2026-10-09 16:40:40.929] [svulkan2] [error] OIDN Error: invalid handle
[2026-10-09 16:40:40.929] [svulkan2] [error] OIDN Error: invalid handle
[2026-10-09 16:40:40.929] [svulkan2] [error] OIDN Error: invalid handle
[2026-10-09 16:40:40.929] [svulkan2] [error] OIDN Error: invalid handle
[2026-10-09 16:40:40.979] [svulkan2] [error] OIDN Error: invalid handle
[2026-10-09 16:40:40.979] [svulkan2] [error] OIDN Error: invalid handle
[2026-10-09 16:40:40.979] [svulkan2] [error] OIDN Error: invalid handle
[2026-10-09 16:40:40.979] [svulkan2] [error] OIDN Error: invalid handle
[2026-10-09 16:40:41.029] [svulkan2] [error] OIDN Error: invalid handle
[2026-10-09 16:40:41.029] [svulkan2] [error] OIDN Error: invalid handle
[2026-10-09 16:40:41.029] [svulkan2] [error] OIDN Error: invalid handle
[2026-10-09 16:40:41.029] [svulkan2] [error] OIDN Error: invalid handle
[2026-10-09 16:40:41.079] [svulkan2] [error] OIDN Error: invalid handle
[2026-10-09 16:40:41.080] [svulkan2] [error] OIDN Error: invalid handle
[2026-10-09 16:40:41.080] [svulkan2] [error] OIDN Error: invalid handle
[2026-10-09 16:40:41.080] [svulkan2] [error] OIDN Error: invalid handle
[2026-10-09 16:40:41.129] [svulkan2] [error] OIDN Error: invalid handle
[2026-10-09 16:40:41.129] [svulkan2] [error] OIDN Error: invalid handle
[2026-10-09 16:40:41.129] [svulkan2] [error] OIDN Error: invalid handle
[2026-10-09 16:40:41.129] [svulkan2] [error] OIDN Error: invalid handle
[2026-10-09 16:40:41.179] [svulkan2] [error] OIDN Error: invalid handle
[2026-10-09 16:40:41.179] [svulkan2] [error] OIDN Error: invalid handle
[2026-10-09 16:40:41.179] [svulkan2] [error] OIDN Error: invalid handle
[2026-10-09 16:40:41.179] [svulkan2] [error] OIDN Error: invalid handle
[2026-10-09 16:40:41.229] [svulkan2] [error] OIDN Error: invalid handle
[2026-10-09 16:40:41.229] [svulkan2] [error] OIDN Error: invalid handle
[2026-10-09 16:40:41.229] [svulkan2] [error] OIDN Error: invalid handle
[2026-10-09 16:40:41.229] [svulkan2] [error] OIDN Error: invalid handle
[2026-10-09 16:40:41.279] [svulkan2] [error] OIDN Error: invalid handle
[2026-10-09 16:40:41.279] [svulkan2] [error] OIDN Error: invalid handle
[2026-10-09 16:40:41.279] [svulkan2] [error] OIDN Error: invalid handle
[2026-10-09 16:40:41.279] [svulkan2] [error] OIDN Error: invalid handle
[2026-10-09 16:40:41.330] [svulkan2] [error] OIDN Error: invalid handle
[2026-10-09 16:40:41.330] [svulkan2] [error] OIDN Error: invalid handle
[2026-10-09 16:40:41.330] [svulkan2] [error] OIDN Error: invalid handle
[2026-10-09 16:40:41.330] [svulkan2] [error] OIDN Error: invalid handle
[2026-10-09 16:40:41.380] [svulkan2] [error] OIDN Error: invalid handle
[2026-10-09 16:40:41.381] [svulkan2] [error] OIDN Error: invalid handle
[2026-10-09 16:40:41.381] [svulkan2] [error] OIDN Error: invalid handle
[2026-10-09 16:40:41.381] [svulkan2] [error] OIDN Error: invalid handle
[2026-10-09 16:40:41.431] [svulkan2] [error] OIDN Error: invalid handle
[2026-10-09 16:40:41.431] [svulkan2] [error] OIDN Error: invalid handle
[2026-10-09 16:40:41.431] [svulkan2] [error] OIDN Error: invalid handle
[2026-10-09 16:40:41.431] [svulkan2] [error] OIDN Error: invalid handle
[2026-10-09 16:40:41.482] [svulkan2] [error] OIDN Error: invalid handle
[2026-10-09 16:40:41.482] [svulkan2] [error] OIDN Error: invalid handle
[2026-10-09 16:40:41.482] [svulkan2] [error] OIDN Error: invalid handle
[2026-10-09 16:40:41.482] [svulkan2] [error] OIDN Error: invalid handle
[2026-10-09 16:40:41.533] [svulkan2] [error] OIDN Error: invalid handle
[2026-10-09 16:40:41.533] [svulkan2] [error] OIDN Error: invalid handle
[2026-10-09 16:40:41.533] [svulkan2] [error] OIDN Error: invalid handle
[2026-10-09 16:40:41.533] [svulkan2] [error] OIDN Error: invalid handle
[2026-10-09 16:40:41.584] [svulkan2] [error] OIDN Error: invalid handle
[2026-10-09 16:40:41.585] [svulkan2] [error] OIDN Error: invalid handle
[2026-10-09 16:40:41.585] [svulkan2] [error] OIDN Error: invalid handle
[2026-10-09 16:40:41.585] [svulkan2] [error] OIDN Error: invalid handle
[2026-10-09 16:40:41.637] [svulkan2] [error] OIDN Error: invalid handle
[2026-10-09 16:40:41.637] [svulkan2] [error] OIDN Error: invalid handle
[2026-10-09 16:40:41.637] [svulkan2] [error] OIDN Error: invalid handle
[2026-10-09 16:40:41.637] [svulkan2] [error] OIDN Error: invalid handle
[2026-10-09 16:40:41.688] [svulkan2] [error] OIDN Error: invalid handle
[2026-10-09 16:40:41.688] [svulkan2] [error] OIDN Error: invalid handle
[2026-10-09 16:40:41.688] [svulkan2] [error] OIDN Error: invalid handle
[2026-10-09 16:40:41.688] [svulkan2] [error] OIDN Error: invalid handle
[2026-10-09 16:40:41.739] [svulkan2] [error] OIDN Error: invalid handle
[2026-10-09 16:40:41.740] [svulkan2] [error] OIDN Error: invalid handle
[2026-10-09 16:40:41.740] [svulkan2] [error] OIDN Error: invalid handle
[2026-10-09 16:40:41.740] [svulkan2] [error] OIDN Error: invalid handle
[2026-10-09 16:40:41.791] [svulkan2] [error] OIDN Error: invalid handle
[2026-10-09 16:40:41.791] [svulkan2] [error] OIDN Error: invalid handle
[2026-10-09 16:40:41.791] [svulkan2] [error] OIDN Error: invalid handle
[2026-10-09 16:40:41.791] [svulkan2] [error] OIDN Error: invalid handle
[2026-10-09 16:40:41.841] [svulkan2] [error] OIDN Error: invalid handle
[2026-10-09 16:40:41.841] [svulkan2] [error] OIDN Error: invalid handle
[2026-10-09 16:40:41.841] [svulkan2] [error] OIDN Error: invalid handle
[2026-10-09 16:40:41.841] [svulkan2] [error] OIDN Error: invalid handle
[2026-10-09 16:40:41.893] [svulkan2] [error] OIDN Error: invalid handle
[2026-10-09 16:40:41.893] [svulkan2] [error] OIDN Error: invalid handle
[2026-10-09 16:40:41.893] [svulkan2] [error] OIDN Error: invalid handle
[2026-10-09 16:40:41.893] [svulkan2] [error] OIDN Error: invalid handle
[2026-10-09 16:40:41.944] [svulkan2] [error] OIDN Error: invalid handle
[2026-10-09 16:40:41.944] [svulkan2] [error] OIDN Error: invalid handle
[2026-10-09 16:40:41.944] [svulkan2] [error] OIDN Error: invalid handle
[2026-10-09 16:40:41.944] [svulkan2] [error] OIDN Error: invalid handle
step: [92m1 / 400[0m{"attempt": 3, "decision": 0, "id": 53, "motions": 1, "left": "pos [-0.14, 0.0, 1.04] quat [0.0, -0.71, 0.0, 0.71] grip 1.00", "right": "pos [0.14, 0.0, 1.04] quat [0.0, -0.71, 0.0, 0.71] grip 1.00", "planner": {"left": "Success", "right": "Success"}, "success": false, "calls_total": 53, "latency_s": 16.17}
[2026-10-09 16:41:04.369] [svulkan2] [error] OIDN Error: invalid handle
[2026-10-09 16:41:04.369] [svulkan2] [error] OIDN Error: invalid handle
[2026-10-09 16:41:04.369] [svulkan2] [error] OIDN Error: invalid handle
[2026-10-09 16:41:04.369] [svulkan2] [error] OIDN Error: invalid handle
[2026-10-09 16:41:04.419] [svulkan2] [error] OIDN Error: invalid handle
[2026-10-09 16:41:04.419] [svulkan2] [error] OIDN Error: invalid handle
[2026-10-09 16:41:04.419] [svulkan2] [error] OIDN Error: invalid handle
[2026-10-09 16:41:04.419] [svulkan2] [error] OIDN Error: invalid handle
[2026-10-09 16:41:04.470] [svulkan2] [error] OIDN Error: invalid handle
[2026-10-09 16:41:04.470] [svulkan2] [error] OIDN Error: invalid handle
[2026-10-09 16:41:04.470] [svulkan2] [error] OIDN Error: invalid handle
[2026-10-09 16:41:04.470] [svulkan2] [error] OIDN Error: invalid handle
[2026-10-09 16:41:04.521] [svulkan2] [error] OIDN Error: invalid handle
[2026-10-09 16:41:04.521] [svulkan2] [error] OIDN Error: invalid handle
[2026-10-09 16:41:04.521] [svulkan2] [error] OIDN Error: invalid handle
[2026-10-09 16:41:04.521] [svulkan2] [error] OIDN Error: invalid handle
[2026-10-09 16:41:04.572] [svulkan2] [error] OIDN Error: invalid handle
[2026-10-09 16:41:04.572] [svulkan2] [error] OIDN Error: invalid handle
[2026-10-09 16:41:04.572] [svulkan2] [error] OIDN Error: invalid handle
[2026-10-09 16:41:04.572] [svulkan2] [error] OIDN Error: invalid handle
[2026-10-09 16:41:04.623] [svulkan2] [error] OIDN Error: invalid handle
[2026-10-09 16:41:04.623] [svulkan2] [error] OIDN Error: invalid handle
[2026-10-09 16:41:04.623] [svulkan2] [error] OIDN Error: invalid handle
[2026-10-09 16:41:04.623] [svulkan2] [error] OIDN Error: invalid handle
[2026-10-09 16:41:04.675] [svulkan2] [error] OIDN Error: invalid handle
[2026-10-09 16:41:04.675] [svulkan2] [error] OIDN Error: invalid handle
[2026-10-09 16:41:04.675] [svulkan2] [error] OIDN Error: invalid handle
[2026-10-09 16:41:04.675] [svulkan2] [error] OIDN Error: invalid handle
[2026-10-09 16:41:04.727] [svulkan2] [error] OIDN Error: invalid handle
[2026-10-09 16:41:04.727] [svulkan2] [error] OIDN Error: invalid handle
[2026-10-09 16:41:04.727] [svulkan2] [error] OIDN Error: invalid handle
[2026-10-09 16:41:04.727] [svulkan2] [error] OIDN Error: invalid handle
[2026-10-09 16:41:04.779] [svulkan2] [error] OIDN Error: invalid handle
[2026-10-09 16:41:04.779] [svulkan2] [error] OIDN Error: invalid handle
[2026-10-09 16:41:04.779] [svulkan2] [error] OIDN Error: invalid handle
[2026-10-09 16:41:04.779] [svulkan2] [error] OIDN Error: invalid handle
[2026-10-09 16:41:04.831] [svulkan2] [error] OIDN Error: invalid handle
[2026-10-09 16:41:04.831] [svulkan2] [error] OIDN Error: invalid handle
[2026-10-09 16:41:04.831] [svulkan2] [error] OIDN Error: invalid handle
[2026-10-09 16:41:04.831] [svulkan2] [error] OIDN Error: invalid handle
[2026-10-09 16:41:04.883] [svulkan2] [error] OIDN Error: invalid handle
[2026-10-09 16:41:04.883] [svulkan2] [error] OIDN Error: invalid handle
[2026-10-09 16:41:04.883] [svulkan2] [error] OIDN Error: invalid handle
[2026-10-09 16:41:04.883] [svulkan2] [error] OIDN Error: invalid handle
[2026-10-09 16:41:04.936] [svulkan2] [error] OIDN Error: invalid handle
[2026-10-09 16:41:04.936] [svulkan2] [error] OIDN Error: invalid handle
[2026-10-09 16:41:04.936] [svulkan2] [error] OIDN Error: invalid handle
[2026-10-09 16:41:04.936] [svulkan2] [error] OIDN Error: invalid handle
[2026-10-09 16:41:04.989] [svulkan2] [error] OIDN Error: invalid handle
[2026-10-09 16:41:04.991] [svulkan2] [error] OIDN Error: invalid handle
[2026-10-09 16:41:04.991] [svulkan2] [error] OIDN Error: invalid handle
[2026-10-09 16:41:04.991] [svulkan2] [error] OIDN Error: invalid handle
[2026-10-09 16:41:05.042] [svulkan2] [error] OIDN Error: invalid handle
[2026-10-09 16:41:05.042] [svulkan2] [error] OIDN Error: invalid handle
[2026-10-09 16:41:05.042] [svulkan2] [error] OIDN Error: invalid handle
[2026-10-09 16:41:05.042] [svulkan2] [error] OIDN Error: invalid handle
[2026-10-09 16:41:05.096] [svulkan2] [error] OIDN Error: invalid handle
[2026-10-09 16:41:05.097] [svulkan2] [error] OIDN Error: invalid handle
[2026-10-09 16:41:05.097] [svulkan2] [error] OIDN Error: invalid handle
[2026-10-09 16:41:05.097] [svulkan2] [error] OIDN Error: invalid handle
[2026-10-09 16:41:05.151] [svulkan2] [error] OIDN Error: invalid handle
[2026-10-09 16:41:05.151] [svulkan2] [error] OIDN Error: invalid handle
[2026-10-09 16:41:05.151] [svulkan2] [error] OIDN Error: invalid handle
[2026-10-09 16:41:05.151] [svulkan2] [error] OIDN Error: invalid handle
[2026-10-09 16:41:05.206] [svulkan2] [error] OIDN Error: invalid handle
[2026-10-09 16:41:05.206] [svulkan2] [error] OIDN Error: invalid handle
[2026-10-09 16:41:05.206] [svulkan2] [error] OIDN Error: invalid handle
[2026-10-09 16:41:05.206] [svulkan2] [error] OIDN Error: invalid handle
[2026-10-09 16:41:05.260] [svulkan2] [error] OIDN Error: invalid handle
[2026-10-09 16:41:05.260] [svulkan2] [error] OIDN Error: invalid handle
[2026-10-09 16:41:05.260] [svulkan2] [error] OIDN Error: invalid handle
[2026-10-09 16:41:05.260] [svulkan2] [error] OIDN Error: invalid handle
[2026-10-09 16:41:05.315] [svulkan2] [error] OIDN Error: invalid handle
[2026-10-09 16:41:05.315] [svulkan2] [error] OIDN Error: invalid handle
[2026-10-09 16:41:05.315] [svulkan2] [error] OIDN Error: invalid handle
[2026-10-09 16:41:05.315] [svulkan2] [error] OIDN Error: invalid handle
[2026-10-09 16:41:05.370] [svulkan2] [error] OIDN Error: invalid handle
[2026-10-09 16:41:05.370] [svulkan2] [error] OIDN Error: invalid handle
[2026-10-09 16:41:05.370] [svulkan2] [error] OIDN Error: invalid handle
[2026-10-09 16:41:05.370] [svulkan2] [error] OIDN Error: invalid handle
[2026-10-09 16:41:05.425] [svulkan2] [error] OIDN Error: invalid handle
[2026-10-09 16:41:05.425] [svulkan2] [error] OIDN Error: invalid handle
[2026-10-09 16:41:05.425] [svulkan2] [error] OIDN Error: invalid handle
[2026-10-09 16:41:05.425] [svulkan2] [error] OIDN Error: invalid handle
[2026-10-09 16:41:05.481] [svulkan2] [error] OIDN Error: invalid handle
[2026-10-09 16:41:05.481] [svulkan2] [error] OIDN Error: invalid handle
[2026-10-09 16:41:05.481] [svulkan2] [error] OIDN Error: invalid handle
[2026-10-09 16:41:05.481] [svulkan2] [error] OIDN Error: invalid handle
[2026-10-09 16:41:05.535] [svulkan2] [error] OIDN Error: invalid handle
[2026-10-09 16:41:05.535] [svulkan2] [error] OIDN Error: invalid handle
[2026-10-09 16:41:05.536] [svulkan2] [error] OIDN Error: invalid handle
[2026-10-09 16:41:05.536] [svulkan2] [error] OIDN Error: invalid handle
step: [92m2 / 400[0m{"attempt": 3, "decision": 1, "id": 54, "motions": 2, "left": "pos [-0.12, 0.0, 0.99] quat [0.0, -0.71, 0.0, 0.71] grip 1.00", "right": "pos [0.12, 0.0, 0.99] quat [0.0, -0.71, 0.0, 0.71] grip 1.00", "planner": {"left": "Success", "right": "Success"}, "success": false, "calls_total": 54, "latency_s": 21.74}
[2026-10-09 16:41:28.138] [svulkan2] [error] OIDN Error: invalid handle
[2026-10-09 16:41:28.138] [svulkan2] [error] OIDN Error: invalid handle
[2026-10-09 16:41:28.138] [svulkan2] [error] OIDN Error: invalid handle
[2026-10-09 16:41:28.138] [svulkan2] [error] OIDN Error: invalid handle
[2026-10-09 16:41:28.193] [svulkan2] [error] OIDN Error: invalid handle
[2026-10-09 16:41:28.193] [svulkan2] [error] OIDN Error: invalid handle
[2026-10-09 16:41:28.193] [svulkan2] [error] OIDN Error: invalid handle
[2026-10-09 16:41:28.193] [svulkan2] [error] OIDN Error: invalid handle
[2026-10-09 16:41:28.248] [svulkan2] [error] OIDN Error: invalid handle
[2026-10-09 16:41:28.248] [svulkan2] [error] OIDN Error: invalid handle
[2026-10-09 16:41:28.248] [svulkan2] [error] OIDN Error: invalid handle
[2026-10-09 16:41:28.248] [svulkan2] [error] OIDN Error: invalid handle
[2026-10-09 16:41:28.302] [svulkan2] [error] OIDN Error: invalid handle
[2026-10-09 16:41:28.303] [svulkan2] [error] OIDN Error: invalid handle
[2026-10-09 16:41:28.303] [svulkan2] [error] OIDN Error: invalid handle
[2026-10-09 16:41:28.303] [svulkan2] [error] OIDN Error: invalid handle
[2026-10-09 16:41:28.358] [svulkan2] [error] OIDN Error: invalid handle
[2026-10-09 16:41:28.358] [svulkan2] [error] OIDN Error: invalid handle
[2026-10-09 16:41:28.358] [svulkan2] [error] OIDN Error: invalid handle
[2026-10-09 16:41:28.359] [svulkan2] [error] OIDN Error: invalid handle
[2026-10-09 16:41:28.414] [svulkan2] [error] OIDN Error: invalid handle
[2026-10-09 16:41:28.414] [svulkan2] [error] OIDN Error: invalid handle
[2026-10-09 16:41:28.414] [svulkan2] [error] OIDN Error: invalid handle
[2026-10-09 16:41:28.414] [svulkan2] [error] OIDN Error: invalid handle
[2026-10-09 16:41:28.469] [svulkan2] [error] OIDN Error: invalid handle
[2026-10-09 16:41:28.469] [svulkan2] [error] OIDN Error: invalid handle
[2026-10-09 16:41:28.469] [svulkan2] [error] OIDN Error: invalid handle
[2026-10-09 16:41:28.469] [svulkan2] [error] OIDN Error: invalid handle
[2026-10-09 16:41:28.526] [svulkan2] [error] OIDN Error: invalid handle
[2026-10-09 16:41:28.526] [svulkan2] [error] OIDN Error: invalid handle
[2026-10-09 16:41:28.526] [svulkan2] [error] OIDN Error: invalid handle
[2026-10-09 16:41:28.526] [svulkan2] [error] OIDN Error: invalid handle
[2026-10-09 16:41:28.582] [svulkan2] [error] OIDN Error: invalid handle
[2026-10-09 16:41:28.582] [svulkan2] [error] OIDN Error: invalid handle
[2026-10-09 16:41:28.583] [svulkan2] [error] OIDN Error: invalid handle
[2026-10-09 16:41:28.583] [svulkan2] [error] OIDN Error: invalid handle
[2026-10-09 16:41:28.640] [svulkan2] [error] OIDN Error: invalid handle
[2026-10-09 16:41:28.640] [svulkan2] [error] OIDN Error: invalid handle
[2026-10-09 16:41:28.640] [svulkan2] [error] OIDN Error: invalid handle
[2026-10-09 16:41:28.640] [svulkan2] [error] OIDN Error: invalid handle
[2026-10-09 16:41:28.697] [svulkan2] [error] OIDN Error: invalid handle
[2026-10-09 16:41:28.697] [svulkan2] [error] OIDN Error: invalid handle
[2026-10-09 16:41:28.697] [svulkan2] [error] OIDN Error: invalid handle
[2026-10-09 16:41:28.697] [svulkan2] [error] OIDN Error: invalid handle
[2026-10-09 16:41:28.755] [svulkan2] [error] OIDN Error: invalid handle
[2026-10-09 16:41:28.755] [svulkan2] [error] OIDN Error: invalid handle
[2026-10-09 16:41:28.755] [svulkan2] [error] OIDN Error: invalid handle
[2026-10-09 16:41:28.755] [svulkan2] [error] OIDN Error: invalid handle
[2026-10-09 16:41:28.814] [svulkan2] [error] OIDN Error: invalid handle
[2026-10-09 16:41:28.814] [svulkan2] [error] OIDN Error: invalid handle
[2026-10-09 16:41:28.814] [svulkan2] [error] OIDN Error: invalid handle
[2026-10-09 16:41:28.814] [svulkan2] [error] OIDN Error: invalid handle
[2026-10-09 16:41:28.873] [svulkan2] [error] OIDN Error: invalid handle
[2026-10-09 16:41:28.873] [svulkan2] [error] OIDN Error: invalid handle
[2026-10-09 16:41:28.873] [svulkan2] [error] OIDN Error: invalid handle
[2026-10-09 16:41:28.873] [svulkan2] [error] OIDN Error: invalid handle
[2026-10-09 16:41:28.933] [svulkan2] [error] OIDN Error: invalid handle
[2026-10-09 16:41:28.933] [svulkan2] [error] OIDN Error: invalid handle
[2026-10-09 16:41:28.933] [svulkan2] [error] OIDN Error: invalid handle
[2026-10-09 16:41:28.933] [svulkan2] [error] OIDN Error: invalid handle
[2026-10-09 16:41:28.993] [svulkan2] [error] OIDN Error: invalid handle
[2026-10-09 16:41:28.993] [svulkan2] [error] OIDN Error: invalid handle
[2026-10-09 16:41:28.993] [svulkan2] [error] OIDN Error: invalid handle
[2026-10-09 16:41:28.993] [svulkan2] [error] OIDN Error: invalid handle
[2026-10-09 16:41:29.050] [svulkan2] [error] OIDN Error: invalid handle
[2026-10-09 16:41:29.050] [svulkan2] [error] OIDN Error: invalid handle
[2026-10-09 16:41:29.050] [svulkan2] [error] OIDN Error: invalid handle
[2026-10-09 16:41:29.050] [svulkan2] [error] OIDN Error: invalid handle
step: [92m3 / 400[0m{"attempt": 3, "decision": 2, "id": 55, "motions": 3, "left": "pos [-0.1, 0.015, 0.96] quat [0.0, -0.71, 0.0, 0.71] grip 1.00", "right": "pos [0.1, 0.015, 0.96] quat [0.0, -0.71, 0.0, 0.71] grip 1.00", "planner": {"left": "Success", "right": "Success"}, "success": false, "calls_total": 55, "latency_s": 21.92}
[2026-10-09 16:41:55.077] [svulkan2] [error] OIDN Error: invalid handle
[2026-10-09 16:41:55.077] [svulkan2] [error] OIDN Error: invalid handle
[2026-10-09 16:41:55.077] [svulkan2] [error] OIDN Error: invalid handle
[2026-10-09 16:41:55.077] [svulkan2] [error] OIDN Error: invalid handle
[2026-10-09 16:41:55.135] [svulkan2] [error] OIDN Error: invalid handle
[2026-10-09 16:41:55.135] [svulkan2] [error] OIDN Error: invalid handle
[2026-10-09 16:41:55.135] [svulkan2] [error] OIDN Error: invalid handle
[2026-10-09 16:41:55.135] [svulkan2] [error] OIDN Error: invalid handle
[2026-10-09 16:41:55.194] [svulkan2] [error] OIDN Error: invalid handle
[2026-10-09 16:41:55.194] [svulkan2] [error] OIDN Error: invalid handle
[2026-10-09 16:41:55.194] [svulkan2] [error] OIDN Error: invalid handle
[2026-10-09 16:41:55.194] [svulkan2] [error] OIDN Error: invalid handle
[2026-10-09 16:41:55.253] [svulkan2] [error] OIDN Error: invalid handle
[2026-10-09 16:41:55.253] [svulkan2] [error] OIDN Error: invalid handle
[2026-10-09 16:41:55.253] [svulkan2] [error] OIDN Error: invalid handle
[2026-10-09 16:41:55.253] [svulkan2] [error] OIDN Error: invalid handle
[2026-10-09 16:41:55.312] [svulkan2] [error] OIDN Error: invalid handle
[2026-10-09 16:41:55.312] [svulkan2] [error] OIDN Error: invalid handle
[2026-10-09 16:41:55.312] [svulkan2] [error] OIDN Error: invalid handle
[2026-10-09 16:41:55.313] [svulkan2] [error] OIDN Error: invalid handle
[2026-10-09 16:41:55.371] [svulkan2] [error] OIDN Error: invalid handle
[2026-10-09 16:41:55.371] [svulkan2] [error] OIDN Error: invalid handle
[2026-10-09 16:41:55.371] [svulkan2] [error] OIDN Error: invalid handle
[2026-10-09 16:41:55.371] [svulkan2] [error] OIDN Error: invalid handle
[2026-10-09 16:41:55.431] [svulkan2] [error] OIDN Error: invalid handle
[2026-10-09 16:41:55.431] [svulkan2] [error] OIDN Error: invalid handle
[2026-10-09 16:41:55.431] [svulkan2] [error] OIDN Error: invalid handle
[2026-10-09 16:41:55.431] [svulkan2] [error] OIDN Error: invalid handle
[2026-10-09 16:41:55.489] [svulkan2] [error] OIDN Error: invalid handle
[2026-10-09 16:41:55.489] [svulkan2] [error] OIDN Error: invalid handle
[2026-10-09 16:41:55.489] [svulkan2] [error] OIDN Error: invalid handle
[2026-10-09 16:41:55.489] [svulkan2] [error] OIDN Error: invalid handle
[2026-10-09 16:41:55.549] [svulkan2] [error] OIDN Error: invalid handle
[2026-10-09 16:41:55.549] [svulkan2] [error] OIDN Error: invalid handle
[2026-10-09 16:41:55.549] [svulkan2] [error] OIDN Error: invalid handle
[2026-10-09 16:41:55.549] [svulkan2] [error] OIDN Error: invalid handle
[2026-10-09 16:41:55.608] [svulkan2] [error] OIDN Error: invalid handle
[2026-10-09 16:41:55.608] [svulkan2] [error] OIDN Error: invalid handle
[2026-10-09 16:41:55.608] [svulkan2] [error] OIDN Error: invalid handle
[2026-10-09 16:41:55.608] [svulkan2] [error] OIDN Error: invalid handle
[2026-10-09 16:41:55.667] [svulkan2] [error] OIDN Error: invalid handle
[2026-10-09 16:41:55.667] [svulkan2] [error] OIDN Error: invalid handle
[2026-10-09 16:41:55.667] [svulkan2] [error] OIDN Error: invalid handle
[2026-10-09 16:41:55.667] [svulkan2] [error] OIDN Error: invalid handle
[2026-10-09 16:41:55.725] [svulkan2] [error] OIDN Error: invalid handle
[2026-10-09 16:41:55.725] [svulkan2] [error] OIDN Error: invalid handle
[2026-10-09 16:41:55.725] [svulkan2] [error] OIDN Error: invalid handle
[2026-10-09 16:41:55.725] [svulkan2] [error] OIDN Error: invalid handle
[2026-10-09 16:41:55.783] [svulkan2] [error] OIDN Error: invalid handle
[2026-10-09 16:41:55.784] [svulkan2] [error] OIDN Error: invalid handle
[2026-10-09 16:41:55.784] [svulkan2] [error] OIDN Error: invalid handle
[2026-10-09 16:41:55.784] [svulkan2] [error] OIDN Error: invalid handle
[2026-10-09 16:41:55.842] [svulkan2] [error] OIDN Error: invalid handle
[2026-10-09 16:41:55.842] [svulkan2] [error] OIDN Error: invalid handle
[2026-10-09 16:41:55.842] [svulkan2] [error] OIDN Error: invalid handle
[2026-10-09 16:41:55.842] [svulkan2] [error] OIDN Error: invalid handle
[2026-10-09 16:41:55.901] [svulkan2] [error] OIDN Error: invalid handle
[2026-10-09 16:41:55.901] [svulkan2] [error] OIDN Error: invalid handle
[2026-10-09 16:41:55.901] [svulkan2] [error] OIDN Error: invalid handle
[2026-10-09 16:41:55.901] [svulkan2] [error] OIDN Error: invalid handle
[2026-10-09 16:41:55.961] [svulkan2] [error] OIDN Error: invalid handle
[2026-10-09 16:41:55.961] [svulkan2] [error] OIDN Error: invalid handle
[2026-10-09 16:41:55.961] [svulkan2] [error] OIDN Error: invalid handle
[2026-10-09 16:41:55.961] [svulkan2] [error] OIDN Error: invalid handle
[2026-10-09 16:41:56.021] [svulkan2] [error] OIDN Error: invalid handle
[2026-10-09 16:41:56.021] [svulkan2] [error] OIDN Error: invalid handle
[2026-10-09 16:41:56.021] [svulkan2] [error] OIDN Error: invalid handle
[2026-10-09 16:41:56.021] [svulkan2] [error] OIDN Error: invalid handle
[2026-10-09 16:41:56.081] [svulkan2] [error] OIDN Error: invalid handle
[2026-10-09 16:41:56.081] [svulkan2] [error] OIDN Error: invalid handle
[2026-10-09 16:41:56.081] [svulkan2] [error] OIDN Error: invalid handle
[2026-10-09 16:41:56.081] [svulkan2] [error] OIDN Error: invalid handle
[2026-10-09 16:41:56.136] [svulkan2] [error] OIDN Error: invalid handle
[2026-10-09 16:41:56.136] [svulkan2] [error] OIDN Error: invalid handle
[2026-10-09 16:41:56.137] [svulkan2] [error] OIDN Error: invalid handle
[2026-10-09 16:41:56.137] [svulkan2] [error] OIDN Error: invalid handle
step: [92m4 / 400[0m{"attempt": 3, "decision": 3, "id": 56, "motions": 4, "left": "pos [-0.12, 0.02, 0.95] quat [0.0, -0.71, 0.0, 0.71] grip 1.00", "right": "pos [0.075, 0.02, 0.95] quat [0.0, -0.71, 0.0, 0.71] grip 1.00", "planner": {"left": "Success", "right": "Success"}, "success": false, "calls_total": 56, "latency_s": 25.35}
[2026-10-09 16:42:12.334] [svulkan2] [error] OIDN Error: invalid handle
[2026-10-09 16:42:12.334] [svulkan2] [error] OIDN Error: invalid handle
[2026-10-09 16:42:12.334] [svulkan2] [error] OIDN Error: invalid handle
[2026-10-09 16:42:12.335] [svulkan2] [error] OIDN Error: invalid handle
[2026-10-09 16:42:12.393] [svulkan2] [error] OIDN Error: invalid handle
[2026-10-09 16:42:12.394] [svulkan2] [error] OIDN Error: invalid handle
[2026-10-09 16:42:12.394] [svulkan2] [error] OIDN Error: invalid handle
[2026-10-09 16:42:12.394] [svulkan2] [error] OIDN Error: invalid handle
[2026-10-09 16:42:12.453] [svulkan2] [error] OIDN Error: invalid handle
[2026-10-09 16:42:12.453] [svulkan2] [error] OIDN Error: invalid handle
[2026-10-09 16:42:12.453] [svulkan2] [error] OIDN Error: invalid handle
[2026-10-09 16:42:12.453] [svulkan2] [error] OIDN Error: invalid handle
[2026-10-09 16:42:12.513] [svulkan2] [error] OIDN Error: invalid handle
[2026-10-09 16:42:12.513] [svulkan2] [error] OIDN Error: invalid handle
[2026-10-09 16:42:12.513] [svulkan2] [error] OIDN Error: invalid handle
[2026-10-09 16:42:12.513] [svulkan2] [error] OIDN Error: invalid handle
step: [92m5 / 400[0m{"attempt": 3, "decision": 4, "id": 57, "motions": 5, "left": "hold grip 0.00", "right": "hold grip 0.00", "planner": {"left": "hold", "right": "hold"}, "success": false, "calls_total": 57, "latency_s": 15.62}
[2026-10-09 16:42:29.023] [svulkan2] [error] OIDN Error: invalid handle
[2026-10-09 16:42:29.023] [svulkan2] [error] OIDN Error: invalid handle
[2026-10-09 16:42:29.023] [svulkan2] [error] OIDN Error: invalid handle
[2026-10-09 16:42:29.023] [svulkan2] [error] OIDN Error: invalid handle
[2026-10-09 16:42:29.082] [svulkan2] [error] OIDN Error: invalid handle
[2026-10-09 16:42:29.082] [svulkan2] [error] OIDN Error: invalid handle
[2026-10-09 16:42:29.082] [svulkan2] [error] OIDN Error: invalid handle
[2026-10-09 16:42:29.082] [svulkan2] [error] OIDN Error: invalid handle
[2026-10-09 16:42:29.142] [svulkan2] [error] OIDN Error: invalid handle
[2026-10-09 16:42:29.142] [svulkan2] [error] OIDN Error: invalid handle
[2026-10-09 16:42:29.143] [svulkan2] [error] OIDN Error: invalid handle
[2026-10-09 16:42:29.143] [svulkan2] [error] OIDN Error: invalid handle
[2026-10-09 16:42:29.203] [svulkan2] [error] OIDN Error: invalid handle
[2026-10-09 16:42:29.203] [svulkan2] [error] OIDN Error: invalid handle
[2026-10-09 16:42:29.203] [svulkan2] [error] OIDN Error: invalid handle
[2026-10-09 16:42:29.203] [svulkan2] [error] OIDN Error: invalid handle
[2026-10-09 16:42:29.262] [svulkan2] [error] OIDN Error: invalid handle
[2026-10-09 16:42:29.262] [svulkan2] [error] OIDN Error: invalid handle
[2026-10-09 16:42:29.262] [svulkan2] [error] OIDN Error: invalid handle
[2026-10-09 16:42:29.262] [svulkan2] [error] OIDN Error: invalid handle
step: [92m6 / 400[0m{"attempt": 3, "decision": 5, "id": 58, "motions": 6, "left": "hold grip 0.00", "right": "hold grip 0.00", "planner": {"left": "hold", "right": "hold"}, "success": false, "calls_total": 58, "latency_s": 15.93}
[2026-10-09 16:42:46.312] [svulkan2] [error] OIDN Error: invalid handle
[2026-10-09 16:42:46.312] [svulkan2] [error] OIDN Error: invalid handle
[2026-10-09 16:42:46.312] [svulkan2] [error] OIDN Error: invalid handle
[2026-10-09 16:42:46.312] [svulkan2] [error] OIDN Error: invalid handle
[2026-10-09 16:42:46.373] [svulkan2] [error] OIDN Error: invalid handle
[2026-10-09 16:42:46.373] [svulkan2] [error] OIDN Error: invalid handle
[2026-10-09 16:42:46.373] [svulkan2] [error] OIDN Error: invalid handle
[2026-10-09 16:42:46.373] [svulkan2] [error] OIDN Error: invalid handle
[2026-10-09 16:42:46.433] [svulkan2] [error] OIDN Error: invalid handle
[2026-10-09 16:42:46.433] [svulkan2] [error] OIDN Error: invalid handle
[2026-10-09 16:42:46.433] [svulkan2] [error] OIDN Error: invalid handle
[2026-10-09 16:42:46.433] [svulkan2] [error] OIDN Error: invalid handle
[2026-10-09 16:42:46.494] [svulkan2] [error] OIDN Error: invalid handle
[2026-10-09 16:42:46.494] [svulkan2] [error] OIDN Error: invalid handle
[2026-10-09 16:42:46.494] [svulkan2] [error] OIDN Error: invalid handle
[2026-10-09 16:42:46.494] [svulkan2] [error] OIDN Error: invalid handle
[2026-10-09 16:42:46.553] [svulkan2] [error] OIDN Error: invalid handle
[2026-10-09 16:42:46.553] [svulkan2] [error] OIDN Error: invalid handle
[2026-10-09 16:42:46.553] [svulkan2] [error] OIDN Error: invalid handle
[2026-10-09 16:42:46.553] [svulkan2] [error] OIDN Error: invalid handle
step: [92m7 / 400[0m{"attempt": 3, "decision": 6, "id": 59, "motions": 7, "left": "hold grip 0.00", "right": "hold grip 0.00", "planner": {"left": "hold", "right": "hold"}, "success": false, "calls_total": 59, "latency_s": 16.47}
[2026-10-09 16:43:03.852] [svulkan2] [error] OIDN Error: invalid handle
[2026-10-09 16:43:03.852] [svulkan2] [error] OIDN Error: invalid handle
[2026-10-09 16:43:03.852] [svulkan2] [error] OIDN Error: invalid handle
[2026-10-09 16:43:03.852] [svulkan2] [error] OIDN Error: invalid handle
[2026-10-09 16:43:03.912] [svulkan2] [error] OIDN Error: invalid handle
[2026-10-09 16:43:03.912] [svulkan2] [error] OIDN Error: invalid handle
[2026-10-09 16:43:03.912] [svulkan2] [error] OIDN Error: invalid handle
[2026-10-09 16:43:03.912] [svulkan2] [error] OIDN Error: invalid handle
[2026-10-09 16:43:03.972] [svulkan2] [error] OIDN Error: invalid handle
[2026-10-09 16:43:03.972] [svulkan2] [error] OIDN Error: invalid handle
[2026-10-09 16:43:03.972] [svulkan2] [error] OIDN Error: invalid handle
[2026-10-09 16:43:03.972] [svulkan2] [error] OIDN Error: invalid handle
[2026-10-09 16:43:04.032] [svulkan2] [error] OIDN Error: invalid handle
[2026-10-09 16:43:04.032] [svulkan2] [error] OIDN Error: invalid handle
[2026-10-09 16:43:04.032] [svulkan2] [error] OIDN Error: invalid handle
[2026-10-09 16:43:04.032] [svulkan2] [error] OIDN Error: invalid handle
[2026-10-09 16:43:04.092] [svulkan2] [error] OIDN Error: invalid handle
[2026-10-09 16:43:04.092] [svulkan2] [error] OIDN Error: invalid handle
[2026-10-09 16:43:04.093] [svulkan2] [error] OIDN Error: invalid handle
[2026-10-09 16:43:04.093] [svulkan2] [error] OIDN Error: invalid handle
[2026-10-09 16:43:04.152] [svulkan2] [error] OIDN Error: invalid handle
[2026-10-09 16:43:04.152] [svulkan2] [error] OIDN Error: invalid handle
[2026-10-09 16:43:04.152] [svulkan2] [error] OIDN Error: invalid handle
[2026-10-09 16:43:04.152] [svulkan2] [error] OIDN Error: invalid handle
[2026-10-09 16:43:04.212] [svulkan2] [error] OIDN Error: invalid handle
[2026-10-09 16:43:04.213] [svulkan2] [error] OIDN Error: invalid handle
[2026-10-09 16:43:04.213] [svulkan2] [error] OIDN Error: invalid handle
[2026-10-09 16:43:04.213] [svulkan2] [error] OIDN Error: invalid handle
[2026-10-09 16:43:04.272] [svulkan2] [error] OIDN Error: invalid handle
[2026-10-09 16:43:04.272] [svulkan2] [error] OIDN Error: invalid handle
[2026-10-09 16:43:04.272] [svulkan2] [error] OIDN Error: invalid handle
[2026-10-09 16:43:04.272] [svulkan2] [error] OIDN Error: invalid handle
[2026-10-09 16:43:04.332] [svulkan2] [error] OIDN Error: invalid handle
[2026-10-09 16:43:04.332] [svulkan2] [error] OIDN Error: invalid handle
[2026-10-09 16:43:04.332] [svulkan2] [error] OIDN Error: invalid handle
[2026-10-09 16:43:04.332] [svulkan2] [error] OIDN Error: invalid handle
[2026-10-09 16:43:04.393] [svulkan2] [error] OIDN Error: invalid handle
[2026-10-09 16:43:04.393] [svulkan2] [error] OIDN Error: invalid handle
[2026-10-09 16:43:04.393] [svulkan2] [error] OIDN Error: invalid handle
[2026-10-09 16:43:04.393] [svulkan2] [error] OIDN Error: invalid handle
[2026-10-09 16:43:04.453] [svulkan2] [error] OIDN Error: invalid handle
[2026-10-09 16:43:04.453] [svulkan2] [error] OIDN Error: invalid handle
[2026-10-09 16:43:04.455] [svulkan2] [error] OIDN Error: invalid handle
[2026-10-09 16:43:04.455] [svulkan2] [error] OIDN Error: invalid handle
[2026-10-09 16:43:04.513] [svulkan2] [error] OIDN Error: invalid handle
[2026-10-09 16:43:04.513] [svulkan2] [error] OIDN Error: invalid handle
[2026-10-09 16:43:04.513] [svulkan2] [error] OIDN Error: invalid handle
[2026-10-09 16:43:04.513] [svulkan2] [error] OIDN Error: invalid handle
[2026-10-09 16:43:04.572] [svulkan2] [error] OIDN Error: invalid handle
[2026-10-09 16:43:04.572] [svulkan2] [error] OIDN Error: invalid handle
[2026-10-09 16:43:04.573] [svulkan2] [error] OIDN Error: invalid handle
[2026-10-09 16:43:04.573] [svulkan2] [error] OIDN Error: invalid handle
[2026-10-09 16:43:04.632] [svulkan2] [error] OIDN Error: invalid handle
[2026-10-09 16:43:04.632] [svulkan2] [error] OIDN Error: invalid handle
[2026-10-09 16:43:04.632] [svulkan2] [error] OIDN Error: invalid handle
[2026-10-09 16:43:04.632] [svulkan2] [error] OIDN Error: invalid handle
[2026-10-09 16:43:04.690] [svulkan2] [error] OIDN Error: invalid handle
[2026-10-09 16:43:04.690] [svulkan2] [error] OIDN Error: invalid handle
[2026-10-09 16:43:04.691] [svulkan2] [error] OIDN Error: invalid handle
[2026-10-09 16:43:04.691] [svulkan2] [error] OIDN Error: invalid handle
[2026-10-09 16:43:04.750] [svulkan2] [error] OIDN Error: invalid handle
[2026-10-09 16:43:04.750] [svulkan2] [error] OIDN Error: invalid handle
[2026-10-09 16:43:04.750] [svulkan2] [error] OIDN Error: invalid handle
[2026-10-09 16:43:04.750] [svulkan2] [error] OIDN Error: invalid handle
[2026-10-09 16:43:04.810] [svulkan2] [error] OIDN Error: invalid handle
[2026-10-09 16:43:04.810] [svulkan2] [error] OIDN Error: invalid handle
[2026-10-09 16:43:04.810] [svulkan2] [error] OIDN Error: invalid handle
[2026-10-09 16:43:04.810] [svulkan2] [error] OIDN Error: invalid handle
[2026-10-09 16:43:04.869] [svulkan2] [error] OIDN Error: invalid handle
[2026-10-09 16:43:04.869] [svulkan2] [error] OIDN Error: invalid handle
[2026-10-09 16:43:04.869] [svulkan2] [error] OIDN Error: invalid handle
[2026-10-09 16:43:04.870] [svulkan2] [error] OIDN Error: invalid handle
[2026-10-09 16:43:04.929] [svulkan2] [error] OIDN Error: invalid handle
[2026-10-09 16:43:04.929] [svulkan2] [error] OIDN Error: invalid handle
[2026-10-09 16:43:04.929] [svulkan2] [error] OIDN Error: invalid handle
[2026-10-09 16:43:04.929] [svulkan2] [error] OIDN Error: invalid handle
[2026-10-09 16:43:04.985] [svulkan2] [error] OIDN Error: invalid handle
[2026-10-09 16:43:04.986] [svulkan2] [error] OIDN Error: invalid handle
[2026-10-09 16:43:04.986] [svulkan2] [error] OIDN Error: invalid handle
[2026-10-09 16:43:04.986] [svulkan2] [error] OIDN Error: invalid handle
step: [92m8 / 400[0m{"attempt": 3, "decision": 7, "id": 60, "motions": 8, "left": "pos [-0.12, 0.02, 0.973] quat [0.0, -0.71, 0.0, 0.71] grip 0.00", "right": "pos [0.078, 0.021, 0.976] quat [0.0, -0.71, 0.0, 0.71] grip 0.00", "planner": {"left": "Success", "right": "Success"}, "success": false, "calls_total": 60, "latency_s": 16.64}
[2026-10-09 16:43:20.243] [svulkan2] [error] OIDN Error: invalid handle
[2026-10-09 16:43:20.243] [svulkan2] [error] OIDN Error: invalid handle
[2026-10-09 16:43:20.243] [svulkan2] [error] OIDN Error: invalid handle
[2026-10-09 16:43:20.243] [svulkan2] [error] OIDN Error: invalid handle
[2026-10-09 16:43:20.300] [svulkan2] [error] OIDN Error: invalid handle
[2026-10-09 16:43:20.300] [svulkan2] [error] OIDN Error: invalid handle
[2026-10-09 16:43:20.301] [svulkan2] [error] OIDN Error: invalid handle
[2026-10-09 16:43:20.301] [svulkan2] [error] OIDN Error: invalid handle
[2026-10-09 16:43:20.359] [svulkan2] [error] OIDN Error: invalid handle
[2026-10-09 16:43:20.359] [svulkan2] [error] OIDN Error: invalid handle
[2026-10-09 16:43:20.359] [svulkan2] [error] OIDN Error: invalid handle
[2026-10-09 16:43:20.359] [svulkan2] [error] OIDN Error: invalid handle
[2026-10-09 16:43:20.417] [svulkan2] [error] OIDN Error: invalid handle
[2026-10-09 16:43:20.417] [svulkan2] [error] OIDN Error: invalid handle
[2026-10-09 16:43:20.417] [svulkan2] [error] OIDN Error: invalid handle
[2026-10-09 16:43:20.418] [svulkan2] [error] OIDN Error: invalid handle
[2026-10-09 16:43:20.476] [svulkan2] [error] OIDN Error: invalid handle
[2026-10-09 16:43:20.476] [svulkan2] [error] OIDN Error: invalid handle
[2026-10-09 16:43:20.476] [svulkan2] [error] OIDN Error: invalid handle
[2026-10-09 16:43:20.476] [svulkan2] [error] OIDN Error: invalid handle
[2026-10-09 16:43:20.536] [svulkan2] [error] OIDN Error: invalid handle
[2026-10-09 16:43:20.537] [svulkan2] [error] OIDN Error: invalid handle
[2026-10-09 16:43:20.537] [svulkan2] [error] OIDN Error: invalid handle
[2026-10-09 16:43:20.537] [svulkan2] [error] OIDN Error: invalid handle
[2026-10-09 16:43:20.596] [svulkan2] [error] OIDN Error: invalid handle
[2026-10-09 16:43:20.597] [svulkan2] [error] OIDN Error: invalid handle
[2026-10-09 16:43:20.597] [svulkan2] [error] OIDN Error: invalid handle
[2026-10-09 16:43:20.597] [svulkan2] [error] OIDN Error: invalid handle
[2026-10-09 16:43:20.657] [svulkan2] [error] OIDN Error: invalid handle
[2026-10-09 16:43:20.657] [svulkan2] [error] OIDN Error: invalid handle
[2026-10-09 16:43:20.657] [svulkan2] [error] OIDN Error: invalid handle
[2026-10-09 16:43:20.657] [svulkan2] [error] OIDN Error: invalid handle
[2026-10-09 16:43:20.717] [svulkan2] [error] OIDN Error: invalid handle
[2026-10-09 16:43:20.717] [svulkan2] [error] OIDN Error: invalid handle
[2026-10-09 16:43:20.717] [svulkan2] [error] OIDN Error: invalid handle
[2026-10-09 16:43:20.717] [svulkan2] [error] OIDN Error: invalid handle
[2026-10-09 16:43:20.778] [svulkan2] [error] OIDN Error: invalid handle
[2026-10-09 16:43:20.778] [svulkan2] [error] OIDN Error: invalid handle
[2026-10-09 16:43:20.778] [svulkan2] [error] OIDN Error: invalid handle
[2026-10-09 16:43:20.779] [svulkan2] [error] OIDN Error: invalid handle
[2026-10-09 16:43:20.840] [svulkan2] [error] OIDN Error: invalid handle
[2026-10-09 16:43:20.840] [svulkan2] [error] OIDN Error: invalid handle
[2026-10-09 16:43:20.840] [svulkan2] [error] OIDN Error: invalid handle
[2026-10-09 16:43:20.840] [svulkan2] [error] OIDN Error: invalid handle
[2026-10-09 16:43:20.902] [svulkan2] [error] OIDN Error: invalid handle
[2026-10-09 16:43:20.902] [svulkan2] [error] OIDN Error: invalid handle
[2026-10-09 16:43:20.902] [svulkan2] [error] OIDN Error: invalid handle
[2026-10-09 16:43:20.902] [svulkan2] [error] OIDN Error: invalid handle
[2026-10-09 16:43:20.962] [svulkan2] [error] OIDN Error: invalid handle
[2026-10-09 16:43:20.962] [svulkan2] [error] OIDN Error: invalid handle
[2026-10-09 16:43:20.962] [svulkan2] [error] OIDN Error: invalid handle
[2026-10-09 16:43:20.962] [svulkan2] [error] OIDN Error: invalid handle
[2026-10-09 16:43:21.023] [svulkan2] [error] OIDN Error: invalid handle
[2026-10-09 16:43:21.023] [svulkan2] [error] OIDN Error: invalid handle
[2026-10-09 16:43:21.023] [svulkan2] [error] OIDN Error: invalid handle
[2026-10-09 16:43:21.023] [svulkan2] [error] OIDN Error: invalid handle
[2026-10-09 16:43:21.081] [svulkan2] [error] OIDN Error: invalid handle
[2026-10-09 16:43:21.081] [svulkan2] [error] OIDN Error: invalid handle
[2026-10-09 16:43:21.081] [svulkan2] [error] OIDN Error: invalid handle
[2026-10-09 16:43:21.081] [svulkan2] [error] OIDN Error: invalid handle
[2026-10-09 16:43:21.147] [svulkan2] [error] OIDN Error: invalid handle
[2026-10-09 16:43:21.147] [svulkan2] [error] OIDN Error: invalid handle
[2026-10-09 16:43:21.147] [svulkan2] [error] OIDN Error: invalid handle
[2026-10-09 16:43:21.147] [svulkan2] [error] OIDN Error: invalid handle
step: [92m9 / 400[0m{"attempt": 3, "decision": 8, "id": 61, "motions": 9, "left": "pos [-0.12, 0.02, 1.024] quat [0.0, -0.71, 0.0, 0.71] grip 0.00", "right": "pos [0.077, 0.021, 1.027] quat [0.0, -0.71, 0.0, 0.71] grip 0.00", "planner": {"left": "Success", "right": "Fail"}, "success": true, "calls_total": 61, "latency_s": 14.57}
RUN_DONE complete
